12456733223321	R B' R D' R' D R D2 B' D' B	845873
15724362212132	R B D' R' D B R' D2 B2 D R2	1133301
17452633213232	R B D' B2 R2 B D' B2 D' B2 D2	1298855
54317621111222	R B D R' D2 B2 R D' R' B D2	1146861
35267141223233	R B D B' R' B' D R D' R D2	1185484
65174232323312	R B2 R' B D2 R' B' D' B2 R D	1414234
74163251121122	R B2 D2 B D2 B D' B D2 B' R	1451521
46127352131333	R B' R' B D B D2 B2 R' B D	2641238
12753462231323	R B R2 B2 D R' D2 B R D2 B2	978948
17642533312211	R B R D' B2 D' R' B D2 R' D2	1099611
14736521213333	R B2 R D R2 B' R2 D R B D'	1514173
76514321112323	R B D B2 D B' D' R D' R2 D2	1690439
14723651211212	R B R2 B R' D B2 D B2 R D2	1781984
34167252213323	R B R' D' R B D2 R2 B2 D R	2057257
63752412312323	R D B2 R2 D B' R B' R2 B D'	2798363
65321472111122	R B D B2 D' B R2 D' R2 D B'	1619421
56243713121333	R B R2 D B D2 R' D B2 D2 R	1836743
56271433123313	R B2 R2 D' B R' B' D R D' R	2019905
52736141322233	R B R2 B2 D' B D' R' D R2 B'	2106725
31264572122213	R B D' R2 D' B D B R2 B2 R	2223882
32174562231212	R B R' D2 R' B D R B2 R2 B	1789364
67354121111111	R B R B2 R B R2 B R B R'	2844655
41673521111111	R B D' R2 D B' R D' B2 R2 D2	2157432
37652141113232	R B R D' B2 R D2 R' D R' B'	1623021
35462171221223	R B R D B D' B' D B2 R' B	1378053
25714633121333	R B' R' B D2 B R' D' B R2 B2	2429572
72145631233223	R B R' B' D R2 D R' D' B D	825514
31256471231222	R B R B2 D B2 D2 B R' B2 D2	1246689
17425631122112	R B D' B' R B' R' B R' D R'	2147861
61453721111111	R B D' R2 D B' R D B2 R2 D2	2043418
63125741112323	R2 B R' B D R2 B2 D' R2 D B	3559154
63142571111111	R B R' D' B R2 B R B' R2 B2	3419200
16542372112331	R D' R D R2 D2 B2 R' D' R B2	1187956
65274133232321	R B D' R D' B R2 B2 R B' R'	989130
41765322221312	R B R' B R2 D' B2 D' B D' R'	1876798
71435263311122	R B2 R B' D B' R D' R' B2 R2	2745532
15746321111111	R D2 R B' R B R2 D' B D B2	4071195
13647521111111	R B R D B2 D R' B' R' B2 R2	4765402
23751463112321	R B R' D R D B' R2 D R B'	1897886
56271433111313	R B2 R B2 R2 B' R2 D' R2 D2 B	3128375
31524673332122	R D' R' D' R B' D' B2 D' R' B	1547049
14763252322121	R B R' B' R B2 D' R B' R' D	1376716
75243613213232	R B D2 B' D' B2 R B' D R D'	1207261
46273512122312	R B D' B2 D' R' D' R B2 D' R	1962454
14752632332132	R B2 R2 B' D2 B R D' R2 B D'	1005672
75236143213232	R B R' B R2 B' D R B R' B'	1529814
76342513323122	R B2 R' B' D' R D2 B' D2 B D2	1042687
73615423333331	R B2 R' B D B R' D2 B R' D'	1201230
51647231113232	R B R2 D2 B D2 B R' D' B2 D	1320746
76321543311131	R B D B2 D' B R2 D' R2 D B2	1560339
46157233333232	R B R D' B D' B2 R' D B2 R'	1876871
72356143211123	R B R D2 R2 B2 R' B' D B' D	1766136
23164573213133	R B R B2 R D' R D' R B R	1408358
25736141111123	R D R' D' B' D2 R2 B' R D' R	1494530
64275311112332	R B2 R2 B R' B2 D R2 D B2 D2	1256122
32175461221112	R B R2 D R' D R2 D2 B' R D2	1169314
24315761122322	R B' R2 B' D' B2 D' B R B2 D2	1335503
76325411112131	R B R2 B' R D B D' B R' B2	1167647
34561273233131	R B R' B' D B R2 B2 D2 B R'	1275541
42137653122131	R B2 R' D2 R' B R' D2 B2 D' R	1378392
32547611213111	R B R' B' D2 B' R2 B R' D' R	1667018
32561471211131	R D2 R2 B' R' B R' D2 R B' D2	2460955
14625732233111	R B2 R D' B R D2 B' D R B	1349649
16543271332331	R B2 R2 B D B' R B' D B' R2	1246160
74132562122111	R B D2 R' B' D' B2 R D' B2 D	929237
52341672323222	R B' R' D R' B' D R B2 R2 B	1468736
12354762121211	R B' D R' D2 R D2 B D' B2 D	1629417
34725612331322	R B2 R' D B2 R' D' R' D R' B'	1288141
67354213131311	R B' R D B2 R' D2 B D B2 D'	1124613
16453271211113	R B D2 B R B2 D' R2 B R B2	1591785
52367412322232	R B D2 B' R B2 R D2 R2 B' R	1493009
32647152133121	R D2 R' D2 R' B D' B2 R2 B' R	1587742
63714522332132	R B R D2 R' D R2 B' R2 B D2	991955
72345612122111	R B2 D R' B2 D' R B R' D B	1003627
41532761233133	R B D2 B2 D' R D2 B' R2 B D	1185226
32164573323212	R B2 R B' D B2 D2 R B R2 B'	1292124
27415633321322	R D R' D R D' B2 R D' R B'	2060861
67345211113322	R B D' B' D R2 D B' D R2 D'	1879693
76145231221112	R2 B2 R' D B2 R' B' D' R2 B D	2161688
17526432123233	R D B R' D B' D B2 D' R2 B'	2858921
62135472132131	R B D R2 D' R' D2 B D2 B' D2	954244
14765233323332	R B D2 B' D B' R2 D2 B' D' B2	1112233
56423173132121	R B2 R' B' R2 D R' D2 R D' B2	1295136
34127652111311	R B R2 D2 R' D2 R' B D2 B' D'	1829030
56741231311121	R B R B' R2 B D' R D' B2 R	1640873
53126471231231	R D2 B R2 B' D R' B R' B' R'	1654547
46352171211233	R B D' R D R B' R2 D B D'	1145764
14765231113121	R B R2 D' R' B R' D2 B R D	1982379
14736523113131	R B R2 B' R D2 R' D R B2 D'	902277
72345611221223	R B R D2 B' R B2 R' D R2 D2	800716
16742352232313	R B D2 B' R2 B R' B D R' D2	1238679
16527432231332	R B R D' B2 R2 B R D B' R2	1088749
76341251113121	R B2 R B' R D R2 B2 R D B2	1220908
31527643332122	R B R' B R B' R D' B2 D2 R	883888
76354212313322	R B' R B2 D' B' D B' R2 B D'	2701557
74561231111222	R B D2 B D' R D2 B' R D R'	1602499
47352612123131	R B R D' R' D R2 D R2 B' D2	1482145
53762143222331	R B D' B' D B R' B2 D2 B D2	857094
71263542323123	R2 B' D2 R B R2 B D2 B R' D2	2218572
75346211311211	R B R2 B D' R' B R' B' D2 B	1093501
41735263123223	R B D' R2 B D' R' D' B D2 B'	1172303
54321763113113	R D R' B D2 B' R D' B R B2	1504477
62174351122133	R B R2 D2 B R2 B R D' B D'	1825957
32741651311121	R B D' R2 D' B2 R B' D' B R'	1279730
32465173132121	R B2 R2 D2 B R' B' D R' B R2	1067100
65123472312311	R B2 R B R' D2 R B D2 B2 R'	1338442
14625731111111	R B' D R' B2 R D2 B' D R D	8899821
56423171231321	R B2 R2 D2 B' R D B' D B' R2	1222038
14763253222112	R B' R B' R B' D B2 D2 B' D2	1063761
32147651132222	R B R' B D' B2 R2 B R D B2	1077515
47165322133112	R D R2 B2 D' R' D B' R B2 R	2211098
16257431132111	R B' R' B D2 R' D R B D' R2	1355429
15342671211311	R B R B' D2 R' B R' B' R D2	1194129
36752142122132	R B2 R2 D R' B D' R2 D B2 R2	1945605
56127433332323	R B2 R2 D2 B D' R B' D2 B R	1881992
23156471222132	R B2 R' D R2 B' R' D' R2 B R	1025863
52163473323332	R2 B2 R' D R2 B' R' D' R2 B R	1609232
56143273332323	R D2 R' B D B D' B R' D2 B	2364428
16523473332323	R B R2 B' R D B2 R' D' B D	1162154
36415272123212	R B D R2 D B D R2 B' R B	2866494
65314272313211	R D' R B' R' D R2 D B D B'	2065262
23165472111122	R B2 R2 B' D2 B D B' R2 D B'	1841670
54637211132111	R B R' B2 R D2 B' D B R D'	925413
45623712332123	R B D' R D' B' R' D B2 R D'	1054616
34526713232312	R B R2 D' R' B' R B2 R B D	1901752
35462172312131	R B R' B2 D' B R D R2 D2 R	1764662
56327413213112	R B R' B2 D2 R' B R' B' R D2	878815
21457631321123	R2 B D2 R' D R' D B D2 R D'	2224290
65132473313312	R B R B2 R B' D B2 D R2 B	958010
53621471331221	R B R D' R2 B2 D B' R' D B2	1539789
32167453321232	R B D2 B R' B D2 R' B R B'	1214585
21357463213331	R B2 R' B R' B' R D' R2 D B2	1457888
24157362323111	R B2 D B R2 D2 B' R2 B D' B2	1981542
63751242221321	R B' D B R' B2 D2 B D' B2 D'	1697198
67234513332122	R B R2 B2 D R' D B' D B D2	865415
65134721233232	R B2 D' R2 D R B2 D2 R' B' R2	846327
12376542121232	R B2 R B D2 R' B2 D B R B'	1527431
12347652123332	R D2 R' D2 R B' D' R D2 B D2	1901644
32174561232113	R D R' D2 B R' B' R' D2 R2 B	2617987
14356721322233	R D B' R' D B2 D R D2 R2 B'	2855586
57246131112233	R B D2 B2 R' D R' D' R B2 D'	1896611
17246351111111	R B R B2 R D' B' R B' D2 R2	7098111
76351421113322	R B R2 B' R2 D2 B D' B' D2 B'	758341
63752412322112	R B D B' D2 B' R D R D2 R2	1176223
46127351131313	R B R2 B R' D R D2 R D R'	1987347
71462533111223	R D2 B' D R2 D2 R' D R2 B' R2	1340823
72164353131113	R B2 R D R' B D' B2 D' B R'	1863702
21354671131313	R B' R2 D2 B R' D2 B D' R' D'	1284944
17425631332112	R B D' R' B R' B' R B' D R'	1215826
25463713212332	R B R' B' D2 B' D' B2 R B2 R'	664475
12473561132123	R B' R D R' D2 R' D' B' D B'	1773290
21365742312323	R D R' B R2 D R' B' D' B2 D'	1963124
15367421211113	R D B' D2 B D' R B R2 D2 B2	1894635
13267451122211	R B' R2 D B2 D' B' D2 R2 B R'	2102208
12456731132321	R2 D R' B2 R' B' R' D R2 B D'	2608407
62351743112123	R2 D R' B R2 D R' B' D' B2 D'	2606204
62374513312112	R B R B2 D R' D B2 D B' D2	988922
31257462222221	R D2 R2 B2 D' R' B D' R2 D B'	2080530
16527432211322	R B' R B R' B D2 R2 B' D R2	1258001
47256133321232	R B R B' R B2 R' D R2 B' D'	1436444
14573261333111	R B D2 R D' B R2 B2 D' R' B	1793524
37615422223133	R B2 R D' B D' R D' R' D2 R2	2074872
67145323133312	R B2 R2 B D' B2 R B2 R B2 R2	2358647
14752631111111	R B' R' D' R D2 B' D2 B R' B	2570212
42157633231322	R B2 D' B2 D B D2 R2 B' R' D2	1740524
37614522323312	R B2 R B' D R' B' D R2 D' R	1010940
65274132123332	R B D R' D R' B D2 B' D2 R	1569401
23456173233122	R B' D R D2 B2 R B D2 B2 R'	958548
24615371112332	R B D2 B R' B' R B' D2 R D'	1336713
45732612233321	R B R D' R2 D' R' D R2 D2 B'	1049878
71423563213232	R B R' D2 R' D R2 B' D2 B R'	936889
52713461232323	R B R2 B' D2 R2 B R' B' R2 B	1188904
71435623333331	R D2 R2 B2 D' B' D B' R2 B D'	1233897
16427531231321	R B2 R D B2 R2 B' D' B2 D R'	4132402
76315241223113	R B R2 D R' B R2 B2 D' R B2	1927438
72165433111112	R B R2 B' D B D R' D R' D2	1312681
73625143333313	R B R' B D2 B R2 D' B R' D'	1291567
27543611111123	R D2 R' D2 R' D R' D2 B2 D' R	1535320
34561272232211	R D R2 B2 D2 R D R' D B' D'	2309415
36721452131111	R B2 R2 B D' B D B' R D R	2759719
41725633121123	R B2 R B' D R D2 B' R B D	1542775
34527612231122	R B D2 B2 D' R B2 D R2 D2 R'	2554681
72345612331331	R B R B' R2 D R' D2 R B2 R2	913408
67354211212121	R B R' B2 R D' B2 R D B D2	1032909
65417323223123	R B D2 B' R B' D2 R B2 R' D2	948239
65132471212112	R B D' R D' R' B R2 D' B' R'	1552393
72543163211111	R B2 R' B2 R' D R' B2 D2 B' R	1176527
32561471121311	R B D2 B' R B R D' B R' D2	1488231
32547611121113	R B D2 B2 D B' D B2 D2 B R'	1131387
43675211221331	R B D R B D' R2 B R2 B D2	851521
15642373231223	R B' R B R B' D2 B' D2 B' D2	1056185
41725632322331	R B2 R' B D2 B' R D2 B' R' B2	1084125
36125471222111	R2 B R2 D B2 D B' R D2 R B	1491632
12365471211122	R B2 D B' D2 R' D R D' R D	1778375
63752141122211	R B' R2 D R' B' R B R' B D2	2016673
56423172112121	R B2 D2 R2 B R' D B2 R' D B'	2162795
12376543133132	R B R D' B2 D R' D' R2 D2 B'	911593
32146751232323	R B2 R D B2 D2 B' D R2 B' R'	2451272
63752143123223	R B D R2 B2 R' B' R' D R2 D2	1091167
76145232123332	R B R2 B R2 B' D2 B R' D' B2	1605301
76345123311131	R B D B2 D' B' R2 D B2 D' B2	1581701
17543261132111	R B R2 B D B2 R' B2 D R B2	1551624
76145232233213	R B' R2 B D' B2 R D B D' R	2565490
54367121113331	R D2 B D2 B' D R' D R' B' R'	2163416
54261373123121	R B R D R2 B' R2 B R2 D' B'	828004
34725612111113	R B R2 D' R' D R' D2 B D B	1071778
52743611111213	R B D B' R2 B D' B D' B2 R	1160238
72543612331331	R B R2 B2 R' B R2 D R2 D2 R	1158500
75314621133221	R B R B' R' D' B R D' R B2	1175342
76341251221121	R B' R2 B' D B2 R2 D B' D2 R	1252333
75412631223332	R B R D2 B R' D R2 D R' B2	1202490
74561233111112	R B2 D' R' B2 D B D2 B2 D' R'	1408154
72563411111312	R B R' B2 R' B D B2 R' B R	1146322
25436712323231	R B R' D R2 D' R B R2 D2 B2	1206112
36714252232223	R B R B2 D B2 D R' B R2 D2	1483201
61352472233321	R B R' B D2 B R B R D2 B2	1079090
41725633211111	R B' D B' D2 B R2 D' R D B	1554136
13276451233133	R B' R B R' B2 D2 B R' B2 R'	1701883
21375463333211	R B' R D' R2 D' B' R' D B2 R	1753545
56213743313333	R B R2 B' D2 R2 B R B' R B'	4016580
14763253132232	R B R B' R2 D2 R' D' B D2 R'	1153844
34127651121113	R B R2 B' R D' B R2 D2 B2 D	1208906
65174322313211	R B R B2 R B2 R B' D2 R2 B'	1258997
26435713333133	R D B2 R2 D' B' R B' R B2 R	1537671
67345211111132	R B2 R2 D2 B D' B' D R' D R2	2457235
54376211111132	R B2 R2 D2 B' R B D' B D' R2	2307309
32147652331322	R B2 R2 B' R' B R' D B' R B2	2605249
72143651121113	R B R' D' R2 D' B2 D R' B' R'	1419595
46513272332111	R B R2 D2 B' R B' R B R' D'	815418
12347652123233	R B2 R' D2 R B' R' D R2 B D2	1443911
12376542123212	R B R D' R2 B D' R2 B2 D B'	1426978
76245312132131	R B2 R2 B' R2 B R D' B2 R D'	1696639
74523611131112	R B D' B' D2 B' D2 B D' B' R	1862304
15746322313112	R B R B D2 B D R2 D2 B' D'	1574124
64325713121222	R2 B D' B R' D' R D2 R B R'	4009665
25134672313211	R B' R B' D' B D2 B D R D'	4610693
75264133331213	R B R2 D2 B D' B R B' R2 B'	2188538
31265471312213	R B R2 D' B2 D B D2 B' R2 B	1629022
56213471111111	R B D' B2 D B2 R' D R D B'	2620110
45176231131313	R2 B R' B R' B D R2 B2 D2 R	3825589
74165233132313	R B2 R2 B' R' D2 R' D' R D' R	4416500
56132472333332	R B2 D2 R2 B D' R B2 D' B R'	1079315
12467351231321	R B D B2 R' B R' B D' R2 B	1369139
72365413331333	R B2 R D' B D2 B' D2 R D' B'	2637603
36725413131113	R B D2 R B' D2 B' D R' D R2	1866573
32674152113333	R D2 R2 D B2 D2 R2 D' B2 D2 R	1460849
32547611131112	R B R2 B2 R D' R B2 R2 B R'	1718497
36172452133133	R D R2 D2 R' D B2 R' B2 R B	1657877
74165233131113	R B R2 B2 R' D' B2 D' R' B D'	2930181
15624732133313	R B D2 R2 B R' B D R' B2 R'	1866494
23756411222312	R B R' B R2 B2 D' R B' D' R	1382218
73615241113322	R B' R D2 B2 R2 D B' R B' R	2278183
56347211222132	R B2 R B' D R' B' D R' B R2	1054417
36745213232213	R B R D' R D2 R' B2 D R' D	1154196
46375211211332	R B R' B' R2 D' R' D R2 B' R'	1037883
36125473323233	R B2 R' D B' R2 D2 R D' R B2	1404976
12356741133131	R B R2 B D2 B' R B2 D' B2 D	1197846
14765232232322	R B R' D R' B2 D2 R D R D'	1089133
61235741313131	R B' D' B D R D2 R2 B' R B	3534313
67254311131133	R2 B D2 B' D2 R D' R2 D B D'	1886054
76245311121131	R B D' B D2 B' R D R2 B2 D2	818383
32417652132131	R B2 R' D B2 D B2 D2 R' D B'	1101236
64572131122223	R B R' D2 B D' B' R' D B2 D'	1213109
34617252111212	R B R D2 R B D B2 R' B R'	1465485
17426531313131	R B2 R D B' R B D B2 R D2	1265870
14527631133311	R B R B D2 R2 B2 R B2 R' B	1094553
23165741231312	R B2 D' R2 D B2 R' D R2 D2 R'	1397540
32175462233111	R B D2 R' B2 R B R2 B' D2 B	2410633
37614521323232	R B D R' B2 D R2 D' R D' B	1299972
56721343123331	R B R2 B2 R' B R2 D' B2 D B	1337011
51623743313321	R B R' D B' D' R B2 R B D'	1368795
34125672131312	R B2 R' B2 D B D2 B2 D' R' D2	2135125
36725411313131	R B R2 B2 R' D' R2 D' B' R B'	1198815
74165231313131	R B D2 R B' R2 B' D R' B R2	794044
16547233332323	R B2 R2 D2 B D' R B' D2 B R'	1423914
14725363223213	R B D' R B2 D' R' B R' D2 B'	1104325
16537421223113	R B R2 D R' B R2 B2 D' R' D2	986553
74165233111313	R B2 R2 B' R D' R D' R' D2 R'	1245749
16543721113211	R B R D' R2 B D' B' R D' R2	1189084
13642573221221	R B' R D2 R' D R' D R D' B2	1552311
74152363133132	R B R2 B' D2 B R' D2 R' D R2	774355
74132563131221	R D2 B' R B2 R2 B' D R2 B' D2	1371817
34725611212211	R B2 D2 B D2 B R' D R2 D' R	1414925
17425631322332	R2 B R D2 B R' D R2 D R' B2	2038702
12374561121212	R B R2 B R2 D' R B D2 B R2	1004711
56723411222312	R B2 R B' R D' B' D R' D R2	1057054
76325413222223	R B2 R2 D R B2 R D' B' D2 R	1705139
13246573221233	R B2 R B R' B R B D2 R B2	964119
12543673231223	R B D B2 R' D' B R' B D2 R	969293
43675122222122	R B' D' R D R B2 R2 D' B D	2256691
24615732213311	R B R2 D' B R D2 B2 R B' R'	2654457
76315241322122	R B D2 R' B2 R D B2 D' R2 D	1147944
76342511111231	R B R B' D2 R B2 R' D R' D	1125043
15643271221331	R B2 D2 R B2 R D' R' D' B2 D'	897637
23165472311111	R B D' R D2 R' D B R2 D2 B2	1226543
62543711211113	R B2 D' B' R' D2 B D' R2 D' R2	1214539
76145231311331	R B R' B D' R2 D' R B R D2	1190740
51724362122222	R B D' B2 D B R2 B R' B' D	1387089
23165743331312	R2 B2 D2 B' R B' R2 D' B D' R2	1862909
16745232121313	R B2 R B' D B2 D' B2 R D' B'	2516424
15267431223113	R B R2 D R' B R2 B2 D' R' D	964642
61452731311313	R B' R' D' R D' R' B2 R' D' B	1305567
74523611312111	R B R2 B2 R D' B D2 B2 D R'	1424232
72143653111211	R B R2 B R D' R B D B2 R'	1740215
16745233333313	R D' B2 R B R2 B' D' B2 D' B'	2074766
34561272122321	R B2 R2 B' D' B R' D R' B R2	2265871
52741632123323	R D R2 D2 R B D2 B2 D' B2 R	2564497
72543611221223	R B R D' R2 B2 R' B' R D2 B'	1337440
16543273221221	R B2 R2 B D' B R' D R' B R2	1607815
54367212332213	R B D2 R D' B' R2 B' D2 R D'	1122420
15246371332331	R B R' B2 D2 B R D R' D' R	1166326
71563243221221	R B D' B2 R D' R D R' B2 R'	1358511
54671232221213	R B R2 B D R' B2 R' B' R2 D2	3060036
56147232233213	R B R' B R' B D R2 B2 D2 R	2455329
35624712321212	R B' D R2 D2 B' D B' R' D B	3252088
14325672323222	R B D2 B2 R D B' R D2 R B2	1148291
36745213121111	R D R' B D R B' D2 B R' B2	1535098
74325613133333	R B D2 R' D R B R2 B2 D' B	2036467
34165271211131	R D B' D B R D' R2 D R' D2	1839296
74165231212121	R B R2 B D R' D B' R' B2 R2	1157336
74325613121312	R B' R' B D2 B2 D R' B' R D2	1574639
56743213331333	R D R2 D2 R' B' R2 D R2 D' B2	2667738
34165271131211	R B2 R B' D R D2 B2 D B D2	2073333
17423653213232	R B2 R' B R2 D' B R D R' D2	1010255
12564733323122	R B R B D' B2 R2 B' D2 R' B	1002553
76351423321232	R B R2 B' D' B2 R B' R D R'	1323716
73456123231322	R B R D B' D2 B R' B R' B'	1913517
36745212223232	R B D2 R' D' R D' R2 B D R'	2090025
26513471122121	R B2 R D' B2 R' B' R' D2 R' B	1620995
72163453121213	R B2 R2 D' B D' B' D R2 B' D'	1596413
36725412121112	R B R2 B R D' R B' R' D2 R2	4209840
45327612222323	R B D2 R2 B2 R' B D' B' R B	964784
45312762221111	R B' R' D2 R B R2 D' B2 D R2	1143466
76325411111213	R B2 R2 B D' R D B' R B R	1152095
56321742211112	R D R D2 R' B R2 D' B2 D B'	2084550
12374651111222	R B2 D B' D' B2 R B2 R B2 R2	2070224
53146272123233	R D R B2 R' D R2 B' R2 B R'	2167658
52614372313211	R D R' B D B2 R' D B D2 B'	1763178
31572461122133	R B R2 D2 B R2 B R D' B R2	3139753
43216573212311	R B R' D B2 D' R B' D' R D2	1079773
64231572311132	R B D R2 B' R' D2 R B R2 B	1297147
16475233132313	R B2 R2 D2 B' R2 B' R' D R' B'	1371095
53741621332112	R B' D2 R D' B D' B' D' R D2	1425801
32157641232323	R B2 R B' D2 R D B D2 R' D2	2344163
53741621323112	R B' R2 D R' D B' R' B' R B2	2332556
62471532232133	R B R B2 R B D2 B' R' B2 D	1513412
52341672211112	R B2 D' R2 D' B D' B' D2 B R2	3128733
54167231333213	R B R' B D R B2 D' R D2 R'	1142926
14563272323222	R B R B' D2 B D' R' B D' R2	1090945
31462751113322	R B D' B' D R2 D B R2 B2 D'	1356560
74365211312111	R B R B2 D2 B D B' D2 B' R2	1487614
72165432111113	R B2 R2 B R B' D' B D' B' R	1559192
24561372111131	R B' D2 B R' B R B2 D' B R	1906341
12365472223232	R B2 R D' B R D2 B2 D R D2	1138692
72541631111312	R B' R B R2 D' R D' B D2 B'	1446885
72563411111213	R B R' D2 R' B2 D R' B' D R'	1153136
17426532121211	R B R B' R2 D R' B2 D2 R B'	943671
16725432211121	R B2 R' D R' D R2 B' D' R D'	1200264
61543271112311	R B' R2 B' D B2 D B2 R D B2	1184935
31257643311122	R B D2 B' D B' R B2 R' D2 R	1993149
23167541233322	R B2 D' B2 R D' B' D R' D R'	1336420
34127653111211	R B R D' B2 D R2 D R B' R	1032771
16534723211123	R D2 R B D2 B' D' B2 R B D	3400613
74136522322121	R B R' D B2 R D' R2 D' R B'	1380726
54716232222113	R B D' R B' R B' R2 D2 B' R'	1796840
32647512333233	R2 B2 R' D' B' R D2 R B2 R' B2	1664726
12347653111133	R B2 R2 D B D2 B D' R' D2 B	1797682
36721453121111	R D2 R2 B' D' B R' D2 R D' B2	1549091
34216572213122	R D2 R2 D R2 D2 B2 D' R2 D2 B	2820979
71234563231322	R B2 D B' R D B' R2 D2 B D	1962264
76254313211111	R2 B D2 B2 R2 D' B' R B' R D2	2816395
17463251313113	R B R' B' D' R' B2 D R' B2 R	1440956
64275313312211	R B D2 B2 R2 D' B' R B' R D2	1911503
36745212121223	R B R2 B' R' D2 B R' D' R2 B2	1215677
76145232331313	R B R2 B' R' D2 R' B D B2 R2	1492690
57321642311132	R B R' B D B D2 R2 D B2 R2	2800900
32561473323212	R B R2 B' D B' D2 R2 B' R' B2	1537077
57214632212213	R2 B R' D R B' R2 B' R2 B R	3798274
57364212313211	R B R D2 R B2 R B' R2 D2 B'	4741056
32765411131112	R B R D2 B2 D B D' B2 D' R2	1681845
76231451123111	R B2 D' B R' D' R D2 R D B'	1373214
76325411113121	R B2 R2 B D B' D' B R' B' R	1746717
43176252311132	R B D' B2 R B D R2 B' R D2	1307027
52163471333123	R B R' D B2 D' B2 R D R B'	729282
56741232111113	R B2 D2 R' D R B2 R2 D R D	2200161
75613243133213	R B2 R' B R D R' D2 B D' R'	922760
14765231111213	R B2 D2 R2 D' R' B R' B2 R D	2373361
36147251311121	R B R2 B' D B2 D R2 D2 B' D	1508560
74156322122123	R B R' B R B2 R D' R2 B R2	1436650
74125632121121	R B2 R' B D' B R2 D' B' D B'	1861511
32741651211131	R B R' D' B D2 R' D2 R' B R'	2097067
25763142223133	R B' D2 B R B2 D' B R2 B' R'	2973547
62317453312211	R D' R2 D' B R2 B D2 R B D2	1601700
32561471311121	R B2 R2 B R' B D R' B D R	1256051
32547611312111	R B D' R' D2 R' B2 R B' D' R	1242522
52163473221323	R B R2 B' D R2 B' R2 B D B2	1073394
15324673113311	R2 B R' D' R' D R2 B' D B2 D'	1467846
43571262122222	R B R D' B D' B R' D R2 B	2069924
17462352213311	R B2 R B D2 B' R' B2 D R B	2456161
74513263121222	R2 B R D' B D' B R' D R2 B	2827979
45613272233111	R B2 R2 D' R D' B2 D' R' B R'	3232184
42561733323122	R B R D2 B2 R B R2 D2 B' R'	1112048
42573613322231	R B R2 D' R' D' B R' B D' R2	1239198
47632513212332	R2 B2 R' B' D' R D2 R D2 R' D2	1306727
57364213332122	R B R2 B2 D R' D B' D B D	1124221
46215372313211	R2 B2 R B' D R D2 B' R D R2	6851006
35624712121232	R B R2 B D2 R' D B D2 B R2	2775667
45362712122222	R B D' B R' D' R D2 R B R'	2767109
14765232331313	R B2 R2 D2 R B' R2 D B R2 D2	1036366
76325412231212	R B2 D2 B D B2 D B R2 B' R	2451432
46375212132131	R B R D2 B2 R2 D B' R2 B D'	988898
13762451321321	R B R2 B2 R B2 D R2 D2 B D'	743683
17463251221331	R B R2 B D B' R2 D R B D'	808710
52741633313312	R B R' B D B2 D B' D2 R2 B	1158108
32165743311131	R B R B2 D2 R2 B R' B2 R B'	1165761
16532471111222	R B2 R B2 R2 D B' R' B D' R	2361319
16524731113133	R B2 R B' D2 R2 D' B R D2 R	2226133
76321452123323	R B' D R B2 R B' D2 R2 B R'	1979673
15246371331332	R B D' B R' B2 D R' B D B2	1347815
73541262321212	R B R B2 R B R B2 D' R B	2836489
54217632132212	R2 B R' B R' D' B R2 B D R'	2828455
35624712321332	R B R' B R2 D R' B2 R' B R'	1443170
72145633232231	R B R' D' R D2 R B' D' B D	870791
61534721113211	R B D2 B R' B R' B D2 R' B	1107348
72145633312223	R D2 B R' D B R2 D' R D B2	3319324
21354673131113	R B' R2 B D B2 R' D2 B R B'	925999
67412353332221	R B D' B2 R2 B D2 B R2 D R	1231055
35462173221221	R B' R' D' B2 R B R B' D' B	1033258
74165232111212	R B D' B2 R' B R2 B R' B' D2	824697
62154733321121	R B D' R' D B2 D R2 B' R2 B	760897
23756413322312	R B D' B' D B' R2 D2 R B' R	863389
12374561211212	R B R' B R' B2 D R' D B D2	1244999
12345672121232	R B D2 B R D' B D' B' R2 B2	1883728
15236473231121	R B R' D2 B' D R D' R D2 B2	1892983
54721632212222	R B2 R2 D R D' R2 D' B' R2 B	2391386
76253141211332	R B R' B D B D' R2 B D B'	1132675
34725613132223	R B2 R2 D R D2 R B' D' R2 B	1516247
74561233321313	R D R' B2 R' B' R2 B D' R2 D2	2144144
14367252322232	R B D2 B' R B2 R D2 R2 B' R'	1062174
45713623223132	R B D' B2 R' D R D' B R2 D2	1404040
36125473232222	R B2 D' B' R D2 R B R2 D2 R	3017753
72365413121312	R D' R2 B R B2 R' D' B2 D' B'	1558095
34127651131112	R B R B' R D' R2 B2 D R' B	1586337
34125673133333	R B2 R' D2 B D R2 D2 R' D' R2	1268981
62135743312223	R2 B R2 B2 D2 R' B' D R' B R2	3610696
25163741112323	R B R2 B2 D2 R' B' D R' B R2	2648806
56132473213211	R B2 R D B' D2 B D B2 D2 R'	953730
54231673123121	R B R' D R D B2 R2 B D2 R2	854424
67354213313333	R B D R2 D B2 D B' R' B R2	1884759
32657143121213	R B R B' D B' D R' D B2 R	2635020
36752143211132	R B D' B D2 R' B' D R' B2 R2	1905816
53672142221213	R2 B R B' D B' D R' D B2 R	3484521
26741351232113	R B R B2 D2 R B D2 R2 B' R'	1455323
27415632323231	R B D2 R' B' R2 B' D' R2 B D	1913652
24617532233321	R2 B2 R B' R D R2 B' R B D2	2335592
23147651112323	R B D B2 R2 D B' D' R B2 D2	1304613
63752411223212	R B R D' B2 D' B D R D2 R2	1033748
25731642232211	R2 B R' B D R' B2 R' D2 R D	2925359
21536742222131	R B2 R D2 B' D' B R' B R' D	1532865
25714632223331	R B' R2 D R2 D' B R' D2 R' D	2160315
65714323223123	R B2 R D' R2 B' R' D' R2 D' R	1026533
36741252122123	R B' R B2 R2 D' R B' R' D R2	1356602
14763251221223	R D R' D' B R D2 R2 B2 R D'	1596470
74532163123223	R B2 R' D R' D B2 D2 R2 B' R'	1028343
54367213312133	R B' R B' R2 B R2 B' R2 B R'	2038181
54321673313321	R2 B R' D B2 D2 R' D B' R' B	3449122
13274651112323	R B2 D' B2 D' R D' R2 B2 D' R	1858156
54712362223322	R B2 R2 B D2 B D2 R' B R2 B2	1627028
16753241221112	R B D' R B' D2 B R' B' R' D'	1805884
23756143222331	R B' D B D2 B' R D2 B' D2 B	1003233
46513273113221	R B R D' B2 D' R B2 D B' R	1212446
35462712322322	R B2 R2 B R2 B' D2 R B' D2 B2	1269282
14527632212111	R B2 D2 B R2 B R' D B2 D' R	1314144
24615731122313	R B2 D' B2 D B2 R' B D2 B2 D'	2318716
12376451221211	R B D2 R' D R' B2 R' B2 D' R2	1958903
53162743312223	R' B R' B D R2 B' D R B2 R'	6892907
74163252112211	R B D2 R' B D' B2 R D R2 D2	1142866
75246131333312	R B' R' B D2 R' B R' D' B2 D'	1275974
73615243331312	R B2 R2 B' D B2 R' D2 R B2 D'	2263967
12364571112212	R B2 D2 R D2 R D' R' B' D2 B2	2662020
72163453133333	R B2 R2 D' R B' R' D R2 B' R'	1101184
21367451311331	R B D R2 B D2 B R' D B2 R2	878477
13546271213213	R B D2 R2 B' D R' B D B' D'	843286
56743213121312	R B' R2 B' R D B D2 B2 D B	1348727
12456731233223	R B' R B' D R2 D2 B2 D' B D	1572979
24157361313212	R B2 D B R2 B R2 D2 B D' R2	1541596
74163253133231	R B2 R' B D' R2 B2 R' D' B2 D'	655245
25743611233232	R B2 R D2 R2 B D' B' R D' B	1120204
14527633312133	R B D' B2 R2 D R' B' R B' D	877240
72561342313223	R D' B2 D' B D2 B R2 D R D2	1202954
71345262132131	R D B2 R' D2 R' D B' D2 R2 D	1028857
37256142321233	R B D' R B2 D' R B' R2 D2 B	1155348
36241753212311	R B' R2 B' R D2 R D2 B R B2	1152612
32615473332122	R D R2 B' D2 B' D R' B2 D2 B	1198575
76315243323323	R B2 D R' D B R2 D' B R' D'	1209792
16725431311121	R B R B' R2 B D' R D' B2 R'	1584838
14527631211131	R B' R B R2 D' B' D B2 D' R'	1963952
17463251331221	R B D2 B' R' B2 D R' B R D'	847978
74123563323221	R B R B' D2 B' R B2 D R' B	1277628
14625732113321	R B' R D' R2 D B' D B D2 R'	1429498
74125632131111	R B R D' R2 D R' B D' B2 R'	1972340
74163252131111	R B2 D2 R2 D' B' R B' R2 B D	2373003
15634722123332	R D' R2 B R2 B' D' B2 R2 D R'	2523356
17526431231321	R B2 R B2 D2 R D2 R' D2 R2 B'	4164116
16524731112212	R D R2 D' B' R2 D B' R D B'	2438754
72513641232323	R B R2 B' D2 R2 B R' B' R2 B'	1233164
41725362313211	R B R2 B D2 B2 R2 B R2 B' D'	1651044
25436712132122	R B' R D2 B' D' B D' R2 D R'	1290694
67245131313323	R B D R2 D' R' D2 B D' B' R'	1375450
32156472312332	R B D' R B' D' R2 B2 D' R B'	784187
16725433113311	R B D R B2 D R2 D B' D2 R2	1152844
31275461112233	R B' D R2 B2 D2 R B' D R' B	1483129
41735261323313	R D' R D' R2 D' R' B' D B2 R	926318
16345273122323	R B' D B' D2 R B D2 R' B R'	1429236
23165472111332	R B R2 B R B2 D B2 D R2 D	1207897
23165472132332	R B' R B' R2 B R' D R B2 D'	1275940
13276541323112	R B R2 D' B D' B R B R' B2	1597677
14726531232122	R B' R2 D2 B' R D' B2 R D' R2	2456188
21357462311111	R B' R2 D2 R B D2 B R D' R	2177650
35162742213323	R B R' B D R2 B2 D' R2 D B	2181532
37624513231313	R B R2 B' D B2 D' B R D2 B'	1330683
15243671331221	R B2 R' D B2 R' B D R B' D2	1140629
24173652323231	R B R B' R2 D R' D' R D' B2	1041096
75346122133133	R B R' D' R B R' D2 B2 D B2	1380408
51723643131311	R B R' B D R' B2 R' D2 R D	1927868
71264533131323	R B R2 B R2 B' R D2 B' D2 B	1792365
36721452122321	R B2 R' D R2 B' D' R' D B' R'	1283924
63472512123332	R B R B2 R' D B2 R' B2 R B'	1190301
45367211111132	R B2 R' D' B2 R D' R2 D B' D2	2469393
74152363132232	R B R2 D B D2 B2 R' B' D' B2	1153282
64351272132131	R B D2 R' D2 R B2 D' B D B'	1084738
27615433313213	R B R B2 R2 B D' R B' R B	1238053
24516732233111	R B D R2 D R' B' D R' B2 R'	1861108
37614522313322	R B' D2 R2 B' R B' R2 D R' D2	1901584
36741252122333	R B R2 B2 R' B R2 D B2 D2 B'	1797010
36217452131333	R B' R B' D2 R D' B R D2 R	1986016
16527432333113	R B D2 R2 B2 D R B' R B' R'	1315210
12356741313131	R B R2 D B' D2 R2 D R' B' R2	1014413
27614353311332	R B D' B R' B R' B2 D2 R' D'	1459733
75264313231112	R B2 D2 R' D' B R' B2 D2 R D	1643253
27643513311233	R D2 R2 D R2 D2 B2 D B2 D2 R'	1729957
16547321113331	R B2 D' R2 D B D2 R2 B' D' R2	2785115
53714622233111	R B' R D2 R D' R D' B' R2 D2	1583834
54367121113211	R B D' B2 R2 D' R' B R' B R	1059925
36721452122123	R B R2 B' R B2 D' B' R D2 R2	1029796
65742311212313	R B2 R' B2 R' B R2 D B2 D B2	1699651
76345122311111	R B2 D2 R2 D R D B' R D' R2	1500930
35172461232323	R B R2 D' B' D2 B' R' B2 D B	1662152
67345211112233	R B2 R2 B' R B D' B2 R2 D' B	1904952
34562172232313	R D R2 B' R D2 R' B D' B' R'	1327351
31475261322233	R B2 R' D2 B2 R' B D B' D2 B	1684830
24571631121212	R B R' B R B2 D2 R' B2 R2 D'	1625561
54371621113322	R B R2 B' R2 D2 B D' B' D2 B	731775
63574212123131	R B R2 D2 R B' D' R2 D' R D'	1503650
52741632232211	R B R2 D R' B' R2 B' D2 R D'	1570036
76145231131112	R B D2 B2 D' B D2 R' B' D2 R	1568008
45276131131133	R2 B D' R' D' R D2 B' D B2 D'	1966049
17436521323232	R B R' B D2 R D' B' D' B2 D'	2230381
15642372213311	R B2 R B D2 B' R' B2 D R B'	2404635
25364173223231	R B R D' R' D' R B D' R B2	1149122
64275311222222	R B R D2 B2 R' B D' B' R2 D2	2205524
32164571111231	R B D B' D2 R D2 R' B R' B	1037764
45321671221121	R B' R B R2 D2 B R D2 R2 B'	1079283
34275162112322	R B D2 B' R B2 D2 R B' R D2	1968027
63142573112123	R2 B' R2 D B R2 B R2 B D' R2	3598666
73645211231111	R B' D R2 D' R D' B R2 D2 B2	1175551
36745211211221	R B R2 B D' B R2 D' R B R'	1008318
32765411112221	R B2 R' B R' B2 D2 B D' B R2	1296355
41635721212121	R D2 R' D' R D' B R2 B D' B	2240445
74512361322233	R D R' B' D B2 D B R2 B2 D'	1487492
36725412321212	R B2 R B R' B R' D B2 D2 B'	3027098
64275133231112	R B2 D' B2 D R2 B' R D2 R2 D'	1939164
32147652113333	R B R B' D2 R2 D B D B' D2	1062629
76321453233131	R B2 R2 B R2 D' B R2 B2 R' D'	1211979
35462173131311	R B2 R D2 R2 B D' B R2 B D2	1114432
76254133311323	R2 B D2 R2 B' R' D B' D R2 D	3440327
76342513213112	R2 B R B2 D R' D B2 D B' D2	1458648
37651422312311	R D2 R' B D R D' R2 B D' B'	1747735
76421351131121	R B R B' D2 B' R' B' R D2 B'	1234352
61543271111111	R B' D2 R' B D R B2 R B' D	3168111
34516271111111	R B D B' D2 B' D' R' B R2 D'	2247227
76354121311313	R B R D2 B' R B D' B D' R'	1321366
61527431111111	R B' R B D2 R' D R' B D' R2	2074465
72563413121111	R B R D' B2 R B' D R' B D2	1045235
46512371331221	R B D' R2 B2 R D' B2 D' B2 D2	1242977
65241371111111	R B2 R B' D R D2 B' R D R2	5031987
63471522332132	R B' R' D' B R2 B' D2 B' D R	1106612
12346571111231	R B R' B2 R' B' D' R D2 B D'	714751
74156323133123	R B D2 R2 B D' R D B' R2 B'	801807
56723413222112	R B2 R D' B R' B' D B' D R2	757461
65274131312213	R B2 R B' R D R2 B' R D R	1728395
37516422333311	R B D R2 D2 R D' B R' D B	1373299
76521433232333	R B R' B2 D' B R' D' R2 B D	1226390
72345613333331	R B' D' R D' B' R B2 D' B2 D	1523105
42516372233111	R B2 D' R2 D' R D' B2 R2 D' B	2030831
36217543213112	R B D' R2 B' D R B' D R2 B2	1161533
34651271123111	R B2 D' R B D R2 D R' B' D'	1263472
45167323322231	R B D' R D' B R2 B2 R B D	1242929
52167432131213	R B' D2 R B R2 B' R' D2 R' B'	1898052
34265712212132	R D R2 D2 R' D R2 B' R2 B R	2118940
13246571113232	R D' B' D2 R D R2 D' B' R2 B'	1405691
32145671123333	R B2 R' B R2 D' R' D' B R' B'	941804
74361253211231	R B R B' D' B D' R' D R2 D	864920
36527412221312	R B D2 B' R' B2 D R' D' B2 R2	1643465
71543623111121	R B2 R' B R2 B R2 B2 D' R D'	1301820
34261572133121	R B R' B' R2 D2 B' D B R' D	982311
62135743222331	R B R' B' R D' R2 B2 D' B' R2	1001772
13642571223221	R B R2 B2 R' B2 D' R' D2 R' B'	1301514
34725613311113	R B D R B2 D2 R2 D B2 D' B	1382946
13246752133211	R B2 D' B2 R D' B D' B R' D	1891749
24615733311122	R B R' D2 B2 D R D R' B2 D	2363444
47136252133112	R D2 R B R2 B R' D' B2 R2 D'	1918339
31264573222223	R B2 R D' B2 R B R2 D' B' D	903062
65132472131231	R B R B' D2 B' D B R D2 R2	1015215
54763212322232	R B R' B2 R' D2 B D' B' D B'	1655560
71523463131311	R B2 R B' R2 B' D B2 R B' R2	2042438
72356141232113	R B R' B' D R2 D R D2 R2 B'	1140945
12345673132313	R B' D2 B' R' B D' R D' R2 D2	2641991
42315673112111	R B R' B2 D' B D' R' D R2 D	1224359
16527433312133	R B R B2 R2 D' B R' B R B2	1056812
52471631223113	R B' R2 D R' B D' R' B' R D2	881480
52761431111213	R B D2 B' D B2 D B2 D2 R' B'	1193799
32475163331222	R B R' B2 D2 B R' B2 R' B2 R2	1039247
12763452322232	R B D R' D2 R D' B D' R2 B	1050685
43216573212332	R2 B R2 B2 D B' D' B R2 D B	2025231
16374521112323	R B D B2 D B' D' R D' B2 R2	1641348
34165273133312	R D B' R2 B' R' B2 R D' R2 D2	2211126
53126471231321	R B R' B2 D2 R' D' R D' B R	1134323
17425631223113	R B D B2 D B2 D' B2 R B R2	1222164
31456722111221	R B D R B' D2 R2 D' B2 R' B	1560092
17356242211331	R2 B R2 B R2 D B D' R B' R'	1472039
62374511322311	R B R' B2 D' B D R' D B2 R2	844433
76315243211231	R B R2 B R2 D B D' R B' R'	864098
34621572132131	R B D R2 D' R D2 B' R2 B D'	1095412
45671233112132	R B2 R' B2 R' D R2 B R2 B R2	1541289
32745612322331	R B R B2 R D B' D2 B' R' D2	1206706
45612373112231	R B2 R2 B' D B D' R2 B2 D' R	1586799
56123471223221	R B R B2 D2 B' R' B2 D' R' B	886489
52134761232113	R B D' R' D R2 D B D2 B2 R'	1411671
74361253112132	R D2 B R' B R B2 D' B R D2	1124683
24351761212232	R B D' B' R B' D2 R2 B' D' B2	1581568
61734523222331	R2 B R B' R D B2 D2 R' B' D	1880274
24351673111133	R D B' D B2 D' B D' B R D2	2478933
64531272132131	R B D R2 D' R D2 B' R2 B D2	1284949
71532463221332	R B R D2 R D' R B' D B D	1107662
34127651213111	R B R' B' D2 B' R2 B R' D' R'	1737732
72143651312111	R B R B2 D2 B D B' R2 D2 B	1764201
61234572231323	R B2 D R2 D' R D' B D' B' D	1942849
25314673111313	R2 B D' B R' B R B2 D2 R2 B	3655352
52741362313211	R B D R2 D B2 D R' D2 B2 R'	2143218
16537421111222	R B R2 B' R' D2 B R' B R B'	1000465
54721633313321	R B2 R D' R D' B' R B' R D2	920441
14267351321321	R B D2 R2 B2 R' D B' D' R B	800317
53724612121112	R B D' R B R2 D2 B' R2 B2 D'	1393460
53421671321231	R B R2 D2 B R2 B R' D' R2 D	986898
24351761111123	R2 B D2 B2 R2 D' R' B R' B D2	1785811
41325762313223	R B D2 B2 R2 D' R' B R' B D2	1009291
36125471312111	R B D2 B2 D' B R2 D' B' D2 R	1066173
16342571331221	R B2 D B' D B D' B2 R2 D R	811326
51264732213311	R B R B2 R2 D2 R' D' R D' B	1092712
34561273221233	R B R' D R' D2 B2 D R D R2	1180882
46215372121223	R B D' B R2 D' R2 D' R B' R'	1433734
31754621331122	R2 B R2 B D2 R B D' B D' B'	2014815
71432561323232	R B R D' B2 R B2 R' D B' D	1137760
67354212311132	R B D2 R2 B R' B R' D2 R B'	2247429
76325412333233	R B2 D2 B R2 B D' R B2 R' B	1782768
31265471111111	R B' D B2 D' B R' D R2 B2 D2	1972058
72435163333313	R D' B D' R2 D' B' D' B R2 D	1932969
73654122111122	R D' R2 B R2 B' R' D2 B2 R B'	2171357
16725433333232	R B R2 B R' B R2 D' B D B'	1114175
63725143122113	R B2 D' R2 D R2 B' D B2 D2 B'	1380808
36725412121211	R B2 R B D' R B' D R2 D2 R'	1301587
54716322313223	R B D B2 D2 R2 D' B' R B' R	2096207
36714523132322	R B2 R B D' R B R B2 D B2	891639
56123473223312	R B R' D R D2 R B' R2 D2 B	1351946
34561273311233	R B D B' R2 D2 R' D' R B2 D'	1629189
45213672221123	R B' R B2 R' B D2 R' B2 R D2	1746531
14752363232222	R B' R D R B' R2 B' R2 B' D2	1053011
43527612312323	R B D R2 B' R D' R D' R2 B	1194110
16273541321321	R B' D R D' B2 R2 B R' B2 R'	1081588
32671453123313	R B2 R2 D2 B' R2 B' D' B D' B'	2606772
37426513132313	R B R2 B' R2 B D' R2 D' B D2	1023965
62735143223213	R B' D2 B' R' B2 R' B D R2 B2	1337418
35162473122221	R B D B2 R2 B' D' B' D R2 D2	1115635
43216573132121	R B R2 B2 D' B R' D2 R' D2 R'	1091165
67132541133311	R D' R2 B2 R' B2 D B2 D2 B D'	1865237
35614722321233	R B2 D2 R D2 R B' R' B' D2 B2	1564909
32561472213122	R B R2 B' D R2 B' D' R B2 R2	1647748
25314673111331	R2 B R2 D2 B2 R B D' R D' B	2778651
53721463223312	R B2 R B2 R2 B R2 D R2 D2 B	1106940
62135473132121	R B2 D2 R2 D B D B' R B' R2	1066141
72543613132232	R D R' D R' B R2 D2 B2 R B'	1527059
41756233121231	R B2 R B D2 B R' D' R2 B2 D'	1316049
64271533221212	R B2 D' R2 B D' R' B D' R D'	1739132
74152363133222	R B' R B2 R' D B' R B D' B2	1542428
54321673323311	R2 B D' R' D B' R2 D2 R D' B	2131711
24571362221213	R B R2 B D R' B2 R' B' R2 D	3339337
64713253112111	R B D R' B2 D' R B' D' R B2	984355
45312673231313	R2 B2 R B D2 B' R2 B R' B' D2	1424394
62317453112111	R B D B2 D B' D' R D' R2 B	1239844
71326451211311	R B2 R' D' B' R D2 B R' D B'	1412996
62374513112321	R B' R2 B' R' D' R D2 B D' B2	1752574
21354763312211	R B D' R B' D' R2 B' R2 B' D'	2300436
34561721111111	R B2 R' D' R' D B2 R D' R D'	2336922
32156742333131	R B R B2 R B R' D B2 R D2	1637922
72563412131111	R B R2 B' R D2 R B2 R2 D' B'	1061935
32167451213333	R B2 D' R' B D' R B2 D' B D'	1024364
54361272223232	R B2 D2 R' B D R2 D2 B R D	1427672
24536713231232	R B R D2 B D2 B2 D R' B2 D2	1032401
73516243332131	R B D B2 R2 D R' D R' B R'	1122749
35162473332131	R B D2 R' D' R D R2 B2 D2 R'	1628773
64321572311132	R B' R2 B D R2 B2 D R B R2	2979155
34725612121322	R B2 D' R D R' D B' D2 B' R	4081288
31452671332232	R B D' B D R D' R2 B R D'	1135525
43651722323132	R B' R2 B R' B D R2 B' D R	1410382
36547212221222	R B' R2 D2 R D R B' R2 D R	1578121
65723143321313	R B R2 B R' B' D B' D2 R B'	1609944
43765212222122	R D B2 D2 B' R D2 B' D2 B R	2720100
32765413223312	R B2 R D R2 D2 B D' R D2 R'	720568
17426531232233	R D' R' B2 R' D' R2 D R B2 D'	2960860
52163472131222	R B D2 R2 D R B2 R B R2 B'	1947233
62147353123121	R B2 D' R' B' D2 R B' D2 B' R2	1200355
41725361232113	R B R' B2 D2 B D R D' R2 B	1549883
31265741233331	R D R D' B D' R B2 R B R	1688871
45176231133113	R2 B D2 R2 B2 D R B' R B' R	2274285
45312761113211	R B2 R' B2 R D2 B2 R' D' B2 D2	2211854
76512343213313	R D2 B' R2 D R' B R' B D' B	2551275
14765231133131	R B D B D2 R2 B2 R B2 R' D	1815339
14567231312213	R D R' D' B D2 B D' R' B R	4657262
13462572213311	R B R2 D B' D2 B' D' R D2 B'	1050471
31264752132122	R B2 R D' R B' R' B2 R' B2 D2	1206041
36725413111313	R B' R2 B' D' B R' B R' D2 R2	2069179
71523463331312	R B2 R2 D' R B' R' D R B' R	2311181
45312673132313	R2 B2 R D R2 D' R2 D R' B' D2	2536470
74523611121113	R B R' D' R2 D' B2 D R' B' R	1021801
37624512121322	R D B' R2 B' R B D B2 D2 B	4461457
67342512222113	R B R' B R B' D2 R D' B R'	1032038
72361542333233	R2 B D R' D R B2 R2 D' R' B	2391960
36127451333222	R B R B D' B2 R' D B D B	1642014
51264731113322	R B R' D' R D2 R B D2 B2 R'	1160122
54367211132222	R B D B2 R2 B' R B' D' B2 R'	2290464
35472163222313	R B D2 R' B D R2 D R' B' D	944973
12345761111111	R B R' D2 B' D R' D' B D2 B	10971701
71264533231223	R B' D R2 D' R D' R D R' B2	1968167
25367411211122	R B D2 B2 R B' R B' R D R2	1443630
54612372222131	R B D R B2 D B' D2 R2 B' R	1056293
23751461132123	R B R' D' R B2 R B2 D' R2 D	1461422
32164572312323	R B' R2 D B R2 B R2 B D' R2	2692813
32547613111211	R B R D' B2 D R2 D R B' R'	1434123
32745612313322	R B R2 D B2 R' D' B' D2 B' R'	4056403
74523612111311	R B R' D2 B' D B' R' D2 B R	1810321
45321673113311	R2 B' D R B2 R' B R2 D' B2 D	2981643
34562171321111	R B2 R B R' B2 D2 R D2 R' D'	1232746
14762351221331	R D R2 D' R' B2 D B' R B D'	1353422
72143651131112	R B D' B' D2 B' D2 B D' B' R'	1538700
35246171111111	R B R B2 R D' B' R B' R2 B2	3899540
41625731222231	R B D' B' D2 B' R' D2 B R2 B'	1240636
14763253133231	R B D' R D' R2 B2 R B R D2	1227543
17425631313113	R B D R2 D R2 D' B2 R D R2	2123396
72165433121333	R B2 R2 D2 R D' B2 R B D2 R2	2213260
52147631311121	R B R2 B' D B2 D R2 D2 B' D'	1257610
52471631323112	R B' D2 R D' R B' R' D' R B2	1654086
16427532333233	R2 B D2 B2 R B' R' B D2 R D	1923403
76215341231231	R B R D' R B2 D' R2 D B R2	643926
67354212111221	R B2 R' B R2 D' B' R' D2 B D	759167
14765232211211	R B R2 D' B R' D2 B D R2 D2	1074426
74125632122111	R B R' B2 D2 B' R' D2 R D2 B'	959476
17642531112233	R D B' D' B R2 B R B2 R2 D'	1520097
45621373123331	R B R' D' R2 D' R' B2 D B2 D'	1413310
74156322122321	R B D R2 B' R2 D B D2 B D'	900228
65132472233321	R D B2 R2 D R' B R' B2 R D'	3066180
21367452112112	R B R2 D' R B' R2 B' R2 D' R2	846072
16572433213223	R B D' R2 B2 R D2 R D2 B R	1237167
27134561131133	R B R' B' D R D' R D2 R' B	2187938
52741633321223	R B' D B' R2 B R2 B' D2 B D'	2247116
52763413322312	R2 B R' B R2 B2 D' R B' D' R	2219931
47632153212311	R B' D2 B' R B2 R B2 D B R2	1551960
65274133312223	R B R D' R2 B R D' R D2 R	3017538
14736251111132	R B2 R D R2 B2 R' D' B2 D R'	1315792
74213652323132	R B R' D B R' D B' D2 B2 R	1022411
31257462312311	R B2 R2 D2 B' D' R D' R2 D B'	1667386
54612733322213	R B2 R' D R' B2 D' R B' D2 B2	2002417
74561233233323	R D R B' D2 B R' D B' R2 D'	2054659
12543671211212	R B2 D R' D2 B' R B D' R B	1236971
37624513131323	R B D R B2 D2 R2 D B2 D' B2	1390328
53426171112233	R B R2 B2 D' R B' D' R D2 B'	2093576
14735621221112	R B R' D' B R' B' D B' D R'	1217510
41723562313211	R B R' B R2 D R' D' B' D2 B'	4938737
54163271133221	R B2 D R' B R D2 B' D R D2	1822634
14527632333332	R D2 R' D2 R D' B' R D2 B R2	1068144
14632571111111	R2 B R' B2 R' D' B' R D2 B R'	4589066
16573241123123	R B' R D R2 D2 B2 R' B' R B2	1506860
24731561111111	R2 B R' B R2 D R' D' B' D2 B'	6841256
17543261111111	R D B' R2 B R' B D R2 B2 D2	9278876
52641733212311	R B R' B' D' R2 B2 D' B D' B	1730818
46135272133313	R B R B' D2 B D' R B R' B2	2584970
76354123313333	R B2 R2 D B' D B' R2 B D2 R2	3553168
73615242223133	R B2 D' R D R B2 R2 D' B D	2693152
15236471111111	R B' R2 B' D' B' D R2 B R' D2	5325893
76354122212222	R B R2 D2 B R' B R B' D2 B'	3493465
14625731131121	R B' D' B' D R2 B' R2 B R' D	1828239
47163522131222	R B R' B2 R' B' D' R D2 B' R	1377034
63247511123132	R B D' B D' B' D' R B2 D B'	1725854
14673251111111	R B' D' R D2 B' D B R B' R2	8974410
56123473322312	R B D' B D R2 D B' D2 R2 B	1183182
54126371331221	R B R' B' D R D' R D2 R' D	1076625
32465172132131	R B R B' R D' B R2 B' D2 R	1677947
56423171231231	R B R' B' D B' R2 D2 B' R' D	1476887
63745123122212	R B R2 D' B R2 B' D' R2 B2 D	1587371
37614521111111	R B' D R2 D' R2 B D' R' D' R	1873924
32417562113321	R B' R D' B' D B2 D R D' B	2065469
26743512121232	R B' R2 D' R' D R D' B2 D B	2579524
76341251112131	R B2 D' B' R2 D B D2 B2 D' R'	2891415
32165742211112	R B' D2 R D' B' R D B' R D2	1369827
45376121331311	R D B' R D2 R' D B' D B R2	1190558
63574212313211	R D' R B R B2 R D' B' R B'	2046849
61257343232123	R B D' B2 D B' R B' R2 B2 D2	1043406
76312543322222	R D2 B' R D2 R2 D' R D2 B' R2	1337433
47156322313232	R B R2 B R' D' B R' B' R2 B	748460
63452712333221	R B2 R B D' B2 D B D2 B2 R'	938031
75243611113232	R B2 R B' R2 D R B D2 R' B2	1166322
34567212223232	R D R2 D' B R B2 D' R' D B	2609466
76342511323112	R B D2 R' B R' B D R B' R2	1001446
54367211333213	R B2 R' D B' R' B R B' D R'	1296973
13275643212221	R B2 R2 B' R B2 D' B2 D R2 B'	1424766
46527133111121	R B R' D2 R B' R B' D2 B2 R2	1282938
56123471331332	R D B2 D2 B D B2 D2 B' R2 D	1505160
36752142123221	R B D2 B D2 B D' B' R B2 R	942543
12543672121121	R B D2 R2 D B2 D' B R B2 D'	984431
26153473132121	R B2 R' B2 R B2 D2 R' B' R2 B2	1192535
21376541122211	R D R D' R B' R B2 R' D2 B'	1562435
63752142332132	R B R D2 R' D' R2 B D2 B' D2	1648235
24715631122121	R B' D2 B R B2 D2 R2 B R' B'	1227722
34715262221123	R B' D' R B' D R2 D R' D R2	1714390
12567433232333	R B R' B' R D2 R' B D R B2	1401575
25736141233232	R D2 B D2 B' R D' R D' B' R'	2026533
15367421223113	R B D2 B D R2 B' R2 D R D2	887291
31265471122133	R B2 D R' B D R2 B' R D' R'	1702415
12543673233323	R D R' D B R B' R2 B D' B2	1858658
25736411331113	R B' R B D2 R' D2 B R D2 R'	1127733
74561232221111	R B' R2 B' R D2 B2 R B' D2 R	1290757
15642372231332	R B D' B R B2 R B' D2 R B2	1006732
75314623113122	R B2 R' D2 R' D B2 R B2 R D2	1222437
67245311133233	R B D' R' D2 R' D' B2 R D2 R'	1143425
47321651311133	R B R B R2 D' B2 D R2 B' D'	1395209
32147651213333	R B' R D R' B D2 R2 B' R D2	1223922
56712343211123	R B2 R' B R2 B' D R2 B' R' B	1599858
62134572321323	R B' R D R' B2 D2 B D' R2 D'	1294329
16725431211122	R B R' D2 B2 D' B' D2 B R2 D'	1141246
72143563222331	R B D' R' D R D' B R2 B' D	1096165
12365472321233	R B' D2 B' D B2 R2 D R' D2 B	1491648
17426531121212	R B2 R D B2 R' B2 D R D B'	1125080
37246511112233	R D R' D' B D2 B D R2 D2 B'	1623583
12354763211123	R B2 D' B R' D R2 D R D' R2	1554234
74126352333122	R D' R B D2 B2 R2 D' R' B R2	1883918
12367451123333	R B2 R2 B R D' R D' R D' R2	1159120
13764252323231	R B D2 B D' R B' R B2 D' B	1130730
76321453321133	R B R' D' R B D2 B2 R2 B R'	1354325
31247651113232	R B R2 D2 B D2 B R' D' B2 D'	1336941
35162473323131	R B R' D B2 R' B' R D' R2 B'	1194328
27534161111123	R D' R2 D' R B2 R D2 B D R2	1631575
46273513221212	R B R' D2 R' D' R' B D2 R' B	1670149
63724153121213	R D B R2 D2 B D' R D' R D'	4551471
12637451332112	R B R2 B R B2 D' R2 B R D2	871540
32561471131211	R B2 R2 B R D' B' D B' D' R	1350210
32167452211121	R B D2 R2 D R2 D' B D R2 B'	1154206
12543672331232	R B R2 B D' R B2 R D2 B D2	1068241
54376121322233	R B D2 B2 R' B R' D' B R2 D'	1854822
65132473111331	R B' R2 B R B2 D' B2 R B R'	1661675
17265433111313	R D2 R B R' D R' B2 R' B R'	2753279
76324151112233	R B D B' D2 R B2 R' D R' D'	806766
71462533221113	R B2 D' B D2 B2 D' R D2 B' R2	1889149
14735621223113	R B R' B' R D' B' D R' D R'	993017
47653213232111	R B R B D2 B R' B' R' D2 R2	1459397
42367153111121	R B R' D2 R B' R B R2 D2 B2	1549140
17356241212313	R B R' B' R D2 R B R' D2 R2	1485509
17324561211323	R D2 R B' D B R2 D' R B R2	1446901
46257313312211	R2 D R' D B R2 B R2 D2 B D	3461416
56174232323333	R B' D B R2 D2 B R B2 R2 D'	1901331
47621532232331	R B R' D R' B' R' B D2 R D'	707372
32147651123333	R B2 R D R D2 B D' R2 D' R	1228382
54376211111222	R B R B2 R' D' B2 D' B2 D B2	1263422
35617423131332	R B2 R2 D2 B' R' B D' B2 D B'	1682037
41725631111111	R B' D' R' D R2 B' D2 B D' B	2331710
31275463311122	R B2 D' B D R D2 R2 B' R B	2328055
54362171113133	R B R B D' B2 D R' B R' D'	1095336
73615423213211	R D2 R' D R B D' R2 B R' B'	1409466
67345212111122	R B R D' R D' B D2 B' D2 R	1511431
21376541112311	R B D B' D2 R2 D B' R' B2 R2	1381676
56347212123233	R B2 D' R B2 R' B' R B' D2 B2	1368367
32157642231323	R B D2 B R B' D2 R B D B'	1302119
26153471122121	R B2 D' R' B2 R D2 B' D R B2	1356714
32164572232313	R B' R D' R B2 D' R' B D2 B'	1782036
61453721311112	R B D2 B' D B' D2 R D2 R' B2	1085609
14725362211121	R B' D2 B D R2 B2 D2 R B' D'	1436792
54721632133232	R B2 R' B' R2 D2 B R D B' D2	1155566
72541632131111	R B R D' R2 D R' B D' B2 R	1132350
14527631131211	R B D2 R' D' B R' D2 B R B	1756416
74561232111113	R B2 R D' R D R2 B2 R B D2	2105345
73645213333112	R B2 D B' D B R2 D' B D' R'	1792224
45376211333123	R B' R2 D2 B D' R2 B D' B' R'	957060
52174633223123	R B' R' B' R D' R' D2 R' D' R	1170224
32156471113211	R B R' B D2 B' R B R2 D2 B2	961185
14752631112311	R B' R B' D2 B D2 R' D R B	1603479
56123473222112	R B R' D R' D' B R B' D B2	1280393
63172452312323	R B R B R D2 R B' R D2 B2	1464405
71263541333222	R2 B' R2 D B D2 B R2 B R' B2	1910319
15762342122213	R B D' R B' D R2 D R' D R'	3210835
64357212313211	R B D B2 D R2 D B' R2 D2 B'	4857923
56123471333123	R B2 R' D R' B' R B R' D R'	1349150
21376541111123	R B D B' R B2 R' B D' R B2	1023890
52761432131111	R B D' B2 D' B2 R D' R' B R'	1228989
21354761112311	R B D B' D2 R2 D B' R B2 R2	1339925
54367211213333	R D B2 D2 B D R2 D2 R' D2 B	1701962
47165322132212	R B2 D' R2 D R2 B' D R2 D2 R'	3692178
46375213123121	R B' D2 R D' R' D B D' R B2	1192120
25763411332322	R B D' R D2 R' B D' B D R2	1232296
27613543333133	R B' R B R2 D2 B R' B2 R B2	1700921
23657142121112	R B' R D R2 B2 D R' D2 R D2	2570293
75264133121333	R B R D2 R B D' R B2 D B2	3224617
27314652313211	R B' R B D B2 D B' D' R D'	8116436
46123571111111	R B R' B2 R D' R D' R2 B2 D2	5556360
36725411212121	R B R2 B D R' D B' R' D2 R2	855731
76523413223231	R B2 D R' D R D2 B' R B R2	1375938
35721642221213	R2 B D' R B' D' R D2 R D R'	3946752
54163272233111	R D R B R' B2 D' B R D R	4506794
74165232121112	R B R2 B R D' R B' R' B2 R2	2160648
76245313123121	R B2 R D2 R2 B R D R' D2 R'	1671500
12463751231231	R B2 R B2 R2 D R' D' R D' R	1113818
14762351331221	R B2 R B' R2 D2 R' B R D2 R	1223952
52741633323311	R B D' R D R2 D B' R2 D2 B	1223689
16523741112212	R B R D2 R2 B' R D2 R' D2 R2	963240
16537421113331	R B D2 B D R' B2 D R D B'	1010867
23165471311133	R B2 R B2 R2 D B D R' D2 R'	1897147
14752363222121	R B R2 B R2 B D' B' D R2 D	1105356
76354123211132	R B R' D R2 B' D' B R' D2 R2	1627269
76321452122333	R B R2 B2 R' B D2 R D2 R2 D	1508808
45312672223331	R B2 R' B' D R2 B' R' D' R D2	2075336
74312652333332	R B R2 B2 D B' D B' D R B2	1042717
51642371122313	R B2 D2 R' B' D R' B2 D2 R D	2795375
37624512231212	R B R' B2 R' D B D B2 D2 B	3454833
54712361323313	R B2 D2 R' D' R D' B2 R2 D B	1573744
13627451332112	R B R' B' D' B D2 B' D R' B'	951251
16275341312213	R B2 D' R2 D' B D' B2 R2 D' R	6052151
47265312313211	R' D R' D B D2 R' D R B2 R'	4466533
14763253221221	R B R' B R' D B2 R2 D2 B R'	1431676
36741252122321	R B2 R2 B R B' R D' R B' D2	2246231
56347122333233	R B' R B D2 B' R B2 D' B2 D	1405034
27536412332312	R B2 R2 B' D R' D R2 D B D2	1499339
72561432213122	R B' R D2 R2 B' D B' D' B R2	2203147
16527431312222	R D R' B' D R D2 R2 B2 R B'	3001725
27416532133232	R B D2 R' D B' R2 B' R2 D' R2	873820
16243571132132	R B R2 D' R D' B2 D' R2 B' R2	803554
12546371221331	R B2 D2 R B2 R D' R' D' B2 D2	872527
63725143123313	R2 B2 D2 B' D R' D2 B' R D' B2	2913202
32167451333111	R B D B2 R' B2 R B2 R2 D' B	1274165
76512343332311	R D2 B' R2 D R' D R' B D' R	1760747
21345762223322	R D2 B' R2 B R2 D' R D2 R2 D'	1665977
32561472133313	R B R' D2 B2 R' B D R B2 D2	2194725
74561233131233	R B D' R2 B D B2 D R2 D2 B	1319039
12543673111331	R B D R' D R2 D' B2 R B' R	926572
12357462211112	R B' R B R2 B2 D2 R' D' R D2	1778832
21345762312323	R B' R B' D R2 D2 B2 D B R'	2013513
25436712123122	R B D2 B R B2 D B2 D B2 D	1256518
65132741223323	R B R' D' R B' D B2 R2 D' B'	868419
76543212132323	R B D' R D' B2 R2 D R B D'	1142309
75346213132121	R B D R' B2 D2 B R' B D2 B2	1566512
63725141112323	R D R2 B' R B R2 D2 B R' D'	1854268
14726531223122	R B' D2 R2 B' D B' R2 D B' R2	1279439
13276541323322	R B D2 R' B D' R D B R' D2	1640325
36527411131133	R B R2 D2 B' D2 B D' B' R D2	1298409
46375213333121	R B R2 B D' R D' B' R' D R2	1060746
14736521132222	R B2 R D R' B R D B2 R B2	1525593
35426713131113	R B R B2 D' R B R' B D' B'	1480848
32165742331112	R B R2 B R' D R' B' R' B R2	2052488
76245311213312	R B D' R' D R2 D B' R B2 R'	1144804
74325612221222	R B R2 B2 R' D' R2 B D2 B' R2	1660169
67245311112311	R D R' D B R2 B R2 D2 B D	2535797
41735622313322	R B R2 D2 B D2 B R D' R D	3235703
41736522332231	R B D2 R2 B' R D' B D R' D'	1312249
67435121332112	R B D2 R' D2 R' B D' B2 R2 B	877067
56324171221331	R B R' B R2 D' B D' R2 B2 D	1507402
54326711112212	R B D' B R2 D' R B' D2 R2 B	1551488
12367541331131	R B R2 D2 B' D R' D B D' B'	1851748
36145272131213	R D' R2 D' B R B R2 B2 R B	1994773
67435123123121	R B D2 R' D2 R' D R' D2 B2 D	967441
14735621223332	R2 B D' B2 R' D R D' B R2 D2	2106415
32476513232231	R B' R D' B R2 B2 D2 B' R D	976247
76145233232333	R B R2 B2 D R D' B D2 B D2	1086121
35162472122231	R B R' D2 R' B D2 B2 D' B2 R	1425734
54167233232333	R B' D' R B2 R B D' B' R2 D	1415416
14632571321132	R B' R B' R' D B R2 D' B' D	2014418
47256133212311	R B D' R' D' R2 B2 D' R B' R	1391481
52167433331333	R B' R B2 D' B2 D R' B D2 B'	3153154
37614522113321	R B' R2 D2 B' D B' D2 R B' D2	3340232
16534271111132	R B R B2 D' R B' R B' R2 D	1161154
14763521113211	R B2 R B2 D2 R B2 R' B2 R2 D'	1332065
14327653121213	R B2 R' D2 B D B2 D2 B' R' D2	1168292
71432563323113	R B D2 R' B R2 D R' D' B' D	1707826
14765231111312	R B' R D R' B2 D B2 D B' R	1826412
14723651111213	R B D B' R2 B D' B D' B2 R'	1716423
32174652332132	R B D B' R B' R D2 R' D2 B'	1196749
12345673131323	R B R2 D B' D2 B' R B' R D2	2268089
72345611331332	R B2 D' B' D B' R D2 B' R B'	850255
32165741111132	R B D2 B D' B' D R' D' R2 D	970611
27453161123111	R B R2 D B2 D R2 D2 B' D R	1212549
12745633131131	R B2 D' B' D B2 D R B2 D2 B	1434819
65132471323121	R B' D' B D2 B R' B' R D2 R2	1330843
37615421113322	R B2 R' D B' R B' D R' D2 R2	2395560
32167453222313	R B R D B2 R B2 R B' R2 D2	1099651
76315241113112	R B D2 B D' R B R2 D' B R'	1199603
17452363213232	R B2 R' B R2 D' B R D R' D'	1307568
17362451231321	R B D R' D2 B D' R' D B' R2	1349979
17463251122112	R B D2 R D' B R2 B2 D' R' B2	1515887
76354212312233	R B2 R D' R D R2 B' R B R	2543056
41625373121213	R B R D2 R' D' R2 B D' R' D'	3862517
23165742131333	R2 B2 D2 B' D B' R2 D' R D' R2	4895857
36725413131311	R B' D2 B' D' B D' B R' D2 R2	1036005
34725612231332	R B D2 B' R D2 B' D' B D2 B2	1230364
42615372213311	R D B2 R' B D R2 B2 D B' R'	2412276
16257433223123	R B D B2 R2 B' D' B2 D' B2 D	1098944
46375212113111	R B D2 B R' D' R D' B' D2 B	1162959
14325673311131	R B2 D' R' D B2 D B D2 R2 D	2895015
65174233331213	R B D R' B2 D' R D R B2 R2	3784040
56723413331111	R B R B' R2 D2 R B R2 B R2	1114178
12357461113331	R B2 D2 R D2 R D' R' B' D2 B'	2280566
34275162213221	R B' R B' R2 B' R' D' R D2 B	2023848
32175461113112	R B D2 B R' B R B2 D' B R'	1037065
23165742131321	R D2 B' R2 B D2 R' D R2 D2 R'	2153227
71362453113311	R B R' D' R D R' B R2 B' R	2036120
67321451212211	R2 B R' D' R D R' B R2 B' R	3036442
74265312333233	R B D2 B' D2 R D' R2 D B D'	1261288
76325411111312	R D2 R2 B' R' D B' D2 B D' B2	3705111
14325673232333	R B R2 B2 R' D' R2 B R B2 D'	1189088
53742612323333	R B2 R B' R2 D' B' R' D2 R' D	1277221
31564272212111	R2 B D2 B2 R D' B' D B2 R B	2447719
45736121122211	R D B D2 B' D R2 B' D2 B R'	2273441
24531673123121	R D B R2 B' D R2 B' D2 B D'	1042824
14536273311311	R B D2 B2 R D' B' D B2 R B	1468869
16245371231231	R B2 D R' D' B2 R D2 R D2 R2	1171244
16423572112121	R B D2 B2 R D' B D' R B R2	1046092
73625141112323	R B R2 B' R2 D2 B D B' D R2	1398794
26547313131323	R B2 D2 B' D R' D R2 D' R2 D	1534709
67321542232133	R B D B2 R' B' R2 B D R2 D	1737228
52167432122222	R D2 R' B2 D R D2 R2 D' B' D2	1693775
63741522123131	R B R D2 R B R2 B' R' D2 B	1777711
36547212121313	R B' R D2 B' D2 B R' B D2 B'	2413652
34561273313321	R B' R' D2 B' R D' B2 R2 B' R	1565196
24315762213323	R B R' D R B2 D' R D R2 D'	5567819
76321453323311	R B' D' R2 D B2 D' B D2 B R'	1402883
72143652111311	R B R D2 B' R D' B' D2 R B'	1041419
74523611213111	R B D2 B2 D B' R D2 R2 D R'	1324465
24761531221223	R D R' D2 B R' D B R' B2 R'	1340903
74123653133231	R B R D2 B2 D' B R' D' R2 B	1160794
34527613312133	R B2 R2 B' D2 R' D B2 D2 B' R'	1160264
25413763121222	R B R B' R B R2 D' B D B2	1761591
34165271311121	R B R' D R D B' R2 B R' D2	1485779
36745212131111	R B R' B D B D' R2 D R' B2	1768273
72165433233323	R B' R B R' B2 D R2 D R' D	2817313
12765433121213	R B' R D' B2 R2 D R B' D B2	1642566
12765432222212	R D' B2 D' B D R D2 R2 D R	3540066
14523673121312	R B' D' B D2 B2 D B' D' R D2	2014017
52163472111311	R B R D2 B' R D' B' D2 R B	1037366
34165271121311	R B2 D' R' D2 B D B2 D2 B' R'	1407007
56743212221222	R D B2 D2 B' D' R2 B R2 B' D2	3974541
36147251121311	R B2 R2 D2 B R' D B' D2 B D	1392548
74163253121111	R B' R D R2 B' R' B D2 B' R'	1798539
72361453232333	R B R B2 D' R D' B' R2 D B'	1296003
63125743131233	R B R' B D' R B2 R2 B R B	1655377
16327453232333	R B R2 D2 R' B2 R' B D2 B' R'	1231457
32765413231223	R B2 D' R' B D2 B D B2 R2 B	1050759
43572612312323	R B2 R' D2 R D' B D' B2 D R	2506472
71453623311122	R D B2 D' B D' R B2 R' D2 R	2968164
47632152233321	R B R D2 B' R B' D R' D2 B	1176553
74125633133222	R B D2 B D2 B' D2 B' D R D2	944116
46321752111131	R B' D2 B D' R B R2 D' B R	927156
15647233213232	R B R B' R2 D2 B D' B' D R2	1015603
54721631122121	R B2 D' R D2 R' D' B R' B2 R2	1448371
12374562111212	R B' D B2 D2 R' D R' B' R B	1311675
26517343333313	R B2 R2 B D2 B2 R2 B' R2 B2 D	2196712
24315673311311	R2 B D' B' D' R D2 B' D R2 D'	2855559
12745633313333	R B D' R' B R' D' B D2 R' D2	2208165
32145671132222	R B2 R' D B' R2 D2 R' B' D2 B'	1093158
16537421332112	R B R2 D' R' B' R' B R' B2 R	967803
52341671122211	R B2 D' R2 D' R D' B' R2 B R2	1300226
37561241311112	R B2 D' R B' D' R D2 R B D'	1276653
74163253131332	R B R' B2 D2 R' D B D B2 R2	1951469
72541631113121	R B2 D2 R' D B R2 B2 D R B	1312733
36527412322232	R B D' B D R D' R2 D B' R2	1647505
14527631311121	R B2 D2 R2 D' R' D R' B2 R B	1981906
52761433121111	R B R' B' R B2 D' B2 D' B R'	1137260
52743613121111	R B' D B R2 D' B R' B R2 B'	1264037
37415622333221	R D2 R' D B R D' R2 B D' R'	1897310
45367122223133	R B' R2 B R B2 D' B D2 B' R'	2159186
23174652123131	R B R2 B' R D2 B' R' D2 R B'	2897937
27534162311111	R B D B' R2 D B' R' B D' B2	1106239
16725432232223	R B R B' R D2 R' D2 B R' D	1117938
73625412222323	R B D2 B2 R B' R2 D B R2 D2	1539027
23756413222112	R B D' R B2 R2 D' R D' B' R	1242001
32167451222222	R B D' B2 R D B2 D B2 D2 R	1388672
73542613132322	R B R B2 R' D B2 R' B2 R B2	888087
67354213111313	R B' D R B2 D' B2 R D R2 D'	1215529
67452313321232	R B2 R D2 R2 B R' B' R B' R	2335793
36745212122312	R B' D' B D' B' D B2 R' D2 R	1742714
27546312231122	R2 B2 R D2 R2 D B2 R' D2 R2 B	2560924
41765231233232	R B2 D B' R' D2 B R2 B D2 B2	839087
74251633111313	R B R' D R B' R2 B' R2 B R	2852873
16534273211111	R B' D2 B' D B2 D R2 B D B2	1216121
63174522332132	R B R2 D' R2 D B2 R' D R B'	859049
54367122311111	R B2 R' B2 D2 R' D2 R' D' R2 D2	1455858
27615431312333	R D B D2 R2 B D' B R' D R'	1620248
71264533231313	R B D2 B' D2 B D' R2 D' R D2	2267076
14625732213323	R B R2 B D R' D2 R' D2 R' B2	2399697
15672433312133	R B D B' D B' R B' R B2 D	1109514
16574231113133	R B R2 D2 B2 D' B R' D' R D	960580
71625433213133	R2 B D B' D B' R B' R B2 D	1775765
36741252123323	R B2 R2 B' R D' B R' D R B2	2563216
46721533123313	R B R2 B' R D' B R' D R B2	2993363
25471631312213	R B' D R2 D R' D R' B' R2 D2	1860373
45176233131113	R2 B D' R B' R B R2 D2 B2 R	3993343
57264132111323	R B2 R2 B R2 B R2 D' R B2 R2	2915431
56347213111211	R B' R' B R2 B D B' D' B2 R	1819374
65314272311132	R B R B' R2 B' D' R B2 R2 D'	1338907
21354762213311	R B R' D2 R B R' D R' D B2	2220129
32164571232323	R B R2 D' B R' B R B D' R2	2347460
52741632212213	R B D2 R D' R' D2 R' D2 B D'	1909449
71562433123232	R B D B' D2 B' D R2 B R' B	1066828
12346751113133	R B2 D R' D B D' R2 B2 D R	2829025
75641323232111	R B2 R' D2 R' B R2 D B2 D R2	1485929
52741632212231	R B2 R' B R' B' R D R' D B'	1262766
16527432231122	R B R' D' B D2 R' B R' D' B	1055751
31267542222233	R B2 R D R' B R2 D' R D B'	1554671
31265471321111	R B R2 B D' B D B2 R' D R'	1169079
37612453122233	R B R' B2 D B' R' B' D R2 D'	1183556
35462171131313	R B R D2 B2 D' B' R2 B' D2 B2	1561039
24615731132333	R2 B R2 D2 B2 D' B R' D B2 D'	2591899
73642511113322	R D R' B2 D R' B' R' B2 R2 D	2776710
74512362313223	R B R B' D2 B' R' B D2 R' D2	1101451
63752143212323	R B R B2 R2 B D R' D B' R'	910751
76543212323213	R B D2 R' B R' D2 B D B2 D2	1099412
14325673123232	R B2 R' D R' B2 D2 B R' D B2	1244226
31452672322331	R B D' B' D B2 D B2 R' B2 R	1263367
76524313331222	R B2 R D2 R2 D B2 R' D2 R2 B	1593067
25471362323132	R B' R2 B D' B D B2 R' D R	1885452
56723413221212	R B D2 R2 D B R2 B R B2 R'	2196747
45613271331221	R B R' B2 R' B D2 R' D2 R B'	664999
15763242323132	R B D R2 B2 R' B' R2 B' D2 B	1070992
32145671333333	R B2 D' B D R' B R' D2 R' D	1442639
26415731322323	R B R B' D2 R B D2 B' D' B'	1434165
14736521321231	R D' R' D2 R' D' B2 D R D2 B'	1814833
37615422211133	R B2 R D' R B' D R' B' D2 B2	2618877
36527412211322	R B2 D' B' R D' R B2 D' B R'	2622905
34716522223211	R B2 D' R2 B D' B R' D B' D	2889775
52714633213223	R B2 R' B' D2 R D' R2 D R' B2	1073350
12345673231313	R B' R2 B' R' D B' R D' R2 D2	993623
32756141233121	R B2 R2 B D2 B R2 D' B D2 B2	1302363
24651731113223	R B D' B D' B D2 B2 D R D	1189527
26371453112111	R B2 R' B' D' R D2 B D' R B'	1427039
43176252123131	R B R' B2 D R B R2 D' R D2	1818990
14567231321123	R D R' B' D B2 D B' R' B R	1533073
27534161111111	R B R B2 R D' B' R B' R2 D	2960215
52147631211131	R B R B' D2 R B' R B' D B2	1278768
64321572132131	R B' R2 B R D2 B2 R B D R2	1445800
23156471333132	R B R B2 R B R D' B2 R' B2	1073004
54276132233312	R B2 R' B R' B2 D' B R' D2 R2	1562372
43572161111111	R B2 R' B' R' D R2 B D' B D'	2088299
27516341111111	R B R B2 R B2 R B R B2 D2	2183107
25137461111111	R B' R B R' D2 R' D' R' B D'	3702412
14735621332112	R B R D2 R D2 R' B2 D B R2	953416
32451762331121	R B R' B' D B2 D R2 B' R2 B	1249424
32546713323212	R B D B D' R2 B2 R' B2 D' B	982748
14752633223231	R D R B' D R' B' D2 R2 B' D	1301251
12745632222221	R B D2 B' R' B2 R' B D R2 B2	1293668
37614252221123	R B2 R' D R' B' R B' R2 B R2	1496674
53126471321321	R B' R' B2 R D R2 B' R2 B D2	1772780
47653213211231	R2 B D2 R' D R D2 B R B' D'	1479664
73645213112231	R B D2 R' D R D2 B R B' D'	1053312
14652733321331	R B R B D2 R D' B2 R2 D' R	1106772
72143651213111	R B R2 B' D B' D R2 B2 D2 B	998996
34127651312111	R B D' R' D2 R' B2 R B' D' R'	1081576
73645122222311	R B D B D R' D2 B D2 B R2	1470204
32754163211123	R B R2 D B' R2 B' R' B R2 D'	1506107
63741252222323	R B2 D B2 D' R D' R B' R' D	1575242
25314673131311	R2 B R' D B' R D B2 R2 D2 B	2856791
63714521112323	R B D2 R' D' R' B R' B R' B2	2195670
17364251231231	R B2 D' B2 D R D2 B2 R' B' R2	1172604
15642373221323	R B D B D R' D' B R2 D' B	1559868
17362452213311	R D' B2 D' R B2 R B2 D B D2	1607410
45273162222122	R B2 D2 B' R B' R D2 R' B2 R	1898266
72546311323112	R B2 R D R2 D2 R' B R2 D' R'	1131545
36754123232222	R B' D B2 D' B R' B D R' B2	1929929
12375461111222	R B2 R' D R2 B' R D R D' B2	2515217
74321563311131	R B D2 R' D2 R D2 B' D B D'	1484116
43615271333312	R B R' D R2 D R2 B' D B' R'	639395
41657321222312	R B R' B R' D B2 D R' D B2	1312380
76315241323313	R B2 D B' R D R2 B' D B' R'	1748510
13642571221223	R B R2 D B R2 B2 D' R' D' B2	1158845
43576211123222	R B2 R D B2 D R' D' B2 R2 D'	1812481
54321673313312	R2 B R' B' D B' D2 R2 D R' B	2729076
75312463333133	R B R2 B' D2 B' D B R' B R2	3780356
45612373132121	R B D' B R' D' R2 B2 D' R D'	940747
25134672312323	R B R' D2 B R D B2 R' D B2	1527077
34561273321223	R B D R2 D2 B' R B' R D R2	1184716
74163253332323	R B D2 B' D B R D' R D' R2	1739363
52463173212332	R2 B R' B' D' R B2 D' B D2 B'	1578653
65174232123131	R B R2 D2 B R' B D' B2 D B'	1441774
73645211321111	R B R2 B R' B D R2 B' D R'	1144432
73615243332311	R B2 R2 B' R D2 B' D2 B D2 R'	1374915
72543611332331	R B2 R D B D2 R B' D2 B' R	1212823
54621372211121	R B' R D R2 B2 D R B2 R2 D'	1991200
41762533123331	R B2 R B D' R B2 D' B R D'	1647348
36714523132223	R B2 R B' D2 R B D2 R' B' D	1404908
34561273321133	R B2 R2 B D2 R' B R2 B2 R' B'	2025617
51724363121213	R B D' R2 D B R2 B D' B' D	3923487
54167232112112	R B2 R' B' D2 R2 B R D R' D2	1230485
73246153312211	R B D R2 D2 B2 D' R' D B' R	1153746
34165271112212	R B' D2 B' R B2 D2 R D' B2 R	1401723
32164571111111	R B' R D2 R' D2 B D' B' R' B	5746141
75321461311112	R B2 D' B R D R2 D R' D' B'	798969
36217541223311	R B R2 B' D B R2 B2 R B D'	1312849
32167453313333	R B D2 B' D' B2 R B' R' B2 D2	1324968
13675242331313	R B2 R' D R D R' B2 D B' R'	917550
26573413331312	R B R2 B2 R' B D2 R' B2 R B	1668755
71435263211123	R B2 R B' R B' R B' D' B2 D2	1645897
45637123332122	R B R2 D B2 D B2 D2 R' B R	1029752
15734622331223	R B R B D B' D2 R B2 R B2	1028903
12376541232233	R D' B' R2 B' D' R2 D B R2 D'	2478927
47152631322131	R B2 R2 B' R B' R D2 R D R2	1369085
14723652322121	R B R2 D' R2 D B R2 D' R2 B'	857287
32765412221312	R B D' B' R B' D' B R2 D' R2	1008009
36725411131313	R B R2 D B' R2 B' D B' D R2	870673
76154323333112	R B2 D2 R' B' R D' B2 R2 D R	1617137
56721432312233	R D R B' R' D R' D' R B2 R	2505807
67321451111123	R B R' B R' D' B2 R2 D' B R	2131050
47512632312323	R B R2 D2 R D' R' D2 R' D B'	1339463
24651731333333	R B R2 B D' B' D B' R2 D B'	1079971
43561271111111	R B R D' B2 D' R' B' R B2 D'	2167435
47632153232321	R B' R2 D' B R B R2 B D' B	1621802
73516243323113	R B R B2 R2 D' B D' R2 B2 D'	603544
47621533231121	R B2 R B' R D R2 B' R B D2	1262519
63471522123131	R B' R' B' R D2 R' D2 R' D R	1723977
23674153232321	R B D R' B2 R' B' R' D R2 B'	999623
47156233233113	R B' R' D R2 D R' B' D B2 D2	1675239
41236753232321	R B' R' B R' D2 B' D R D B2	1677925
52761431111312	R B D B' D2 R D' B D' B D2	1239219
14735621333111	R B R B2 R D2 R' D2 B D R2	1171697
51324763113332	R B R' B' D B D' B2 R2 B R2	1431528
25137461211323	R B R2 B' R D R2 D2 R B R'	1854053
76345123312211	R B R B' R B' D' B2 R2 D' R	1696964
54367121112212	R B' D' R2 D B R2 D' R2 D B2	1931992
72165433331213	R B D' B2 R2 D' R D R B2 D2	2347535
52367142211121	R B2 R B' D2 R' B' R' B2 R' D	1887166
65271432231233	R B R B' D R' D R2 D B D	1331169
74523613111211	R B R D' B2 D B' R' B D' B2	1180264
71264533221323	R B R2 D B' R2 D2 R B' R' D2	1411177
25134672233321	R B D' R2 B R D R2 B' D B2	1617827
24715363311332	R B R' D' B R' D2 B2 R' B' D2	1387792
32547612111311	R B R' D' B R2 B' R B D B2	1361745
54312673311311	R2 B' R D B2 D' R B2 D' R2 D	1610203
35461271111231	R B' D2 B R' D R2 B' D2 B R2	1571907
12745632232211	R B' R2 B R' B2 D B D R' B	1010662
37624511232233	R B' R' B2 R' B' D2 B D B2 R'	1544307
71456321322323	R B2 R D R' B2 D2 R D2 R' B'	1370129
32561471122211	R B2 R' B2 R D' R' B D2 R D2	1888141
42673512232133	R D B R2 B R B2 R' D' B2 R	1532429
14763253133222	R B2 R2 B R2 D' B D2 B2 D' B'	1472714
35762142222113	R B2 D2 B' D R' D2 B' R D' B2	1813504
13254761322233	R B' R' D2 B D' R' B D' R2 D'	2197009
25736411133113	R B' D B D2 R' B2 D R B2 R'	1125926
13246572331232	R B R2 B D' R B2 R D2 B D	919718
74165233131323	R B R' B D' R' B2 R' D' B2 D2	1300888
12347651122112	R B' D R2 B R2 B' D B' D2 B2	1570650
34562171321231	R B R B' D2 R D2 R' B R' B'	1603339
56732143122113	R B' R' D R2 B' R B' R' B2 R'	1440570
65123471112311	R B R' D' R' D2 B2 R' B R' B	1443827
25631741212121	R2 B R' D B' D' R B2 R B D'	2035822
31247651323232	R B' D2 B D' B D2 R' B2 R B2	1070877
12376543133231	R B R D B2 R2 D2 R D2 R' B2	901620
72165433221233	R B2 R' B R' B2 D2 B' R' B2 R'	1196756
54367212333113	R B2 R' B D' R' B R D' B R'	1315180
15672341113232	R B' D' B2 R D' B' R B' R2 B'	1603286
52341673323212	R2 B R D2 R B' R D2 R B2 D	2030805
26714531212133	R B R' D B' R D' R2 D R2 B'	2434083
15637423211123	R B R2 B' D B' D R2 D' R2 D	2765292
47156233322312	R B R' D R' D' B R2 D' R' D'	958369
75234161322233	R B D R' B2 D B2 D' B R' D'	770529
54261732231233	R B R' D B' R D' B2 R2 D' B'	1380663
15642373212311	R B R' B D2 R' D' R D' B2 D2	2033674
25716431212223	R B D' B D' R2 D R B2 D' R	2639011
74165231131313	R B R' D R' B' R2 B' R' B2 R2	2927651
64357213312211	R D R' B' D' B2 R2 D' B R' D	2614605
16345271222111	R B' R B2 D R2 D' B D' B2 D2	2869490
47251363131113	R B' R2 B R' D B' R2 B' R B'	1588006
63251743133231	R D R' B2 D R' D R D' B2 D'	1704597
12537461332112	R B D2 R D' R D2 R2 B' R' D	949476
54217362233213	R2 B' R2 B R' D B' R2 B' R B'	2327561
53761242121211	R B R B2 R2 B' D2 R B D B2	1483751
63752143223123	R B' R2 B D B2 R2 D2 B D' R'	1172933
12354762121112	R B2 R' D R2 D R B' R' D R2	1476752
31265471122112	R B D2 R D' B R2 B2 D' R D2	1044963
35416721113112	R B2 R D B' R2 D2 B R2 B' D'	929504
56347212111221	R2 B2 R' B R2 D' B' R' D2 B D	1185398
72513641233322	R B' R2 B R' D B2 R' D2 R D2	1441522
14763521113223	R B R2 D' R' B' D R' B D' B2	1231856
17526431131121	R B D2 R' D' B' D R' D B' D2	1455166
36125471212112	R2 B R B2 R B' D B2 D R2 B	1618202
74132562121121	R B2 D B2 D R B D R2 D B'	1633950
15463271313113	R B R2 D R' D R2 D2 B' R' B	1732817
35126741232212	R B2 D2 B' R B' R2 D' B D' R2	1086520
36547213331333	R B2 R' B D' R2 D B2 R' D R'	1114718
14726532232313	R B2 D B D2 R2 B D' B D2 B'	1375518
76253413322312	R B2 R D2 R2 D B2 R D2 R2 B	1379885
76342513322111	R2 B R' B2 D' B D R' D B2 R2	1403212
32175462312323	R2 B R2 B' R D R2 D2 R B R'	3379236
26435713311122	R B D' B2 R2 B R B D' B2 R	2567996
34675212222122	R B' D R' B2 D B' D B D2 B	3725504
56347211312111	R B R B' R2 B' D' R D B2 R'	1484759
63752141123213	R B R' B2 R' D B2 D2 B' D2 R	1400147
74561233321133	R B R2 B D2 B' D2 B' R D R2	1623719
47156321133311	R B' R D2 R D R B' D R2 D'	2080620
54716321112323	R B D' B2 D B' R B D2 R2 B'	1867598
24563711121212	R B R' B2 D' R' B2 D B D2 B2	1922276
76345122211112	R D B D' R B' D B2 D' B2 R	2053440
73542613132121	R B D R' B2 D2 B R' B' D2 B2	926751
15627431332112	R B D2 R D' R D2 R2 B' R' D2	1176669
13246572321332	R B2 D R2 D R D B R2 B R'	1092053
36125472111311	R B R2 B2 R' D' B2 R B D2 R'	1835285
75241632222323	R B D2 B2 R B' R2 D B D2 R2	1926071
76341253233131	R B R2 B R2 B' D2 B' D B R2	982270
53642171111111	R B R' B2 R D' R D R2 B2 D'	2147994
24715631122133	R B R D2 B2 D' R' B' R B2 R2	2912291
47156322332132	R B R D2 R' D R2 B' R2 B' R2	1580562
32174652312332	R B R2 B2 D' R D' R2 D' B2 D'	780475
32156473223123	R B R B' R B2 R' D2 B R' D	950976
47156233223312	R B D' B D' R' B D2 R' B' D'	1004563
16745233121213	R B R2 B2 R B R D' B2 D' B	1612824
23157462131123	R D B' R B' D R' B2 R D2 B'	2075555
26435712311132	R B R B2 R2 B R B D' B2 D'	2913234
62371453311311	R B D' B' D R B' D R2 D' R	1042360
14753261221112	R B R2 D R' D R2 D2 B' R' B2	1417841
45612373332122	R B2 R2 D2 R' B D B2 D2 R2 D'	1067706
32147653112222	R B D B2 D2 R' B D' R D B2	1089241
17426531223221	R B R B D2 R2 B2 R B2 R' B2	757354
16427531211311	R B D R2 B2 D R' B' D B2 R2	1492231
21357642221132	R B2 D B2 D R B2 D' B R' B2	1723850
72165433321223	R B R' D2 B2 R B' R' B D' B	1169115
52341672323312	R2 B R2 D B2 D R' B D2 B D	1337764
72643513212311	R B D' B R2 B' R B' D' B D2	2631932
17426531331332	R B D2 R' B' R' B2 D B' D2 B	803205
23176453332233	R B D' R D' R2 D B R2 D' R	1586507
74165233131311	R B2 R2 B' R B' R D' R' B2 R'	1264821
73642511113232	R B' D' B2 R D R2 D' R' B2 R'	2294392
24637512311132	R D R B2 R B R2 B' D' B2 R	3093053
14723652331232	R B2 D B' R2 D' R B D' B R	1002267
27634512233321	R B2 R B R2 D2 R' B' D2 B D'	1356609
32657412111212	R B R D2 R B D B2 R' B R	1215382
52741362313223	R D B' D' B' R2 D2 B' R B' D	1072771
14736251112332	R B R D2 B2 R B' D' B D2 R2	1215402
14736521133131	R B D B D2 R2 B2 R B2 R' D2	1020568
72543611223221	R B D' B D' R2 B2 R D B D2	1262393
76213543311332	R B D' B R' B R' D2 R B2 D'	1644723
76341252323333	R B2 R' D B' D R2 B' R' B D'	887071
32147562313223	R B R D' R D2 R' B R' D B2	1044571
12745632212213	R B' D2 B R' B2 D B R D' B	1902817
14736521211212	R B R2 B R' D B2 D B2 R D	987715
62453713311122	R B' D B2 R' B D B' R B2 R2	3267723
67354213211132	R B2 R' D' R D2 B' D' R' B R2	2822251
32145671221112	R B' R D2 B R2 B' R B' D2 B2	1466912
36152742131321	R B2 R2 B D2 B' R2 D R' D2 R2	1938116
47132562311111	R B2 R B2 R' B2 R B2 D2 R2 D'	1648324
74165233231313	R B2 R2 B' R' B2 R' B' D B' R	4451370
35461271321231	R B R2 D2 B R2 B R' D' R2 D'	1759217
73645211332112	R B D2 R D' R D2 R2 B' R B2	1976054
65132471222111	R B R' B D' B' D B2 R' D' R'	892562
75634123323122	R B D2 B' D2 B R' B R B' R2	1043958
15624732123212	R B' D B' R2 B D2 R D' B2 D	1461305
76354212333332	R B2 R' B R' D2 B2 R' B' R2 D'	1315769
71542633132322	R B R2 D' R2 D R2 B' D B R'	1010342
76145231122112	R2 B2 R' B D2 R' B' D' B2 R D	2152166
12543672321332	R B2 R' B R' D B2 R' D' B R'	1068973
73564213321322	R B2 R B2 D' B' D R' B R' B	1209267
75143263231313	R B2 R2 D2 B' D2 B' R' B R' B'	1368531
74653213133222	R B D' R2 B D' R D B' R2 B'	1027516
73542163321133	R B2 R2 B D2 B2 R2 B D2 B2 R'	1129814
21354761112233	R B2 D2 R' B' R D' R2 B R' B2	2063408
32465172332321	R B2 R' D R2 D' R D2 B' D' B2	1731772
21473563331312	R B R2 D2 B D' B D' R D' B'	1794662
31765242322121	R B' D B' D2 R B' R D R2 D	1456977
56723411121113	R B D B' R2 B' D' B D B2 R'	1042776
54721632212231	R B R' D R B R2 D' B D2 B'	1150179
23157461231333	R B R' D2 B' R D R' B2 D2 R2	1340553
76354212213323	R B D2 B D R2 B D2 B D2 B	1310522
36547212131312	R D R2 D2 R D B R' B2 R' B	1843167
47165321232113	R B D' R2 B2 R B R D' B2 R	2974063
17426532331331	R B2 D R2 D R' B R2 B R B	898010
15672342323312	R B2 R' D' R' D' B2 R B2 R' B2	1046669
12365473332323	R B R2 B' R D B2 R' D' B D'	1465213
14725363213121	R B R B2 D2 B' R' B' R D2 R2	1166254
47652132231323	R B R2 D2 B2 D' R D' R' D B	2022988
16537421233112	R D2 R D R2 D2 R' B D2 R' D'	2160139
62135473123121	R D R B' D B' D R2 D' B2 R	1994682
74561233311233	R B R' B2 R' D2 R B2 R D R2	823571
23156473323332	R B R' B2 D' R2 D R' D2 B R'	911653
41563273113311	R B R2 B2 D R' D' B D2 R B	1395004
65174323223123	R B2 D' B' D2 B R2 D' R D R2	1111933
15724632323333	R B2 R2 B' D' R B2 D' B R D2	1638373
72365412222212	R B R2 B R D2 R' D' R2 B D'	1981028
35126742231233	R B2 D2 B' D B' R2 D' R D' R2	3054917
47165322232133	R B R D2 R2 D B R B' R2 B'	2515509
17463251323112	R D2 R B D2 B2 D' B D2 R' B'	3196767
32765411121113	R B R2 B' R D R2 D2 B D' R2	1072114
56147232333113	R B D2 R2 B2 D R B' R B' R	1415974
12367451132222	R B D B2 R2 B' R B' D' B2 R	1141483
63751423122311	R B D' R B' R B' D2 B D2 R'	1247183
52163473111211	R B D B2 R' B D' R' B2 D B	1843656
73652413331321	R B2 D B2 D B R2 D' B D' R2	1235443
24376512222122	R B' R D2 R D' R D' R2 D B2	1701836
32416753121222	R D R2 B' D' B2 D' B D R2 D	1977626
75132463233233	R B R2 D2 B' R D' R' B2 D2 R	1034865
54367211222132	R B R' B D' B' D B R' B D2	1080483
16527432331322	R B2 R B R D2 B R' D2 R' D	1159735
34527612231332	R B' D R2 D2 B' D B' R' D B2	1737946
52163471213111	R B R2 B' D B' D R2 B2 D2 B'	1007358
24751362321113	R2 D B2 R2 D' R' D R' B R2 B	2341632
74125633332323	R B2 D' B' D2 R B R2 B2 R' D'	1927581
73625143121213	R B R B2 D2 R D' B R' B D'	3897878
12347653332323	R B2 R2 D2 B' D B' R B2 R' B	1572415
71534262122222	R D R D2 B2 R D' R B' R D'	1578178
74123653132232	R D2 R2 D B' R B' R B' R B2	1624285
56147231222132	R2 B D' B R2 B2 D' R D' R' D	1870395
74365211213111	R B R2 B' D B R2 B2 D B' R2	1507409
16543271223221	R B R B2 D2 B' D R' D' B2 R	1818478
56123471222312	R B D' B D' R' B D R' D B2	1256025
72543611331332	R B' D B R' B R2 D2 B' R B2	1499010
65243712121322	R B2 R D2 R2 D B2 R D2 R2 B2	1222978
41673252212222	R B D2 B' R2 B' R B D' R D2	1212336
45621732233333	R B R2 D2 B2 D' B R' D B2 D'	1771833
62174533311212	R B D' R2 B' R B D' R2 B2 D2	1611856
35174262231113	R B2 R D B' R B2 D' R D R'	1826928
42351763231133	R2 B D2 R2 B' D' R B' D R2 D	2581795
52763411222312	R2 B R' D' R B' R2 D2 R D' R	2335688
16543272331331	R B R2 B2 R' B D2 R B2 R2 B'	927701
74365212111311	R B R2 B2 D B D' B R2 B R2	1519737
54612732112223	R B2 R' B D' R2 B' D B' D2 B2	1998363
54167231131112	R B R D2 B2 D B D' R2 B2 D'	1473338
37645122312221	R B R D2 R2 D R' B R' D R	1113762
76345122213311	R B R' B R' D' B2 R' D2 R' D'	1703684
13275642131333	R B D R' B2 D' R B' D B' D'	1266135
46275312132212	R B2 D' B2 D B2 R' B R2 B2 R'	1380585
35714623111322	R B D' B2 R2 B' R' D B' D R'	1516010
21354761122211	R D R D' R B' R B2 R' D2 B	1559931
12367451312222	R D2 R2 D B' D R' D B' D R2	1503131
15724631322233	R B2 D2 R' B' D R' D2 B R' B2	2949692
36725412111212	R B2 R D R' B R' B R2 B2 R'	4583527
26435712222122	R2 B R2 D2 B2 D' R D' R B2 R'	4410135
36725411121212	R B R2 B D B2 D2 B' R' D R'	1220182
46275313121222	R B D' B D' R B2 D B' D' R'	3880504
31267542313133	R B' R D2 R' B D2 R' B2 R B2	2758599
67345211211122	R B2 R2 D2 R' D R D2 R2 B2 R'	2233940
73645211223113	R B R D' B2 D B' D2 R D' R	892812
71432563323122	R B2 D R B2 D2 R B' D B2 D'	2231610
56147232332213	R B D' R B' R B R2 D2 B2 R	2601915
12367452113333	R B' D B2 D2 R' D R' B' R B2	1533666
37614523232213	R B' R D' B R D' B R B' D'	1361571
34527612211322	R B2 R2 B' D R' B R' D B R2	2793831
32147652231332	R B R D' B2 R2 B R D B' D2	1276393
67345213111133	R B2 D2 R2 B' R D' R D2 B' R	2580825
36725412121232	R B R2 B R B2 R2 B' D' R B'	2935918
36725412123212	R B2 R D B' R B' R B2 R2 B'	1331156
16527431222132	R B' R D' R B' R D2 R2 D' B2	2830652
14725361322332	R B2 D2 R' D' R D' R2 B R' D2	1617168
46275312112232	R D R2 B2 D' B' D B' R D2 R	1666406
74123653133132	R B2 R2 B' R2 D' R D2 R2 D' R'	1657308
26435712322322	R D2 B' D2 B R2 D' B R2 B2 R'	2154316
71463523331222	R B D2 R2 B' R B' D' B2 R2 D	1641748
45612373322111	R B R' B' D R2 D R' B R2 B'	952974
76342513323212	R B2 R' B' R' D R2 B' D2 B R2	1213737
46275311123222	R B R2 D2 B' D' R D' R D2 R	1520702
47165321322131	R2 B2 D2 B' R D' R2 B' R B' R2	2116520
16543271221223	R D2 R2 D R' B R' B R' B R2	1626942
41762532221333	R B' D R2 D' B D2 R' D2 R D2	1801944
32465172112121	R B2 R2 D2 R' B R D2 R2 B2 R'	1782334
15724633132322	R B R B2 R' D B2 R' B2 R' D2	1133768
31265471313113	R B R B' D2 B D' B2 R D' R	973989
74123652322121	R B D2 B2 D' R D2 B R2 B2 R'	1508232
52763413223312	R2 B D' R B2 R2 D' R D' B' R	1912707
14752633222223	R B2 R D' B2 D' R2 B D2 B' R	1761189
14763251222312	R B' R' B2 D' R B' R2 D2 R' D	1114582
56123472331331	R B R2 B2 R D R2 D2 R' B2 D	1214565
32465173133111	R B2 D2 R2 B' D R' D R2 B' R	1125798
74125632321332	R B R2 D2 R B2 R' D B R2 D'	922140
54721633333331	R B R2 D2 R B R2 B D R2 D'	1229596
74365212333332	R B R2 B D2 B' D2 B D' R' B2	1250037
36721452122213	R B2 D2 B R B2 R D R2 D' R	2236588
73642513223222	R D2 B' D B2 D2 B' R D2 B' D2	1375047
76341253221212	R B' R' B D' R' B D2 R' B2 R	1678924
65174232133313	R B R B' D2 R' B D R B2 R2	3440208
76543211212112	R B' D B2 R B2 R' B D' B2 D2	2928454
12347652111221	R B R2 B' R D' B2 R2 D' B' R2	1302037
74132563132112	R B2 D' R B2 R2 B' R D2 B' D2	1298336
36721452121322	R B2 D' B R D' B R' D2 R' B	2502827
67354212212222	R B D R2 D B D B' R2 D' R2	1790021
16725433122212	R B R2 B' D' B2 R B' D' B2 R2	1244948
36527412131222	R B' R' D R' B' R D2 B' D2 B	1629123
76543211333333	R B2 D' R B D' B D' B2 D' B	1156287
32765413122212	R B R' D' B R' D' R B2 D' R2	1943626
62135473131131	R B2 R2 B' D B' R2 D R' D' B2	1188121
76345123311113	R B2 R2 B' R D' R2 B R' B' D2	1332370
45612373132223	R B2 R B' D2 B' R2 D R2 D' R	1757182
52761431112131	R B2 R2 D2 B R' B R' D2 R B'	1375102
52743611113121	R D B2 D' B D R2 B' R' B R	1519692
62135473122131	R B R B' D2 R2 D R' D R2 D2	1087514
32164572232223	R B' R B' D R D' B D B' D'	2601224
36147253111112	R B D2 B' R B R2 D' R' B R	1348230
34761252323222	R B R B' D2 B R2 B D R' B	1149461
16743252323222	R B R2 B D R' D B D R2 B'	1091303
15724632323231	R B2 D2 R2 D R B R' B D' B2	1586649
32741653111112	R B2 R2 D2 B D' B R' D2 R D'	1789197
45612373332221	R B2 R2 D2 B D' R' D R' B D2	1269570
56741231131211	R D B2 D' R B D2 R' D' B R	1499041
52147631121311	R B2 R2 D2 B R' D B' D2 B D'	1477385
76345123211111	R B R D' B2 R2 B D' B R2 B2	1599159
64531273122131	R B R B' D2 R2 D R' D' R2 D2	970302
47162351322122	R B D B2 D2 B R' D R' B D	1353168
16735242122213	R B R2 B2 D' R B' D' R D R'	1834783
52167342121232	R B R' D B R2 D2 B' R2 B2 D'	2086869
16725431211131	R D B R' D2 R D' R B' D2 R'	2132768
14723651111312	R D B D' R2 D R' D B' D2 R'	2296771
76321543211111	R B R D' B2 R2 B D' B' R2 B2	2142674
13265742131312	R D R B2 D2 R B' D R' B D'	1843208
12347652223232	R B2 R2 B D R' B' D B' R' B	1134695
21654373332221	R B2 R' D' R2 B D' B2 D R' B2	1119158
27365412321212	R B' R D2 R D' R D' R2 D B'	1901690
51742632323231	R B2 R' B2 D2 R' B2 R' D' B2 D2	2120654
74125633121111	R D R D' R2 D B' D B' D2 R'	1921044
36542712121322	R B2 R D2 R2 D' B2 R B2 R2 D'	2648604
26135742332312	R B' R2 B' R' D2 R' B D B2 R2	1264324
23164752131312	R B D R2 B2 D B' D B' R D'	4100603
52361472121313	R D B2 D2 B' D' B2 R B2 R' D2	1383486
32567412122222	R B R2 D' R B R B2 R2 D' R	1631828
13276451113211	R B' R2 B' R D R2 D R' D2 R'	2146464
24563712121232	R B R' D2 B' R' D2 B R D2 R2	2141802
46512372113321	R B R2 B' D2 R2 B R B' R D	2197626
53761242221213	R B2 R' D' R B' R D2 R D' R	2096462
24716532323231	R B' R2 B' D B R2 B R' D2 R'	2183600
53761242321212	R B R B2 R B R B2 D' R B'	2954599
46572312132122	R B R2 B' D B2 R2 D R' D R2	986823
76541233333313	R B' D' R D2 R2 D R' B' D R2	1702615
32567413131212	R B R2 B2 R' D' B2 R D2 R' D2	1975073
32741651121311	R D2 R' B R D B' R D' R2 B	2038954
16273541122133	R B' R2 D2 R D R2 D R B' R	3508444
24563713121222	R D2 R' B' R D' B D2 B D' R	3174488
27543611111132	R B R' B2 D2 B R2 B D2 R B	1211583
72165432111122	R D2 R' B2 R B' R' B D2 R D2	2267859
67354211333111	R2 B2 R' B D B' R2 D2 R D2 R	1117308
45671231132231	R B D R' D' R' D B D' B D2	723853
32145673112222	R B R' B2 D2 R D' R' D B' R	916006
45612371133221	R D R' B2 R B R' B D' B D2	1352983
14537622231323	R B R2 B2 D R' D2 B R B2 D2	1158245
15634722321233	R B D2 B R' B D' B' R2 D R'	1155693
76354121313131	R B D R B D' R' B D2 R' D	1157698
13275641112233	R B2 R' B D' R B' R B' R2 B2	2131878
12563472131213	R B' R2 B' R' D2 R B R2 D' B'	1224456
72165431113331	R B R' B D' R2 B2 D R B R'	1154048
63721541233322	R B D' R2 D' R' D' B D2 R' D	1160379
32765413322312	R B2 R B D2 B2 R B' R B2 R'	1000446
52741633313321	R B D' R D' R' B R B' R B2	1650039
65132472212231	R2 B2 R B R2 B' D2 B D' B' R2	1710036
21364753212212	R B R D B D' B2 R B2 R B2	1303100
12673542331133	R D R' D R' D B' R2 B R2 D'	1144802
76354213222223	R B2 R D2 R2 B D R D' R2 D'	1342934
12543673221323	R B2 R D2 R2 B' D R D' R2 D	1798155
74321653233323	R D R B' D2 B R' D B' R2 D	1589650
76325411122121	R B2 R' B2 R B' D' B D2 R B2	887730
47265312122222	R B R B2 R' D' B2 R D' R' D'	3961867
65132743222331	R D B' D' B' R D2 B' R B2 R'	1446175
36125743222331	R2 D B' D' B' R D2 B' R B2 R'	1891209
54362711323112	R D R' D' R D' B R2 D2 B' R	1267180
76543211223221	R B2 R' D R' B2 D2 B' D' B2 D'	1064210
36752143132232	R B R B D B' D' B D2 R' B	1337591
24731562311231	R B2 D R B2 D2 R' D2 R D' B2	2059502
76325411331311	R B' D R' B2 D B R2 D' R D'	1263364
24715632313223	R B R D' R B' R' D2 B2 R' B	2155602
13275641112323	R B2 R' B R' B R' B D' R2 D2	2262510
36527412231122	R B R2 D' R2 D R D2 B' R2 D'	2106308
76321452122321	R B2 R B D B2 R B' R2 B' D	1275448
45721363321313	R B2 R2 B D' R2 B R2 B R2 B2	1634349
75316241231231	R D R B' R B' R D2 R D R	1292761
76143252221222	R B2 R B' R B2 R' D2 B D' R'	1240550
75146321323331	R B2 D2 B' R D' R2 B' R B' R2	1482480
34725613111133	R B R2 B' D B2 D' B R D2 B2	1418888
14725363311113	R B' D R2 B' R2 B D' R B R	1769318
31564272213311	R B D R' D R2 D' B R' D R2	1081780
74365211333111	R B2 R' B D B' R2 D2 R D2 R	666922
52163473111331	R B2 R B R2 B' D2 B D' B' R2	1166811
45312762311111	R B R' D2 B2 R' B' R B' D B	1634765
46257132211133	R B' D2 B D R2 B' D R2 D' R'	2106221
75642132213311	R B R' B R' D' B2 R' D2 R' D2	1118951
24367511323112	R D' R2 B D' R D' R' D' B R2	1526754
26453172211133	R B' R2 B D B2 R' D R2 D' R'	2912825
56712341232113	R B R' B' D R2 D R' B R2 B2	1531850
62543711311112	R B R D2 B' R B' R D' R' B2	2212303
52167433133333	R D B2 D2 B R D R' D2 R' B	1689511
25741632312323	R B2 R2 D2 B' D B D' R B' D2	1154720
34125672131213	R B R2 B D R2 D' R' D2 B D'	3339371
13265741112323	R D R2 D' B2 R2 D R B' D B2	2073886
67321451112311	R B D' R B2 R' B R' D' B R2	1696738
46127353131323	R B' R' D R D B2 D2 R' B R	2263323
13572641122133	R D R2 D' R2 B2 D R D' B D2	6576252
25714632123131	R D R2 B2 D R' D B' R2 B R'	2015073
13246571111111	R B2 R' B' R D2 B' R' B D' B2	2322265
64531273312211	R B R B' R D2 R' D R' D R2	1021042
54721633231322	R B D B' R2 D2 R B D2 B D2	1593338
75346213332122	R B2 R2 B' D R' D2 B R' B' R2	1186131
65213741111111	R B D' R2 D B' R D' R2 D2 B2	2647103
72643513212332	R B2 R' B' D' R D2 R D2 R' D2	898731
45367211211122	R B2 D2 R2 B D' B R2 D' B D'	2331576
45312672233321	R B D2 R2 B D' R B' D2 B R'	2006520
36721451131331	R B D' B D' B2 R2 D B D R'	1092372
42751632323231	R B D' R2 B2 D' R' B D' R B	1671299
51367241211113	R B D' R2 D B2 R' B D B D'	978414
72546313323212	R B2 R' B' R' D' R2 B R2 B' R2	2155401
12376541112323	R B2 R' B' D R2 B' R' D B' D2	8227827
75346213132322	R B R B2 R' D' B2 R D2 R' B2	2000448
52147633111112	R D2 R' D B D B' D R' D2 B	1801645
64357213231322	R D2 B R2 B' R B' D R' B' D'	2845692
72165432211112	R B2 R' D2 R D' R' D B2 R D2	921489
16275343122221	R B D' B2 R D' R' D' R B2 R'	1445369
12365741113331	R B D' B R D2 R2 D' R' B2 D	2115009
12357461111222	R B' R2 D B2 D' B2 D' R' D R2	2047759
31264573132313	R B R B' D2 B R' D' B2 D2 R'	772080
54167232333113	R B R' B R2 B' R2 D B R D'	1118020
12354763131131	R B2 R B2 R2 D R' D R2 D R2	1240686
56124371232323	R D R' B' R D' B D2 R2 B' R	1534463
62173543232132	R B2 D R B2 R B2 D2 R B' D2	1181892
62135473232231	R B2 R D2 B2 R' B D' R2 B2 D2	929062
26435712233321	R B' R D' B R2 B2 D2 B R D'	1924842
32761453121312	R D' B2 R B D2 B' R' B2 R' B'	2323862
76543211332331	R B2 R' B D2 R' D' B' D R' D'	748557
14325672231323	R B D' R D' B2 D' B R D B2	1585870
45721363322231	R B D R2 B2 D' R D' R' D2 B2	1298296
34561272213122	R B D B' D2 R2 D R B R' D2	1886762
46157321331233	R B D' R' B R' D2 B2 R' D' R2	1106426
63752412333113	R2 B2 R' D R D' R2 B2 R D2 R	1634211
14765233113131	R B R2 B' R D2 R' D R B2 D2	923975
24715633131131	R B' D B2 R' B2 R B' D B R	1257846
72563411113121	R B2 R' D B R B' D R' B2 D	1211059
26534713333313	R D' R B' R B2 D R' B' R' B2	2277529
65423713321322	R B R2 D2 B2 D' R D' R B2 R'	2617329
76325412112121	R D2 R' B2 R D' B' D B2 R B2	1597507
13542671231231	R B R' B R D2 R2 D' R' D2 B	979906
36752143133222	R B' R' B' R2 D B D R' D' B	1056976
15643271331221	R B' R' B' D B2 R' B D2 B' D	934227
74125633132232	R B R B2 D' R B2 R' D B2 D2	709932
42137653132121	R B R2 B R' B D' R D2 B' R	937264
32164572233321	R B' D2 R B D2 B R2 B D' B2	2210760
63142571132321	R2 B' D2 R B D2 B R2 B D' B2	3103822
32145672113333	R B D2 B' D R2 B' D' B R2 B2	859948
34165273222322	R B R2 B R2 D2 B R' B' D B2	1124374
47165322313211	R B D2 B R2 B2 D2 B R2 B' D'	1840415
74521633133333	R D2 R' D2 B R B2 R2 B' D' R2	1634881
75431263133213	R D2 R2 B2 D' R' D B' R2 B R'	1443992
76321452122123	R B D R' B2 D2 B D B R' B2	1218034
47126351233232	R D R' B R D' B2 R D' B D'	822116
71432563232213	R B2 D B R2 D2 B D' R B2 R'	1417115
56347212232223	R B2 R D B2 D' R2 D B' R' D2	1245970
12347653132223	R B R D' B2 D R' D' R2 D2 B2	1276517
24736512222332	R D B' D R' B R' B2 R D2 B'	2099715
35417622223133	R D R2 D' R B' R B2 R' B2 R	2276230
32765411331113	R B2 R' D R D' R2 B2 R D2 R	1075505
75213642223133	R B D2 B' R B' R D2 R' B2 R	2362539
27453161132111	R B2 D' B' D' B2 R D' B2 D' B2	1261728
32417653132121	R B R B2 D2 B' R' B2 R' B2 R	1020453
47352612311132	R B D R' D' R D2 R D2 B' D2	1379555
57642311113322	R B D' R D2 R2 D B D2 B R'	1628170
34125672221222	R B R2 D2 R' D' B' D B2 R' D	1593097
14327652131213	R B D2 R' D' B2 D R D2 R D'	2012360
26135742213323	R B R' B D R2 B' D R B2 R'	3213383
21654372233321	R B2 R2 D2 B' D R B' D B' D2	1164230
32561471113133	R B' R B' D2 R D R2 B' R B'	1442731
56271433132313	R B2 R2 D' R D' B' R D B' D	1579832
76354123211123	R B2 R D B2 D' R' B2 D B D'	1580295
13276543323122	R B' R B' R B2 D' B' D B2 D'	1128604
56274312313211	R D R' D B D2 R' D R B2 R'	2559802
75246311111111	R2 D R' D B D2 R' D R B2 R'	3769272
57123461111111	R B R' D2 R B2 D' R D R B'	5636840
15672343213232	R B2 R D' R2 B2 R' D R B2 R	1242878
54367122211121	R B2 D' B' R2 B D2 R' B R D2	1383839
71462531113322	R D B' R2 D R' D' B' D2 B2 R	2694125
36721453113113	R B' R D' B2 R D R2 B' R D'	1332452
76312453211111	R B R' B R2 B' D B' D' B R2	1662542
71456322111221	R B2 R' D' B' R' D2 B D2 B' R2	1218138
24367513111121	R B R' D2 R B' R B' R2 D2 B2	970982
32156741112323	R2 B R' B D R2 B' D R B2 R'	5925291
25436711311313	R B2 D2 R2 B' D B' R B2 D' B	1337866
27634511131133	R B2 R' D' B' R D2 R B2 R' B2	1107816
32576142313223	R B2 R' D R2 D' R D2 B' D' B	1330432
51426733312211	R B2 R' B D2 B' R D2 B' R' B	1258745
25436712123332	R B2 R2 B' R2 B D R' B2 D B'	1819119
75346212323333	R B' R2 B R B2 D2 R2 B R' D'	1346451
14736523112222	R B2 R D' R2 B R D2 B' D' R	976625
13246573321223	R B2 R B' R2 D B D2 R' D' R	1481830
41756231321213	R D2 R D R2 D B' D' R2 B2 D'	1930118
43576212112232	R D2 R D B2 D B' D' B2 R2 D'	1644374
23456173212332	R B R' B' D' R B2 D' B D2 B'	1076322
13546271321321	R B' R' B2 R D' R2 B D2 B' D2	923517
21654373332122	R B2 D2 R2 B R' B R2 D' R B'	1426044
64531273123121	R D R B' D B' D R2 D' B2 R'	1216584
25634713321232	R B2 D R' B' D2 R D2 R B2 R2	1350739
23165471312132	R B D R' D2 B R D' B R2 B	1330613
54123673233323	R B' R D R2 B' D R' B R2 B'	1350120
36521472331121	R B D R2 B' D' R2 D' B R B2	808385
71452363213232	R B2 D R' B D B' R2 D2 B R	814320
72345611133113	R B R B2 D' R2 D R2 D2 B' D	916627
74563211232332	R B D2 R B2 D' B' D' B2 D' B'	1806002
46375212332222	R B R2 D' R' B R D2 B2 R2 D'	2041897
13645271221331	R B D2 B2 R D' B2 R B D2 R2	953349
52761431113121	R B2 D R' D B' R2 B R' B' R	1254444
31624751112233	R B R2 D' R2 B D' B' D B' R2	1208410
12347561112212	R B D' R D R2 D2 B' R' B D2	1979767
12543671331113	R B D R2 B' R2 B D2 B2 R' D	2608788
25436713332122	R B2 R' D B' D2 R2 B' D' B2 R'	1786732
31624753312211	R B R D R D2 B R' B D2 R2	2050032
14726533323122	R B2 R B' R B2 R2 D B D2 B'	1119400
35426713111313	R B2 R B2 R2 D B' R B2 R D2	1564583
21374653333121	R B2 R D R2 D R' B' R2 D2 B'	1174987
56247132333233	R B D' R' D' R D2 B' D B2 D'	1244353
75264311223122	R B2 R2 B R2 B D2 R' D B2 D2	1526083
45376213131323	R2 B2 R D B2 D' R2 D B' R' D2	1792033
51742632323333	R B2 D' R' D2 R D2 B' R B D2	1362421
12367541112212	R B' D' R2 D B' R2 D B2 D' B2	2696964
46375212132221	R B D' B R2 D' R' B D' B2 R'	1150678
23456713212332	R B R2 B' R2 D B' R2 B R B'	990992
76321542211112	R D B D' R B' D B2 D' B2 R'	2702787
14527633132322	R B2 R D R' B D2 B' D2 R D2	1363031
26715433231322	R B D' R B D2 B2 D' B' D2 R	1264817
52147631131211	R B2 D B' D B' R2 B D' B' R	1938616
76245313122122	R B D B' R2 D R B' D B2 D	1104132
15346271321321	R B R' D R D2 R2 B' R' D B2	908468
12365471313113	R B R D2 B' R2 B D2 B2 R' B	1262051
32741652111113	R B2 D B' R D' R2 D R' B' R	1500499
12643571321321	R B D2 R2 B' D B R' B D2 R	934640
56147322333233	R D R' D' B' D R2 B' R D2 R'	1475027
45176321131133	R2 D R' D' B' D R2 B' R D2 R'	2144464
16542371221331	R B R2 B D' B R' D' R2 B R'	1077507
12357641113331	R B R2 B2 D B' D2 R D B2 R2	2516609
47152361233232	R B R' D B D2 B2 D' R' D2 B	996336
47123651233232	R B' R D R' B D' B2 R B R2	995042
12356471113133	R B R2 D2 B' D B D' B D2 R	2026149
12364751112212	R B D2 B D' R D' R' D2 B R'	1969130
75234162221111	R D B2 D' B' D2 R B' R B R'	1639127
64531273311311	R B R D' R D B2 D2 R' D' R	1316111
21654372231323	R B2 D R2 D' R D' B D' B' D'	1808753
64531271212211	R2 B R2 B2 D R' D' B D2 R B	2362947
42751632321233	R B' D' B2 D B R2 D' R2 D R2	2158685
76312452212111	R2 B D' B' D R B' D R2 D' R	1600886
35461272222323	R B R2 B R B' R2 D B D R'	1900071
76312453311311	R B2 R' B' R' D R2 D R2 D' R2	1028635
76345122211121	R B2 R2 B' R' D B2 R' D B D2	1297872
62135471122121	R B2 R2 B' D' B R2 D' B D B2	1679892
71432562111221	R B2 R' D' B' R D2 B' R2 B R2	1182538
15724632123233	R D B R' D B' D B2 D' R2 B	2791035
14752633213223	R B2 R2 D2 B R' D' R D' B D2	1265469
67345211111123	R B R' B R' D' B2 R2 D' B R'	1437146
32465172133121	R B R' D B' D' R2 B2 D' B R'	1097910
21354761113211	R B2 D2 R2 D B R B' R D' B2	1828483
16725431121311	R B R2 B' D B D2 R' B' D R'	1634994
36527412111113	R B R2 D' R' D R' D2 B D B'	1076402
14723651112131	R B D2 B' D B R2 D' B' D R'	2305946
56321473233323	R B R' D2 R' D R B2 D' B D	1197972
36147252111113	R D R2 D' R B R2 D' R' D R	1456598
16345273233323	R D2 R2 B' D' R B' D2 B R' B2	2160965
25641371213132	R B D2 R2 B2 R' B D' B D2 B'	1191743
37654212311222	R B D' B2 R' B R D' R2 B2 D2	1844693
21354761113322	R B2 R D2 B2 R' D R' B2 D2 R2	1859597
14752631323223	R B2 R2 B' R D B' D2 R2 B' R	1636205
56741231121311	R B R2 B' D B D2 R' B' D R	1288582
52743611112131	R B D2 B' D B R2 D' B' D R	1184447
45621732212123	R B D2 R2 B2 R' D B' D B2 D'	1628088
14625731322233	R B2 R2 B' D R B' D2 R2 B' R	2819879
32465173233221	R D R D' R D' B' R2 D2 B' R	1083165
73652413211312	R B R' B R' B D' B2 D B2 R'	1063385
54167233331213	R B2 R2 D R B' D2 B' R' B2 R	4008617
74365212222323	R B R' D R' B2 R' D B D R2	1180587
14723653313111	R B R2 D2 B' R2 B R' D' R B2	1325625
74125633133312	R D R' D2 R' B' R2 B R' D2 R2	1716354
14723653321313	R D B' D2 R D B2 D R2 D2 B	2815029
74365213121333	R B R2 B' D' B2 D' B R B2 D2	1184303
74125631313311	R B R2 B D2 R2 B R' B' R B2	1099073
36527413311311	R B R B D2 R B2 R B' D2 R2	1263264
37642513122221	R B2 R' B D' B D2 B2 R2 D' R'	1051307
34172562313331	R B2 R B' R B' D' R2 D' R2 B2	1535072
71643252231212	R B D2 B2 R' B R' D' B R B'	1931761
32716452123212	R B' R D' B' D B2 D R D' B2	2276482
63512743313333	R B D' B R B2 D2 R' D2 R2 B'	2773582
65172431132333	R B2 R B R2 B D' R' B2 D2 R'	2631343
23416752121211	R B' R B' D' B D2 B R D' B2	1902856
34172562132332	R B2 R D' B D' B' R2 B' R2 D2	1617589
56124371111231	R B R' B2 D B R' B R2 B' R	1074221
76341252232313	R B D B' R B2 R' B2 D B' D	1224104
76543212222221	R B2 R2 D2 R D' R2 B R B2 D2	1364890
35426712131132	R B2 R2 D B' R D' R2 D R2 B2	1578028
53421671321111	R2 B R D' B2 D B' D R B2 D2	1942083
17435622211133	R B2 D' B R D R2 D2 B' R D	2655888
65132471231321	R B' D2 R D2 R' B R' D2 R' B	2262156
54371621113112	R2 B D B' D2 B R' B R B2 D2	1835001
56173421113112	R B D2 B' D R' D' B2 R D' R	1070087
74125633131233	R B R' D2 R' B' D2 B R' D2 R2	2154482
17426531213123	R D R' B2 R' B R D B2 D2 B	1930880
54721631311133	R B D2 B' R D2 B' R2 B R D2	2735007
46275312232133	R B D R2 D2 R B R B' D2 B'	2590695
53726143333121	R B R' D2 R B R2 B R' D' R	1132297
74132561321231	R B' D' R2 B D R2 D' R' D2 R'	2291471
71436253333112	R D' B R' B R2 D R' D' B' D2	925225
32456711233133	R2 D B2 R2 D' B' R B' R B2 R	1985602
47126532133133	R B D' R2 B2 R' B' D B' D B'	2803909
37615422313331	R B D B' D2 R' D R' B D' R'	1645096
37452162323312	R B R D B' D2 R2 D' R2 B' R	1006726
64275131312123	R B R' D R' D B2 R D' R' D'	1595237
17643251122112	R B R' B R' D2 R B' D' B' D'	1789732
31275462133211	R B R2 B R' D2 R D2 R' B D'	1745649
52341673133111	R B D2 B' D R2 B' R2 B R B2	1277462
52341671311313	R B R2 B' R B2 D' R2 D R B2	1527431
72165432323312	R B D2 B' R B' R2 D2 B' R' B2	1278442
24615733113323	R2 B D2 R2 B2 R' D B' D B2 D'	2505065
32167451312222	R B R' D2 R' B2 R D2 R D B2	798596
42613572313211	R B R' B2 R' D' B' R D2 B R'	2641655
13675241112323	R B D2 R2 B2 R' B' D' R D2 B'	4839582
31564273113311	R B D B' R B R2 B2 D' B' R	1355997
56723411131112	R B R D' R2 D' R' D B D2 R'	1761466
32647153132121	R B R' D2 B2 D B2 D B2 R D	964652
14325672112121	R B D2 B D2 B' D2 B R' B' R2	1572893
36125473111211	R B D2 B2 D' B' D2 R D B2 R'	1096466
67412353132121	R D2 R' B2 R' D B' R2 D2 R' D	1208748
25741632222323	R B2 D B2 D' R D' R B' R' D'	1841045
54362711111231	R B D' B2 R D R' B D2 B' R	1176117
76145232332213	R B' D2 B D' R2 B D R B' R	2702648
14736521332121	R D R' D2 R' B R B D2 B2 D	1120858
17435623211123	R B2 D' R B D R2 D2 B' D B	3201797
54167232133313	R B2 R2 D B D' R2 D' R' D2 R	4098451
53467211321111	R B R2 B' D R' B' D2 R D' R	1142771
12354762311123	R B D B D2 R' D B' R' B2 R2	1316379
32145672212222	R B D' R2 B2 D' R D B R2 D2	1195764
25736413123112	R B D B2 D R2 D R' B' D B2	1120545
23165742123131	R B D B2 D2 B D R D' R2 D'	3006795
31276452313313	R B' D R' B R2 D R' B' D' B2	1532974
32174561232233	R B' R' D2 R' D' R2 D B D2 R'	2996057
64157321133212	R2 D R2 B2 D' R' D B' R B2 R	3121854
31276452133322	R B R2 B' R D2 B2 R D' B D2	1275450
16357421223113	R B D' R' D' B D2 B' R D' B'	972989
13247563212131	R B R' B2 D2 B' D' B D' R D'	1345952
42615371313332	R2 B D2 R2 B2 R' B D' B D2 B'	1832891
63725141233121	R B R' B D' B D2 R B' D' B'	1342157
32714652332132	R B R D2 R' D R2 B' R2 B D'	953634
73615243213313	R B2 R2 B' R B2 D' B2 D B2 R'	1384117
41725363121231	R B R2 D2 B' R' B D' B R2 B	1236404
74163253133132	R B D' R2 B2 D R' D' B D' B	917350
26415732233321	R D R' B2 R' B' R' D R2 B D'	1954402
13257641112233	R B R2 D2 B2 D' R' D' R B2 D'	1890611
34165272323333	R B R2 D2 R D2 R' B D B2 R'	2644534
67321453113311	R B2 R' D' R' D B2 D B2 D' R2	2112006
72345613221221	R B D2 B R2 B' R2 B' D B D2	671671
37652143231322	R B2 R D' B2 R2 B' R D R2 D	972041
61534721112311	R B2 R' D2 R' D B' D2 R2 D' B	1319451
72543162311111	R B R2 B D' B D' B R2 D' R	1176636
56347211213111	R B D R' B D R' D R2 D2 R	1519043
12745632111122	R B D2 B R2 B' R2 B R' D' R2	1222125
34725612322232	R B2 R2 B R' D R B' R D B	1675479
15642372331322	R B R D2 B' R2 D R B2 R D'	965208
52743612131111	R B R2 B' R D2 R B2 R2 D' B	1045289
54312671131331	R B R' B D2 B' D R' B R B2	984794
13546271231231	R D2 B R2 B' D R' B R' B' R	1491197
14723651113121	R B R2 D' R' B R' D2 B R D'	1630208
14763253133132	R B R D2 R2 B' R D' B R D2	1364272
12364753311131	R B D2 R' B R B2 R D' B' R	1711801
41576322212222	R B D B' D2 B R' D B R' B2	1875147
41357622313112	R B D B' D2 B R' B R B2 D2	1173850
71462532111212	R B D R' D2 B D' B2 R2 D R'	948670
13267541232212	R B R D' B R' D B2 D R D	1425023
32765412323222	R B D2 B2 D' B' R2 D R D2 B'	2147362
24763151111111	R B R' B2 R D' R D' B2 D2 R2	2126029
54127633131212	R D R2 D2 R' B' D2 R D2 R' B2	2784625
31462751111111	R B D' R2 D B' R D B2 R2 D'	4066375
67341252222323	R B D2 R2 B' R B R' B R2 D	935453
32167451111111	R B' R B R' D2 R' D' R' B D2	6321571
35162472123233	R B' R2 D R' D' R B D' B D2	2053714
64125371131313	R B' D2 B R' D R' B2 R' B R'	2215622
45176231331113	R2 B R2 D2 B2 R B R' B D' R	2175162
56147231333213	R B R2 D2 B2 R B R' B D' R	1311731
26154372332213	R2 B' D2 B R' D R' B2 R' B R'	3218989
75243162211322	R2 B2 R B2 R2 B R2 D' R2 D2 B	3020770
25436713232321	R B' R' B' D R2 B' R2 B D' R	901011
16345271133131	R B2 R B D' R D2 R' D2 B R2	1160838
43512671313332	R B R' D R' D2 R B R2 D' B	1145728
35624712331232	R B R' D B' R2 D B' R B D2	1407689
32761452222212	R B D2 R' D' R2 D B D2 B D'	1058326
46275313312211	R D R2 B' R D R2 B2 D R' B'	2315239
52714361232113	R D B2 D2 R' B R' B' R D2 B'	1757742
32165741111111	R D B' D B' D B2 D2 B R' B'	6137300
76354213312223	R B R B' R2 D B D' R B2 R	1232631
13276542323312	R B2 R' D' R' D B2 R' D2 R B2	1238277
76321452212231	R B R2 D2 B2 R B D' R D' B'	1888018
16527432113333	R B R B' D2 R2 D B D B' R2	1869488
63752411333213	R2 B2 R' B R D' R2 B2 R B2 R	1677958
63125743133312	R B D2 B D' R' B D' R2 B R'	1918754
31265472312233	R B R2 D' B2 D R D2 R' D2 R	2940383
15426371112233	R B D2 R' D2 B D' B' R D' R2	1236720
52163471112122	R B2 R' D' R2 B2 D R B R' B2	1321385
12734561322233	R B R2 D' R2 B D' R' D B' R2	2102628
32156472333332	R B2 R2 D2 R' D B D2 B2 R2 B'	2485822
21345762313223	R B D2 R' B R D2 B2 R D' R'	2701229
43167251232212	R B R' B R' B D' R2 B2 D' R'	1775220
36145273333313	R B' R' D R2 D2 R D' B' D R2	1618052
15724631211311	R B D B' D R' B D2 B2 D B'	1752376
41263751312222	R D2 R2 D B2 D2 R2 D R2 D2 B'	2656729
15624732333332	R B R' D B R2 B D' B2 R D2	672204
31452671323211	R B R D' B2 D B' D R B2 D2	1280504
36527413111112	R B D2 B' R B R2 D' R' B R'	1190953
54621371133311	R B D' B D2 B' D B' D R D2	1631908
34521672223232	R B2 D R' B D' R2 D B' R' B	1570293
61274351313131	R B D2 R B R2 D' B D2 B2 R	2181483
41237561313131	R B2 D2 B' D B' R B2 R' D2 R	3158851
16573241312312	R B D R2 D R' B' D' R2 B R	1280685
32147651312222	R B D R' D2 B2 D' R' B R2 D'	1103734
32456173212332	R B D B D2 R B' D2 R2 B' D	837748
34517622231323	R B2 D2 R D2 R B' R' B' D2 B'	1469346
16725431131211	R B D2 R' D' B R' D2 B R B'	1723853
12536741112323	R B R D2 R D' B' D' B2 D2 R	1572177
12543671111111	R B' R D R' D2 R' D' B' D B2	1949772
34721653333313	R B' R2 B' D B D R2 D2 R B	1191026
13527461211113	R B' D' B D2 R' B D R D' R2	1478986
76354121122121	R B R B2 D' R2 B D R2 D R'	800451
37614522111221	R B2 R B' R D' B' D R2 D' B	1027767
65732411333123	R2 B D2 R2 B2 D R D' B D' R	1422516
71365423331312	R B2 R2 D2 B' D2 B' D' B R' B'	1633495
52314673311311	R2 D B' R' D' B D2 R' B D2 B'	2771382
71326543333313	R B2 R2 B R2 B2 D2 B R2 B2 D'	2243264
47251632131312	R B R' B R' D' B R2 B D R'	2169794
52763411333123	R B D2 R2 B2 D R D' B D' R	988784
23176452132221	R B2 R2 B' R D' R D2 R B D2	1541064
46375213112111	R D R' B D' B R2 B2 R B' D'	1465662
15246372331331	R B R2 B D B2 R D2 R2 D' B'	734208
32145673311113	R B2 R D B' R D2 R' B2 D R2	1191796
46275312313211	R B R2 B R2 B2 D2 B D2 B' D'	2056162
51642731113322	R D B2 D2 R' D B' R' B R2 D'	2767982
32156471111111	R B D' B D' B D2 B2 D R' B'	5571734
76143252131312	R B D2 B2 D R B D' R2 D' B	1721032
71432563332113	R B R2 D' B R2 D B' D' B' R	1162402
32156472332132	R B D B' R B' R D2 R' D2 B	1219120
14763251332331	R B2 R2 B' R' D B' D R' B D2	1264236
67354211313113	R2 B2 R' D B D' R2 B2 R B2 R	1154272
14725363211213	R B R2 D' R' D R D2 B2 R2 D'	1378851
34561272212213	R D B2 R2 D2 B R D' B R' D'	2390274
47156323223123	R B2 R2 B' R' B R2 D' R B R2	1061843
12734562313223	R B R B R D2 B D' B D2 R2	1127066
21365742221312	R B R D' B2 R B R2 B' D' B'	1431744
72136541322233	R B D2 R' D2 B D' R' B D' R2	1109130
71435261322233	R B2 R' D R' B R' D R' B2 R2	2362488
54167231221211	R B2 R' D' B2 R2 D B D R' D2	1232890
12765432121313	R B D2 B2 D' B' D2 R B2 R' D2	1047297
34162752132212	R2 B D R' B D' R D' R D2 B	3518907
63752141111111	R D R' D B' D R2 D2 R D' R'	2373681
42136752131312	R B D R' B D' R D' R D2 B	2676790
42167532131333	R B2 D2 B' R D' R D2 R' D2 R	2903595
76342512232223	R B2 D R D2 B2 R D' R D2 R'	1465435
67312452233321	R B D2 B' D B2 R' B' R2 B R'	2077336
35462171212121	R B D B2 R' B2 D B R2 B R'	1630750
54326171321231	R B D' R2 D' R2 D R' B' D' R	1019679
54326171112233	R B R' D2 R' D2 R D' B' D' R	776324
12745633313312	R B2 R B R2 B2 D B' D B2 D'	1082925
57214361323232	R B R' D2 B D B' D R2 D' R	1069115
65274133132223	R B2 R B2 R2 D R B D' R2 D'	1007131
53614721212121	R B2 R B2 R2 B' R2 D B2 D2 R'	1709122
42573612323231	R B2 R B2 R' B2 D2 R' B2 R2 D'	1550508
26317451212211	R2 B2 R' D' R' D B2 D B2 D' R2	3203577
61534272311132	R B2 R' B2 R D' B R' B2 R B	1539690
21354671221112	R B R2 D B2 D R' B D2 B D	811378
51632741323232	R B D' R2 B D R' D R2 D' R	1186116
36745212122333	R B R D' R2 B D' B2 D B2 D2	1711698
63541271212211	R2 B D B' R B R2 B2 D' B' R	2486556
13267541111132	R B2 R2 D' R B' R2 B' R' D R'	2010891
57364212213311	R D B' R' D' B2 R2 D' R B' D	2732589
76541233121213	R B R2 D' R D B R2 B2 D' B	2999294
56723411113313	R B D R' D2 B2 D B R2 B R2	1059216
12345672321212	R B D' R2 B' R B2 R B' R' D2	913875
53147262123131	R B R2 D' R2 D' B D R' B2 D2	1924235
31475262333221	R B2 R2 D2 B' D' B D' R2 D R'	1217380
12563473131212	R B2 R' B R' B2 R D2 B' R D'	1318541
72356141112323	R B R' D2 R B' R B R2 D2 B'	1633378
72345611111111	R B' R2 B' R' D' R D2 B D' B	1905655
41726532312233	R B2 R2 D' B R' B2 R' B' D R'	2360455
26543171123111	R B R2 B' R D' R2 B R2 B' R2	1170227
56347211331131	R B R D' R2 B2 R D R2 D R2	1120925
54127632222212	R B' R D R' D' R D B' D B2	1391887
74165232121211	R B R' D2 B' R D2 R D' B' D2	799255
41325763131233	R B R B2 D2 R' B D' R' B2 D2	1516778
74521633333313	R D R2 B' D' B2 D B R2 B R'	3546526
65274131311313	R B R D' R B2 R' D2 B R' B	984401
52731641323112	R B R' B' R B' D B2 R2 D' B	936356
57241631322113	R B R2 B2 D' B R2 B' D R2 D'	987881
41752632312323	R B R2 D2 B D' B D' R2 D R'	1949457
36714521232113	R D B' D2 R D' B' D' B2 D2 R	1868136
35162473332122	R B' R B2 R D R D' R D2 R'	2207286
32156471232332	R B R' D' R D2 R B' R D2 R'	987858
13276541213312	R2 B D' R2 B' D R B' D R2 B2	1706545
12365471111111	R B' R2 B' D' B' D R2 B R' D	11668179
13462571111111	R B D R2 D R' B' D' B2 D2 R	7242000
53762413322123	R D R' D B2 D' R D' B D B2	1117018
52463713212332	R2 B R2 B' R2 D B' R2 B R B'	1466220
12364751113133	R B2 R' D R2 B' R D R D' B'	2196521
21364752311111	R B R2 D' B' R2 B' D' B2 R D	1779530
13267451311133	R B R D2 R D' B' D' R2 B R	1742237
56341273121213	R D B2 D2 B R B R' D2 R' B	1907199
76143253331333	R B R' D2 B R2 B' D R' D2 R'	1954600
76312542321212	R B D B' R2 D B' D2 R2 B R'	949759
21354671122112	R B R D2 R B' R D2 R B2 D	1318682
13576241312213	R B2 R2 D' B D' B2 D' R' D R'	3287694
14726531333312	R B R2 D' B D2 R B' D' B' D	1089953
65432173232321	R B' R2 D' B R B R2 B D' B'	1553331
65417323232123	R B D' B2 D B' R B D2 R2 B2	1549297
47156322132311	R B D2 R' D' B R D2 B2 R2 D'	1302357
32517463131311	R D2 R D R' D B' D2 B' D R'	2371442
71546233331213	R B D R' B2 R D' R D R' B2	2590910
31275461322233	R B' D B2 R2 D2 B D' B D' R	2714534
63742511232221	R B R2 D2 B' D B' R' D2 B2 R	1034061
23417563232123	R B D' B2 D B' R B' D2 R2 B2	1270402
24167353132232	R D B' R2 D R' B D B' D2 B'	1712878
76341251111213	R B D' R D R B' R2 B R' B2	1845177
16453271111111	R D R' B2 R B' R D R2 B2 D2	9042080
34617252123212	R B R B R2 D2 R' D' R2 B' D2	2901710
13764251211311	R B R B' D2 R' B R' B' R B2	944129
12354671111111	R B' R2 D' B R' B' D R2 D B	11441132
16243571321321	R B2 D R2 D' B D' B R' D' R	817766
34261573123121	R B D' R' B D' R B2 D' R' B2	1080304
74156322313223	R B2 R B R2 B' D' B2 R B R'	1274521
56347213131332	R B2 R2 D B R' D2 R' D' R2 D	1321297
41752631222123	R B R B2 R B2 R D' B' R D2	1688923
72543613322312	R B' D' B2 D B2 D' R D2 R D'	1679809
74325613131212	R B R2 B2 R' D' B2 R D2 R' B2	2866339
14753261323112	R D2 R D B2 D2 B' D B2 R' B'	3221818
57236141113232	R B D' B2 D' R2 D B' R' D' R	1079606
16542371331221	R B2 R' D B2 R' B D R B' D'	1307555
32751643321232	R B D B' R2 D2 B R' D' R D2	1050557
65174233323212	R B2 R' D B2 R' B' D' R2 B D	1428177
71432561232323	R B' R B2 R' D2 B R' D' B' R	1528620
16527431123333	R B2 R2 B' D' R B' D R' D B2	2721755
65471231132213	R B2 R B R' B R2 D' R B R'	1818481
34617252132212	R B2 R' B' R B' D B2 D B' R	2086576
52341673232333	R B R B2 D' R D' B' R2 D B	1264327
74163253133213	R B2 R2 D2 R B' D2 R B R2 D2	1068914
36145272122222	R B' R B' D2 R2 B D R' D R2	1223920
16572431111111	R B' R' D B' D2 R' D B R D2	2395644
41725362313223	R D B2 R' B R B2 D2 R D' R'	2861096
45312761133311	R B R2 B2 D B' D B' D R B	1127052
36714522122213	R B D' B2 D' B R D R2 D2 R	3446530
32156742313223	R B2 D' B D' R D2 R D R' D2	1321995
13254761323322	R B2 R B R2 B2 R' D R2 B' D'	1788005
45376121131133	R2 B' R B D2 B' R B2 D' B2 D	2071922
54367212211322	R D R2 D2 R B R2 B2 R' D2 B	2301096
15763241111111	R B' R' D R2 B' D B D B' R2	8734846
56123472322121	R B D2 B2 D B R2 B2 R' B2 D	1532815
24537613231322	R D2 B R2 B' R B' D R' B' D	1613571
25734162221111	R B R2 B2 R B2 D R2 D2 B R'	1396766
65132473323311	R B R2 D B2 D B' R D2 R B	917063
54367212233213	R B R2 D R' D' R2 D' R2 B D'	1040768
15724631111111	R B R D2 R2 D R B' D R' B'	8017695
57236141322233	R B R' B2 R' B2 R D' R' D' R	740193
76354122112121	R B D' R B R2 B R' D2 B D2	1404924
25341673113311	R2 D R' B' D' B R2 D' B R2 B'	3317584
61234573232213	R B R D2 B D2 B R' B R2 D2	1749292
13576241321321	R B R' D B R' B2 D R' B D'	957192
23165741112323	R B R2 D' B D R2 B2 D R' D'	1796501
12347651133311	R B2 R B R' B D2 B' R2 D R2	1865083
36147251211131	R B' D R D2 B' D R' D R2 D'	1727196
54127633333313	R B' D2 B' D B R D2 R2 D B	2161482
12367541113331	R D2 B D2 B' D R' D R' B' R	3762134
37642152213311	R D2 R B R2 B' R' D2 B R B	2744414
14625732112121	R B2 R' B D' B2 R2 D' R' B2 D'	1401495
76245311131121	R B R' B D' R B2 R2 B R' D'	769771
74152363133231	R B R2 B2 R' B2 D' R' B2 R' B'	1300382
23756413223312	R B R' D' R B' R2 D2 R D' R	1286573
51732643121213	R B D' R B' D' R D2 R D R'	2724221
74123653133222	R B2 R2 B R' B R' D B' R B2	1919231
25716433223213	R B2 R2 B' D B' R B2 R B D2	1153142
47156321111111	R B D R' B R' D B2 D2 B D'	1648824
74365211121221	R B2 R' B D' R2 B2 R B' D R2	1249116
76321453311233	R D R' B R' B R2 D2 B2 R B'	1696162
76125343333133	R B2 R B2 D' B' R B' D R' B	1884046
14725361111111	R B R B' D R' D B2 D2 B D'	2091676
23167542131222	R B2 D' B2 R D' R' B R' B D'	2647842
72163453131212	R D R2 D2 R' B' D2 R D2 R' D2	2628753
12354763133111	R B R B2 D2 B' D' R2 D' R2 D2	1173162
36751243222322	R B D B2 D B' D' R' D2 B D	990359
72543613221221	R B2 R2 B D2 R' B D2 B2 D' R'	1280337
72541631111213	R B D2 B' D B2 D B2 D2 R' B	1215416
41736521233232	R D2 B D2 B' R D' R D' B' R	1026842
56274132331133	R B R D B2 R D' B2 R2 D' B	1389892
71462532121112	R B2 R B R2 D' B2 R D B R'	1606673
34721652121313	R D B2 D2 B' D' B2 R B2 R' B2	3419004
76543213113131	R B2 R2 D B R2 B D' B' R2 D	1025837
61274532231323	R B R2 D2 B' R D B' R B2 D	1672110
72534163211123	R B2 R D B2 D' R' B2 D B D	1570744
12356743113131	R B D2 B' R2 B D' B2 D' B R2	1281848
41725631211122	R B2 R' D R' D2 B2 R' D' R2 B'	1399399
23165742312323	R B' R' B R B2 R2 D2 R B' R	1980507
23671452122333	R2 B' R' B R' D B2 D R' D B2	2635329
12367453112222	R B2 R2 B' R2 D' R B2 R2 B' D'	1268637
36152741231312	R B' D' R D2 B' R D' B' D2 B'	1488746
67154233323332	R B D' B R2 B2 D' R D' R' D	1291000
14752363233131	R B2 R D2 R2 B R' B R2 B R2	1109870
75346211211311	R D B' R D' B D2 B2 D R' D'	1535037
52741633221233	R B D R2 B2 R' B' R2 D' R' D	1156985
23165471111111	R B R' D R' B R2 B2 R D' B'	1633763
75613243131332	R D2 R' B R B R' D2 B R' B'	1821036
16345272333212	R B R2 D' B D' R2 B D B2 D2	1047329
26175432331133	R B2 R D2 B' D' R B' R B' D	1550140
72163452122222	R D R2 B' D B D R2 D2 B' R	2149241
32761452121313	R B R' B2 D R2 D' B D' R2 D'	1161875
24715633112111	R B R D' B R' D R2 D2 R B'	964935
54723613333313	R D B2 R' D' B2 D B D2 B R'	2001475
32156472332321	R B2 R' D B2 D' R D2 B' D' R2	1726396
13276541322311	R2 B R2 B' D B R2 B2 R B D'	2011580
35462172213311	R B2 D' R B' D R2 D R B' D2	2307991
21354672311132	R D R2 B2 D B' R D' R2 D R'	1986875
52731641233112	R B R' D' B D' B D2 R2 B' D	982756
76315241332112	R B D B' D2 B R' B2 D B' R	919157
57241631323112	R B R2 B2 D' R D2 R' B R2 B'	945889
32175461333111	R B D R' B2 R D' B2 R B' R	1201633
47156322332312	R B R' B R2 D' B' D B' D2 R'	1142483
14726531233313	R B D2 R' B D2 R D' B' D' B	2117124
12637451132111	R D R' D2 R B' D B R2 D2 B2	1842347
12645371131121	R B' D2 R' B R B D2 B R' B'	1503279
21345671111111	R B' D2 R' B R' B' R D2 R B	3229603
51623471321111	R B R2 B' R B' D' B2 R B' R	1023943
41725633111133	R B D R' D B2 D' B2 R B' R	1682330
61572432312323	R B R2 B' D B2 R' B' D2 B R'	1996915
26543171111111	R B R' B2 R D' R D R2 B2 D2	2070031
12745633323311	R B2 R D B2 D2 R B' D R2 D'	1281858
56132473211111	R B D' B' D' R2 B2 D' R D' B	1662413
34625172111212	R B' R B2 R D' R B' D2 B R'	1592127
14625733133111	R B D B' R D2 R' B2 D B' R	1331479
63714252123131	R B2 R' B2 R B' R D' B2 D B	1486206
54317261113112	R B D2 B' R D' R' B2 D B' R	1185039
36745212123323	R B2 D' R' D B' R B2 D' R B'	942711
23147652312323	R B2 R B D2 R2 D' R' B2 R D'	1330649
16347252131312	R D R2 B' D R B D2 B2 R' B	2227995
65417321232113	R B D R2 B2 D R D2 B2 R' B'	1939748
36125471111333	R B D' B D' B2 D' B D R B2	1228459
62475131322323	R B R' D B2 R' B2 R' D B' D'	1318962
12365473232312	R B D B D2 R D2 R B' R2 D2	1153651
34721652222212	R B' D R D' R' D R B' D B2	1463923
12345672123212	R B R' B2 D' R B2 R D' R' D2	1842658
16453272111131	R B D' R B R' D R' D2 R2 B	1037009
31475262331313	R D2 R2 B2 D' B' R D' R2 D R'	1441349
74165231121212	R B D2 B D B' D B' R' B2 R2	2291186
36721452223232	R B D2 R' D' R D' R2 B D R	1463136
46125731333123	R B D R' D B D2 R' D R B2	1022723
35174262213131	R B' D B2 D' R D2 B' R2 B R2	1891264
56743212122222	R B2 R2 D' B R' B' D R2 B' D'	2014208
67215343333133	R B R2 B D2 B' D R' D' B2 R2	2249843
36714522121322	R D B' D2 B' D R D R2 D2 R	2659880
72345611222222	R B R' B2 R' D' B2 D B' D2 B2	1934690
16527341111111	R B D R2 D B2 D R B R2 D2	2003171
35426713312211	R B2 D' R D' R D2 R B R' D2	1400191
15627431322113	R D2 R B R2 B2 R' D B2 R' D'	1008204
24715631111111	R B D B2 D2 B R D' B D' B'	1672310
67321451311133	R B D' B' R D' R B2 D' R' D2	1601913
12376451113133	R B2 D B2 D' B R' D B' D' R	2792918
54367212231122	R B D2 B2 D B D2 B2 D' R2 B	2513046
76341251111312	R D B' R D R D' B2 D R' B2	1603732
23475162121112	R B R2 B R2 B' D R' B' D2 R2	2015207
14263751131121	R B' R D B2 R' D B' D B' R2	1097229
24751362221231	R2 B R2 D2 B' R' B D' B R2 B	1805367
35462173123211	R B D2 B R2 B R' D' R D2 R	973939
76145233133213	R B D2 B' D' B2 D' R D B2 R2	1543827
14523672121313	R B D2 B2 D' B' D2 R B2 R' B2	2547085
72543613223312	R B' R' B2 R D2 R' B D2 B D'	1335240
75246313312211	R B2 R D R2 D' R' B2 D B R'	1879134
15672341323112	R B2 R B D2 B2 D' B R2 D' B'	1015537
52714633223123	R B2 D2 R2 B D R' D2 B R' B	1503248
14725361111123	R B D R2 D2 R D B' D R' D'	1335038
52763143222331	R2 B' D B D2 B' R D2 B' D2 B	1694235
36521472113321	R B D2 R B2 D' B' R' D2 R' B'	2158427
71426353312211	R B2 R D R2 D' R' B2 D B R	2235684
63725142223133	R D R' B2 D2 B R B R' D2 B	3025248
46372511221331	R B2 R' B D' R' B R' D2 R D2	936505
13275463213211	R B2 R2 D2 B' R' D R' D2 R B'	1185782
36241573212332	R B R2 B2 D B' D' B R2 D B	1485784
54761233322321	R B D' B2 R2 D' B D' B' D R2	971991
15724632313223	R B D' R' B2 D' B' R D2 B' D'	1821338
32465173123121	R B2 R D' R2 D' B2 R B2 R' D	1035892
56423171321321	R B2 D R2 D' B D' B R' D' R'	1302663
54327612223232	R B2 R' B D R B' R B' D2 R	1757711
54371261113331	R B R2 B2 D B' D2 R D R2 B2	1484680
56723412323222	R B D R2 B' R B' R' B2 D R	1970843
31246753312211	R D2 R D R2 D' B' R2 D B R	2274014
67345122223133	R D B' R2 D2 R D B R' B2 D	2398164
26453711333333	R B2 R2 B R' D2 B R2 B D2 B2	944361
21354761133311	R B2 R2 B' R B' R2 D B' R' D2	1741235
21376541131133	R B D R' D R B2 R2 D' R' B	1526642
52743611111312	R D B D' R2 D R' D B' D2 R	1534494
34725613111112	R B2 R2 D2 B' D R' D R2 D' B	1235927
62135473322321	R B2 D2 R' D' B R' D2 B D' R2	1243646
23175463211222	R B R' D2 B2 D B' D2 B' R2 B2	1482922
41752632311123	R B2 R' B' R D2 B' R' B' R D2	1954618
41765322313211	R2 D2 R B' R B R2 D' B D B2	5154238
21347562312323	R2 D2 R B' D B R2 D' R B R2	2500957
21354672311123	R B' D2 R D2 R' D B' D2 B' D	2230460
64275133312211	R B D2 R' B D B2 R2 D R' B'	1187546
56123473133231	R B R D2 B2 D' R' B2 D' B' R	1188264
73615243123313	R B2 R2 B' D R2 B' D2 B R2 D'	2271258
37615422313121	R B R B' D2 R' B R' B D' B'	2067987
32147652233213	R D B2 R2 D2 B R B' D R' D'	2724371
73615241112323	R B' R B2 D2 R2 B R' B R' D	1931081
32147562333233	R2 B R' B' D R D' R D2 R' B	3228376
14735621323112	R D R2 B' R D' B R D R' B2	2136751
65123471233232	R B R' B D R2 D R' D' B' D2	847482
17425631322113	R D R2 B' R B' D R D R' D2	902557
16347253121312	R B' D2 B' R B R D2 R2 D B	1505646
32567413133333	R B' D B' D2 R2 B D B' R B2	1368160
13725642332132	R D B2 R' D2 R' B R' D2 B2 D	1251186
42165373223123	R B R2 D' R2 D' B D' R2 B2 R	805950
42137561123333	R B2 R2 B R2 B2 D2 B' D2 B2 R	1176597
13754262123323	R2 B' D' R B' D R2 D R' D R2	2350011
54723612131312	R D2 R' D2 B R D2 R2 D' R' D2	2688345
54723612222212	R B' R2 B' D' B2 D B R2 D' R'	2983803
52741632122333	R B R2 B2 R D B2 D2 B' D2 R	2007076
76143253333313	R D' R2 B R D2 R' D' R2 D' B'	2000507
76321453313312	R B' R' D2 R B2 R' D R2 D R'	2120337
76143253131212	R B2 R D' R B2 R' D2 B D' B'	2537999
32567412222212	R D' R2 D' R B R B2 R2 B R	3464166
34721652131213	R B' R B R' D' B D B' D R2	1454615
67231543323122	R D' R2 B D' B D' R' D' R D2	1644954
73125463133132	R B R' B2 D B' R B D' B2 D'	1330150
32567412131312	R B' D R' B2 D2 R D R' D B2	1909456
76541232221222	R B R2 B2 R' D' R2 B D2 B' D2	1949776
35167242132212	R B R2 B R D' B2 D' R' B2 D2	3002734
36147251131211	R B2 D2 R' B R B2 R2 D B D	2212558
76123453233323	R B D R' B2 D R' B R' B R2	1187390
67231541323112	R D' B2 R D' B R' B' D' R B2	2849779
47132652233321	R B2 R' D2 R B' D B' D2 B R	2597486
75231463211123	R D B2 D' R B' D B2 D' R2 D	1606700
37651242211133	R D R2 D' B R' B R2 B' R2 B	1804400
15627431223113	R B R' D' R' D' R2 B R' D2 R	1159761
15273641112323	R B2 R' B2 D2 R' B D R' B2 R	5121728
54367213112222	R B' D R' D2 R B2 R' D2 R D'	1483133
14753261333111	R B R2 D' R' D' R' B R' D2 R	1464658
34617522221333	R B2 R' D B' R' B R' B2 R B2	1500275
21375462312233	R B R D2 R D' B' D R' D2 R'	1801103
25734613113323	R D2 R B D2 B D' B' D2 R2 B'	2123369
13275461112233	R B2 R' B2 D2 R' D B R' B2 R	2043949
76145231121113	R B R2 B2 R' D B2 R' D' B2 R	1510224
56174321232113	R D R2 D2 B' D R' D' B D2 R'	3465762
54321761211221	R B R B' D B' D2 R' D R2 B'	939492
42651372213311	R B R2 B2 D2 R' D' R D' B D2	1308659
76315241112113	R B' R D2 R' D R' B R2 D2 B2	1111923
13245671321111	R D R' B D2 R D' R' B' D2 B'	2399110
45612372331121	R B2 R' B R2 B' D R2 B' R' B2	1002889
14736521221313	R B2 D' R D2 R2 D' B D2 R' D2	922741
54612371112311	R2 B R2 B2 D2 R' D' R D' B D2	2333520
16534271111111	R B' R2 D' B D B R2 B R' D	3201476
12375641113112	R D R' B2 R' D' R' D B2 R D'	948589
56723412122312	R B R2 D2 R D B2 D R D2 R'	1284038
41735262312233	R B2 D' B2 D' B R' D2 B2 R' B	2194727
75246313212311	R B D' R D2 B' D' B D' R2 D2	904554
34651272332132	R B2 R' D R2 D B2 D2 R' D R'	788072
53274163211222	R B2 R B2 R2 B R2 D' R2 D2 B	1807373
64275132232133	R D R B2 R2 B D R B' D2 B'	3099087
14763251333123	R B D2 R2 B2 D R D' B D' R'	970483
45623713322321	R B R' B D' R' B' R B2 D R'	818158
16723451322311	R B D' R2 B2 D' B R' D' R D2	1283969
13254762321233	R D B2 D' R' B2 D B' D R B'	1298981
76324151112323	R B2 R B D' R2 B2 D R2 D' B'	2145063
41735621233232	R B R B' R B2 D' B2 D R B2	945487
24351673311311	R2 B D2 B' R2 D R' D2 R B D'	2889540
72543613133222	R B R' D B' D R2 B2 D2 R B'	1225437
12576343212221	R B2 R' B R' D R2 D2 B2 R' D'	1443617
12543672322232	R B D R' D2 R D' B D' R2 B'	1042058
73651241113322	R B2 R' D2 B2 R' D R D' B2 D	1080922
73645121113211	R B D2 R' B' D2 B' D' R2 B D	1232161
75261432123233	R B' R2 D B2 D' R' B2 D2 R B'	1806682
65274131111111	R B' R D' B2 D B2 R' D B D	2034499
12467351131121	R B' D2 R' B R B D2 B R' B	1501338
17426531132312	R B2 D' B R2 B2 R' B D2 R' B2	1938653
31265472233321	R2 B R' D2 B' D R D' R D2 B2	3103472
32156742311123	R B R D B2 R' B R' D' B2 D2	2168830
51726433123313	R B D2 B2 D' R B2 D' R2 D B	2150897
62435172311132	R D B R2 B2 R D R D' B2 D'	1940650
34725612231212	R B2 D2 B R D2 R D R2 D' B	3846851
75321463132121	R B2 R' B D2 B D2 B2 R' D R'	1395518
73146522113231	R B D B D2 B D B2 D2 R' D'	1528052
16527431333213	R B R2 D2 B2 R B R' B D' R'	2303711
16723451122133	R B R' D2 B2 R' D B' D' R B2	3992234
61472533112111	R B R B2 D2 R B' R' D R2 B2	1194848
47132563222331	R2 B D' R' D R D' B R2 B' D	1746425
37641252222323	R B2 D2 R B2 R B' D' R' D2 R'	2192032
72516342313223	R B2 R B R2 B' D' B2 R B R	2169181
51423671221331	R B D2 B2 R D' B2 R B R2 D2	1054667
64257131113223	R B D B2 R2 D' B R' B' D2 R2	1493457
62435172211133	R D R' D2 B2 D R B D' R2 B	2846129
14752633223123	R B2 D2 R2 B' R B' R D2 B' D	1796406
14763523222331	R B R B' R D B2 D2 R' B' D	1431352
56741231211131	R D B R' D2 R D' R B' D2 R	1794685
14765231112131	R B2 R2 D2 B' R B' R D2 R' D	1762576
41765323122212	R B D' R B2 D' R2 D' B D' B'	1710651
34516722313223	R D2 R D B2 D' B' D2 R B R	2315580
67412531131133	R B D2 B2 R B' R' B D2 R D	1219384
64275132211133	R D B' D2 R2 D B R B' R2 D	2352027
67345211311133	R B2 R B' R2 B' R2 D B2 D' B	1563783
54376211113133	R B2 D B2 D' B R' D B' D' R'	1422188
72541633121111	R D R D' R2 D B' D B' D2 R	1545321
14527631121311	R B2 R2 D2 B' R D' R D2 R' B	1797392
35462172223331	R B D R B2 D' R B' D' R2 D2	1858602
75264132223331	R B R B D2 R' B R' B' R2 B2	1585790
56123473133132	R B' R D' R2 D B2 D' B2 D R'	1748252
24615732111323	R D2 B' D2 B D2 R' B D2 B2 D'	1662156
32147652332213	R D R2 B2 D2 R D B' D B' D'	3081750
71435262222122	R B R D' B2 R' B R' D R' D'	1971250
24615732233321	R B' R' D B R2 B2 D2 B R' D	2026079
17425631323112	R D B2 R' B D' B D B R' B2	1944287
42615372313211	R B D2 B D2 B2 R2 B D2 B' D'	1724901
14735621233112	R D B2 R' B R' D R B R' D2	1998523
34721652221222	R D B2 D2 B' D' R2 B R2 B' R2	2170883
76541232131213	R D' B2 D' R B D R2 D2 R B	2022657
26345711223113	R B R2 D' R2 D' R D' R2 B2 R	910727
14275633323122	R D R2 B' D2 B' R D' B2 R2 B	1090209
74521633121213	R D2 R' B2 D R B2 R2 B' R' D2	1598036
74521632222212	R B' D2 R B D2 B' D' B2 D' R'	3540394
34561272122123	R B D R' B2 D2 B D B R' D2	1202103
32761452122222	R B2 R' B2 D B R2 B2 R' B' D2	1376516
42651733311122	R B' R B2 D' R D R' D B2 D2	2030459
76321452213122	R B D B' D2 R2 D R B R' B2	1396876
25741361232113	R B' R D2 B' R D R' B D2 B2	2210823
56341273131212	R B' R2 D2 R B D R' B2 D B	2424950
43617521223221	R D B' D2 R D' R B D' R2 D'	1425548
76215433333133	R B R' D2 B D' B R B' R2 B'	1873339
56741233111112	R B2 R2 D2 B D' B R' D2 R D	1427280
52361472131312	R B2 R2 D' R D' B' R D2 B' D'	1362509
76541233331333	R B D2 B2 D' B' R2 D B2 D' B2	2304507
54127632131213	R B' D B R' D' R B R' D R2	2075133
53462711113322	R D R2 D2 B' R D' R' B D2 R'	2795409
13254763323122	R D R' B' D' B' R2 D R' D2 R	1286109
54127633133333	R D B2 R' D B D B2 D2 R' B	4282080
63452711311313	R B2 D2 R2 B R B' R2 D B' R	982173
72541631112131	R B2 R2 D2 B R' B R' D2 R B	1399670
67312541121221	R B D R' B2 R' B R2 D R' B	1006518
56347212111311	R B' D' B R2 B R D' B' D2 R	1860682
76342511111321	R B' D B2 D' B2 R B' D' R' D	1167016
16543721111111	R B D R2 D R' B' D R' B2 D	2974436
27534612311132	R B D2 B' R B2 D' R' B2 R B'	2988022
31264752313121	R B2 R B' D B' D' R2 D' B2 R2	2581689
74156323132331	R B R' D2 B' D B R D2 R2 D	1111708
36125472121223	R B R' B' R D' R' B R2 D' B2	2100946
25736411231321	R B2 R' D' B R2 D' B' R' D B2	1403828
31627452221333	R B' R' B R' D B2 D R' D B2	1628776
17324561232332	R B R D B2 D B R2 B2 D' B'	1219386
76351421112323	R B' R2 B D' R B2 D' B2 D R2	2316158
67345122232133	R D R D2 R2 D R D B' R2 B'	2765216
51324673113311	R2 B R2 B' D2 R B' D2 B R D'	2239770
71426533333223	R B2 R' D B' D B2 D2 R2 B' D'	1877228
36125471213111	R B R2 B2 R' D R2 B' D' B2 R	1767674
51324671211122	R B R' B' D B' R B2 D2 R' D'	1794415
14527632122213	R B2 D2 B D R2 D R D2 R' B	1322805
32175461111111	R B' R B2 R' D B' D R2 B2 D2	5832947
47216352131333	R D B2 D2 B' R B2 D' B2 D R	2149550
63725142123131	R D B D2 B2 D B R D' R2 D'	1952142
47156233211132	R B' R2 D R2 D' R B' D2 B' R	2054282
17362451211311	R B R D2 R D' B' D R' D2 B	1225935
15746321323211	R B D R B2 R D R2 D2 B' D'	1839822
35472163231322	R B2 R' B D2 R' B D B D' R'	989921
47156231332313	R B' D' R D2 R D' B' D B2 D2	1731493
52641733232321	R B2 R D R' D2 R B R2 B2 D'	1562828
14762351321231	R B' D' R2 B D' B' D B' R2 B'	1577423
36417522123311	R B R' B2 D' R B D' B2 R2 D2	2315850
13765422121211	R B D B2 D R D B2 R' D R	1329803
65147321232113	R B' D R2 B' R B D' R D2 R2	3113723
17453262211133	R B R2 B' R D' B R2 B' R2 B	1251642
71452632222131	R D R' B R' D R' D2 R B2 D'	1979618
16537421113322	R B2 R D' B2 R D B R2 D' R2	1929925
26714532121133	R B2 D R2 D R D2 B' D R' B2	1710790
17642531111111	R B R B2 R D' B' R' D2 R2 B	2134073
14356721112323	R B D B2 D B' D' R' B2 R2 D	1649195
17463251321231	R B2 R D' R2 B D R D2 B' R2	2696038
23147562123131	R D R D2 R D B2 D' B' D2 R	3140424
42163751121212	R B' R2 D' R' B R D' B2 D R	1420050
76213543213133	R B2 D R2 D B R2 D' B R' D2	1757872
16524731112233	R B' R' B2 D B' D' R D' R2 D'	1271258
23164753333313	R B R D2 R2 B' R B' R2 D2 B'	1503478
56432713122122	R B2 R' D B' R2 D' R B' R2 B2	1718002
26135742132221	R B' D2 B' D' B2 D' R D B2 R2	1308909
47123562232133	R D B D2 R' B' R2 B R D2 R	3287256
16345272322232	R B2 D2 R2 D' B' D R' D2 R D	1116719
52163471312111	R B R B2 D2 B D B' R2 D2 B'	1799428
74365213111211	R B D2 B2 R B R' B D2 B R2	1600923
27435612122222	R B R D2 B2 R D' B D' B D'	4004793
71546322231212	R B R' B R' D B2 D R' D B'	1184186
54167231121113	R B R2 B' R D' B R2 D2 B2 D'	1495962
43126572133313	R B R2 B' R2 B' R D B' R D2	1164342
16543271331332	R B2 R2 B' D B' D R' B D B2	1906397
62157342132212	R B R2 B R D' B2 D' R' B2 D	1411749
34527612331322	R B2 R2 B D R' D R' D R' D2	1407504
23517462131333	R B' R B' D' B D2 B R D' B	1718283
52763413222112	R2 B D' B' D B' R2 D2 R B' R	1474961
12367451213333	R B2 R2 B' R B' D R' D B D2	1276788
46572311223122	R B' D B' R2 B' R' B' D R2 B	1299483
52147632111113	R B2 R' B R B D' R D' R2 B	1605130
57164322131312	R B R' B2 R D R2 D R' B' D	4020647
74365211313113	R B2 R' D B D' R2 B2 R B2 R	698764
45637123132121	R B2 D' R' D' B2 R B' R2 B' D2	1187808
32765411133113	R B2 R' B R D' R2 B2 R B2 R	1136914
36541272323222	R B R B' D2 B R2 B D R' B'	1151131
32761453133333	R B D2 B2 D R D R' B2 R' B	1351533
46123573232123	R D' B2 R D' R D' B' R' D R2	3580998
54723613121312	R D B2 R' D' R2 D R B2 R D'	4057820
32741651131211	R B2 R' D R B R' D R' D2 B	1413176
71523463231313	R B2 R2 D' B D' B' D R B' D	2010463
47135622132332	R B D2 B' D B2 R2 D B' D R2	1433401
47265312131312	R B D B2 D' B' R2 D B' R' D'	1532219
72563411112131	R D2 R' D R D B' D B' R2 D	1625540
14723653232222	R B D R2 B' D' R D' R D2 B	995654
12347653132322	R B R D B2 R2 D2 R D2 R' B	1243136
62147353132121	R B R B2 D' R B' D B' R' D2	1006647
71423653213232	R B' R' D' R B2 D' B R2 B' D	991540
71543622111131	R B R D2 B2 D' R' B2 R' D2 R	1175566
16243571231231	R B' R B R' B D' R2 B R B2	1185679
27415363131113	R B R' B D' R' B R B D2 B2	1507543
76324153323122	R B2 R' B' D' R' D2 B R2 B' D2	1201688
34261572132131	R B R B' R D' B R2 B' D2 R'	1195165
54723612221222	R B2 R' D B' R2 B R2 D' R D'	1728561
74521633121312	R D R2 B' D' R2 D B R2 B D'	2241103
56327411211332	R B R' B' D B R2 D2 B2 R D	795280
61472532123332	R B D R' D R' B D2 B' D2 R'	1194107
35426712311312	R B R2 B D2 B D' R' B R2 B	1401833
67321452111122	R B R D' R D' B D2 B' D2 R'	1600427
27416533321232	R B' D B R' B R' B2 D R D2	1620261
54326171111231	R2 B R B' D2 B D' B R B2 D2	1923429
12376451111222	R B' D R D' B D' R2 B R D2	2599862
32745611223332	R B R2 D B2 R' D' R' B2 R' D'	1660686
25736411321312	R B R D2 R B2 R D' R' D B2	763398
45673212212132	R B R' D2 B2 D' R' D B' R B'	923431
75246313332332	R B2 R2 D R' D B' R2 B R2 D2	1153083
57236141323232	R2 B D R' B2 R D' B R D2 B2	1740014
31275462311213	R B D2 B D' B2 D B2 D' B D'	1772662
45376213333322	R B D R' B2 R' D R D B2 D2	1727426
21345763332233	R B D2 R2 B' D' R B' D R2 D	1892183
45673213211222	R B D2 R2 B' D B' D' B2 R2 D	2753577
76253141123132	R B D R' B2 R D' B R D2 B2	1075891
71435263333223	R B2 R2 B' D R2 B' D2 B D2 R'	1406175
74256311321222	R2 B R2 D2 B' D' R D' R D2 R	2440267
46352172113231	R B R B' D2 B D' B R B2 D2	1260445
34627512232313	R B D B2 R D2 R B' R B2 D2	1713374
71453262222221	R B2 R' D B D R' D2 B D' B'	2096731
41725361321213	R D B2 R2 D' R' D R' B R2 B	1763917
74256313111232	R2 D R2 B2 D' B' D B' R D2 R	2360302
17452363322132	R B R2 D' R' D' R B2 R B R	891698
15643273223111	R B R B2 R D' B' R' B2 D R	1260045
71326453132121	R B2 R' B2 R' B R' B2 D2 B' D	1113414
72365413131212	R B R2 D2 R' B' D' B D2 R' D	1195653
26415732121223	R B R2 D' B D2 B' D' R2 B2 D	1450731
53476121323322	R D R2 D2 B' R B2 R' D B2 D'	1224369
36547212122222	R D R2 D2 R D R B' R2 B' R	3722628
67254313311113	R B R' D R2 D' B D' R B D2	1773345
61453723111121	R B D B2 R2 D B R2 D2 B' D'	1259785
72163453331333	R D R2 D2 R' B' R2 D R2 D' R2	1550153
42367153211123	R B R2 B' D B' R2 D R2 D' R2	1930514
35476122221111	R B R' D B2 R' B R' B2 D2 R	2057635
36514272212111	R2 B R D' R D B2 D2 R' D' R	2483119
36145272131312	R B D2 R' D B R B2 R2 D' B	3165878
14736521322233	R B R' D2 B D' R' B' R2 B2 D	1186945
17326452212111	R2 B2 R' B' R' D R2 D R2 D' R2	1607800
17426531112233	R B D' R2 B D' B' D' R2 D2 B	1147361
62435711222222	R B R' D R' B R2 B2 R D R	1410407
24153672321233	R B R B2 R2 D' B R2 B' D2 B2	1379779
16745232122222	R B R2 B2 R B D B' D2 B' R	1685916
52167432121313	R B2 R' D R' B2 R B2 D' R D'	1154137
26437512122312	R B2 D' R2 B D' B' R D' R D'	2649008
53476121323112	R D R2 D2 B' D B2 D' B R2 B'	1347237
34516272312332	R D2 R' B2 R' B D' R2 B2 R' B	1411957
52673413232123	R B R2 D' R2 D' R D R' D2 B2	1006438
75346213112132	R B R' B2 R D R' B D' R D2	1022787
12765433331333	R B D2 B2 D' B' R2 D B2 D' R2	1191872
34165271311133	R B2 R B2 R2 D' B D R' D2 R	1701089
12376541322233	R B D' B2 R D' B' R' D2 R2 B	1276953
15367423211123	R B D' B R B' D R' B2 R2 D	2076531
56743213121213	R D B2 R' D R D B2 D2 R' B	2302618
13246571112233	R B R' B2 D B' D' R' B2 R2 D	1823655
52341673232213	R B2 R B D2 B' R2 B R' B' D2	849008
14735621333222	R B R2 B D2 R B D' B D' B'	1231499
64321572111131	R D2 B' R B R D2 R D' B' D	1030056
65271341332331	R B R2 D2 B R' B D' B R' B'	1290349
46523711331332	R B R2 B' D B' D R' B D B2	991648
54231671123111	R B2 D' R B D R2 D R' B' D	1327056
46153273131131	R D' R2 B2 R' D2 B D2 B2 D B'	1409008
27456133132223	R B R' B' D B R2 D2 B2 D' B	1557201
27154632311132	R B R' D R2 D R D B R2 D2	1183558
32165741233223	R B2 R B2 D2 R' B D' B2 R2 D2	1187200
56423173133111	R B2 D2 R2 B R D' R2 B R' B	1346152
45621373211111	R D R' B D R2 D B2 R2 D B	1569829
32475161232323	R B R2 D2 B R2 B R D' B R	1627842
16374523211123	R B R' B' R2 D' R' D R2 B' R2	1818533
72531463321232	R B' R2 D B2 D' R2 D' B' D B2	2080580
43216573132223	R B R' B' R B' D B2 R' D' B2	1938233
34165273311131	R B R D2 B' D' R B' D R2 B	800056
13276541321123	R B' D2 R B R2 B D2 B R' D2	1441113
24351671212211	R D B' R' D' B D2 R' B D2 B'	1897234
41352671212121	R B R' D B2 D2 R' D B' R' B	2300183
52341672232313	R B2 R D R2 D' R2 D R' B' D2	1770787
36712542121211	R B' R B2 R2 D' R B' R' D R	2282883
41725363121222	R B D' R D' R B2 D B' R' B'	2070855
71435263333133	R B2 R2 B' R D2 B' D2 B R2 D'	2325000
51624733323113	R B' D' B D2 R' D B' D' R2 D'	1699876
72561433221233	R B D R2 B2 R' D B' D' R2 B	1189994
73624513332131	R D2 B' D2 R D' R D' B D' B	1435602
43721653231313	R B R2 D B R2 D' R B2 R2 D	1613098
36712542121121	R B R2 B R B2 D B2 D2 B' D'	1647709
51426731111111	R B D R2 D R' B' D R' B2 R2	2167777
34275161312213	R B R B2 R D' B' R B' R2 B'	3097942
32174561112323	R B2 R' D' B R2 D' B' R B' R2	5156539
75346211133122	R B2 R B2 D2 R' D B' D2 R2 B2	1529557
62531472321233	R B D' B D R2 D2 B' D' R D2	1915675
54321672212213	R B D' B R' B R B2 D2 R2 B	2557913
15426371111111	R B D R2 D R' B' D R' D2 B2	2175617
32146752232223	R D R2 B' R B2 R' B D' R' B'	2882694
51472633331312	R B R2 D2 B D2 B R D' R B'	3769849
51472361131313	R B2 R B R' B D' R2 D' B D'	1378311
41352671222111	R B D' R' D B' R2 D2 R D' B	1494042
23165473233221	R D R' D2 R B D' B D' R B2	1410593
54321672212231	R B R2 D2 B2 R B D' R D' B	1897261
72561433321133	R B2 R2 B D' R B' D R' D B2	1916460
43751623123313	R B R2 B' R2 D2 B D B' D B'	3365263
51342763312223	R' B R' D R B2 D' R D R2 D'	11840370
12354761112323	R2 B R' D R B2 D' R D R2 D'	9835821
52376413222223	R B R' D' R B D2 R2 B2 R' B	982505
35127462331331	R B' R D' B2 R D' B D R2 D	1206370
63471522323132	R D2 B' R B' R' B D2 B D B	1677589
54367123311113	R B D2 B2 R B' R B' R D R	1311977
14352672212111	R B R2 B' D2 R B' D2 B R D'	1512482
56243173133111	R B' R2 B D2 B2 D R2 B D2 B'	1621924
57321641311112	R B2 D' R B' D' R D2 R B D	782741
24765313222112	R B D' R B' D R2 D R' D R2	1467988
52314761322122	R B2 R2 B D2 B' D2 R D' R2 D2	938939
21734652123131	R B R D R D2 R D' B R2 D2	1114695
63754213122122	R B R' B D' B2 D B D2 R' D	1403759
76514321232113	R B D' R' D R2 D B' R B2 R2	1844511
36712542121112	R B R' D2 B2 D B R D' R' B	2294654
41725362221213	R B2 D' R2 D B2 R' D B2 D2 B'	2337296
42615372221213	R B2 D' B2 D R2 B' R B2 R2 B'	2536968
75462132123212	R B' R D2 R2 B' D B' D' B R	2269365
73654122221111	R B R2 B R' B R' D' B2 R B'	1342092
14736253222223	R B R' D' B D' B D2 R' D' B2	1161965
51324761111123	R B R' D R B2 D2 R' D2 R D	1237076
73654211111132	R B R2 B' R2 D2 B D B' D R	1595463
26153473131131	R B D2 B2 R D' B D' R B R	1947987
72561433321223	R B2 R2 B' D2 R' D R2 D2 R' D'	2036738
51324672212111	R D R' B' D' B R2 D' B R2 B'	2405658
36712542122111	R B D' R B' R2 D R' D R D2	1452061
13276541133122	R B' R2 D B D2 B R2 B R' B2	1322912
54172633132313	R B D2 R B D2 R' B R2 B2 D	1367829
63712542221111	R B R' B D B2 D2 R' B' R D2	1518488
41352671212112	R B R' B' D B' D2 R2 D R' B	1673347
36741253233131	R B2 R2 B R' D B' D R' B D2	1320349
54321672232211	R B R' D B' R D B2 R2 D2 B	1862636
35416723232213	R D R' D' B' D' R2 B D' B2 D	1614923
74325163131323	R B R D' B2 D B' R B D' B2	1567385
17425631323223	R B D2 R' D R' D B D2 R D'	1646327
35462171332331	R B2 R' B R' B' R B D2 B D2	1523705
45312671222312	R B R' D2 R B' D2 R D R B2	1394638
41325671212211	R B D2 B' R2 D R' D2 R B D'	1949157
45367213111133	R B2 D2 R2 B D B' R2 D R' D	2537811
72561433311233	R D2 R2 D R' D R' B R' D B2	2961190
63542713121333	R B' R B2 R D' R B' R' D2 B2	3160688
41726352313322	R B R2 D2 B R' B' R' D2 R2 B'	1902437
45312673222112	R B R' D2 B' R2 B R' B2 D B'	899246
75264132321212	R B' R B' R2 B D2 R D' R2 D	989309
76354121121212	R B2 R' B R2 B D R' B' D B2	849630
76312542322121	R B2 D B2 D R' D B2 D B R	1013669
76341251311313	R B2 R B2 R2 D' R D R' B2 R	1365531
43615272113321	R B R2 B' D2 R2 B R B' R D2	1815332
71643523331213	R B D2 B' D2 B' R D R' B D2	4290740
36745213133111	R B2 R D2 R2 B' R B R' D2 R	1381653
75264132121232	R B2 R' D R' B' R D B2 D B2	1220459
36745213131131	R B R B2 D' B' R B' R B2 D	823789
32561473222223	R B R B' D2 B R' D' B2 D2 R2	818115
76354122111212	R B' R D' R2 D R2 B D' R2 D	1463706
75416323232213	R B R2 B' D2 B D' B R B' D2	1787479
14367523311113	R D' R' B' R B' R' D2 R' D' B	2521854
41367253111133	R B' R2 B R2 B2 R B2 D B2 D'	1751282
72146352232223	R B R2 B' R2 B R' D R B' D2	1420123
37615423121132	R B2 R2 B' D B2 R' D2 R D2 B'	1309598
31275462223211	R B R2 B D' R2 D R2 D' B D'	1177660
64275131212223	R B D2 R2 B' R' D B' D R2 D	2206652
31275462312212	R B D2 B R' D2 R B2 R' B D'	2459371
35267141321132	R' B D R' B2 R D' B R D2 B2	2470481
67312542221111	R B' R' D2 R B' R2 D R2 D' R2	1141237
45321671212211	R B D' B' D' R D2 B' D R2 D'	2064474
43621752213323	R B2 R B2 R2 B R2 D R2 D2 B2	1464611
25413672323111	R' B R D' B2 D B' D R B2 D2	2454978
35246171113322	R B R' B D2 B2 D B R2 B D'	1307496
75314621313212	R' B D B' D2 B R' B R B2 D2	2553764
25364172311231	R' B R B' D2 B D' B R B2 D2	2434168
32145671111111	R2 B' R B' D' B D2 B D R D'	7734725
54312672212111	R B R' D' R' D R2 B' D B2 D'	969228
12347651111111	R2 B' R B D B2 D B' D' R D'	13932496
23576412233321	R B D B' R' B D2 B D2 R' B2	1087717
23576412312323	R B R B' R' D B2 D B2 R' B2	1052193
35246172213311	R B2 R' D B2 D' R D2 B' D' R	1445270
51267342312233	R B' D B2 D B' R D' R' B2 D2	2229932
62571432321233	R B' D' B2 D B' R2 D B2 D' R2	2198044
31654272313322	R B' R B2 R D' R B' D2 B R2	1686601
52374161112323	R B R D2 R D' B' D R' D2 R2	1603503
37624152311213	R B2 D' B2 R D' R B' R B' D	2802588
16254733312223	R D R2 B' D' R2 D' B R B2 R	2661057
73624513121132	R D2 B' D2 R D' B R' B R' D	3107422
12734561112323	R B R D2 R D' B' D R' B2 D2	1594660
15642371111111	R2 D R' B D B2 R' D B D2 B'	2645733
41625372313211	R' D R' B D B2 R' D B D2 B'	3305761
73614251112323	R B D B2 D B' D' R D' R2 D'	1410780
51342672212111	R B' D R B2 R' B R2 D' B2 D	1947844
37612542221111	R B2 D2 R B2 R B' D' R' D2 R2	1920763
73642511111111	R B2 R' D' R D2 B' D' R D' R2	1686209
51624731312123	R B2 R2 B R2 B' R2 D B' R2 B2	1578625
42351671212211	R B' R D B2 D' R B2 D' R2 D	1053072
72134562312212	R B2 D' R2 B D' R B' D B' D	1843158
34175263321232	R B2 R' B D2 R' B D B D' R2	1000011
27615432113321	R D R2 B2 D R2 D R B' R B2	2389805
21346752313322	R D R2 B2 D R' D' R' B2 R2 D'	2404737
16345271111111	R2 D' R B' R' D R2 D B D B'	3042157
76543211111111	R2 D' R B R B2 R D' B' R B'	3023073
35271461322233	R B R2 D2 B2 D' B' R' B R2 D'	1369656
41532672313211	R2 B' R D R' D2 R' D' B' D B2	2584209
25341762313223	R2 B R' D R B2 D2 R' D2 R D	1714048
73615421113322	R B D2 R2 B2 R' D' B' R D2 B'	1371806
47352612313211	R2 B' R2 B' R' D' R D2 B D' B	2531353
24615372213311	R2 D R' B D R2 D B2 R2 D B	2056999
45312672313211	B R2 B' R' D R2 B' D' B R' D2	4866325
63172452313211	R2 B' R B R' D2 R' D' R' B D2	7202640
61352472313211	R2 B' R2 B' D' B' D R2 B R' D	13770799
41752632313211	B2 R B' R D R2 B' R B D2 B'	5690196
12745631111111	B R' B R B' D2 B' R' B' R D2	4825809
52341671111111	B R' B2 R' D' B' R D2 B R' D	4847627
25714632313211	B R2 B' D' B D2 R' B' D R' B2	4871673
21354672313211	B2 R B' D R D2 B' R D R2 D'	5634636
54721631111111	B2 R' B R' D' B R2 B R B D'	5739535
14325671111111	B2 R' B R D B2 D R' B' R D'	5709838
