12456733223321	R B' R D' R' D R D2 B' D' B	182907
54317621111222	R B D R' D2 B2 R D' R' B D2	247044
15724362212132	R B D' R' D B R' D2 B2 D R2	246907
17452633213232	R B D' B2 R2 B D' B2 D' B2 D2	276719
35267141223233	R B D B' R' B' D R D' R D2	254351
74163251121122	R B2 D2 B D2 B D' B D2 B' R	310295
65174232323312	R B2 R' B D2 R' B' D' B2 R D	303017
46127352131333	R B' R' B D B D2 B2 R' B D	565895
12753462231323	R B R2 B2 D R' D2 B R D2 B2	212877
17642533312211	R B R D' B2 D' R' B D2 R' D2	234191
14736521213333	R B2 R D R2 B' R2 D R B D'	322767
76514321112323	R B D B2 D B' D' R D' R2 D2	359470
14723651211212	R B R2 B R' D B2 D B2 R D2	375893
65321472111122	R B D B2 D' B R2 D' R2 D B'	347080
34167252213323	R B R' D' R B D2 R2 B2 D R	437457
63752412312323	R D B2 R2 D B' R B' R2 B D'	589837
37652141113232	R B R D' B2 R D2 R' D R' B'	340509
41673521111111	R B D' R2 D B' R D' B2 R2 D2	451302
32174562231212	R B R' D2 R' B D R B2 R2 B	381325
52736141322233	R B R2 B2 D' B D' R' D R2 B'	446420
31264572122213	R B D' R2 D' B D B R2 B2 R	472233
56243713121333	R B R2 D B D2 R' D B2 D2 R	394691
56271433123313	R B2 R2 D' B R' B' D R D' R	435924
67354121111111	R B R B2 R B R2 B R B R'	593356
72145631233223	R B R' B' D R2 D R' D' B D	179543
35462171221223	R B R D B D' B' D B2 R' B	295126
31256471231222	R B R B2 D B2 D2 B R' B2 D2	268971
61453721111111	R B D' R2 D B' R D B2 R2 D2	429969
17425631122112	R B D' B' R B' R' B R' D R'	453551
25714633121333	R B' R' B D2 B R' D' B R2 B2	515268
63142571111111	R B R' D' B R2 B R B' R2 B2	715147
63125741112323	R2 B R' B D R2 B2 D' R2 D B	757235
16542372112331	R D' R D R2 D2 B2 R' D' R B2	256999
65274133232321	R B D' R D' B R2 B2 R B' R'	213982
41765322221312	R B R' B R2 D' B2 D' B D' R'	397463
23751463112321	R B R' D R D B' R2 D R B'	401520
56271433111313	R B2 R B2 R2 B' R2 D' R2 D2 B	665901
71435263311122	R B2 R B' D B' R D' R' B2 R2	582228
15746321111111	R D2 R B' R B R2 D' B D B2	853432
13647521111111	R B R D B2 D R' B' R' B2 R2	985298
14752632332132	R B2 R2 B' D2 B R D' R2 B D'	216384
76342513323122	R B2 R' B' D' R D2 B' D2 B D2	222517
31524673332122	R D' R' D' R B' D' B2 D' R' B	333338
14763252322121	R B R' B' R B2 D' R B' R' D	301638
75243613213232	R B D2 B' D' B2 R B' D R D'	258185
73615423333331	R B2 R' B D B R' D2 B R' D'	259327
75236143213232	R B R' B R2 B' D R B R' B'	327433
46273512122312	R B D' B2 D' R' D' R B2 D' R	415516
32175461221112	R B R2 D R' D R2 D2 B' R D2	251291
64275311112332	R B2 R2 B R' B2 D R2 D B2 D2	270505
23164573213133	R B R B2 R D' R D' R B R	305114
51647231113232	R B R2 D2 B D2 B R' D' B2 D	281422
72356143211123	R B R D2 R2 B2 R' B' D B' D	374652
25736141111123	R D R' D' B' D2 R2 B' R D' R	321991
46157233333232	R B R D' B D' B2 R' D B2 R'	395101
76321543311131	R B D B2 D' B R2 D' R2 D B2	328638
24315761122322	R B' R2 B' D' B2 D' B R B2 D2	288501
16543271332331	R B2 R2 B D B' R B' D B' R2	270103
14625732233111	R B2 R D' B R D2 B' D R B	288091
34561273233131	R B R' B' D B R2 B2 D2 B R'	276449
76325411112131	R B R2 B' R D B D' B R' B2	251019
32547611213111	R B R' B' D2 B' R2 B R' D' R	355892
42137653122131	R B2 R' D2 R' B R' D2 B2 D' R	295596
32561471211131	R D2 R2 B' R' B R' D2 R B' D2	521966
74132562122111	R B D2 R' B' D' B2 R D' B2 D	201713
32647152133121	R D2 R' D2 R' B D' B2 R2 B' R	340382
34725612331322	R B2 R' D B2 R' D' R' D R' B'	276636
16453271211113	R B D2 B R B2 D' R2 B R B2	337259
67354213131311	R B' R D B2 R' D2 B D B2 D'	242352
52367412322232	R B D2 B' R B2 R D2 R2 B' R	319569
52341672323222	R B' R' D R' B' D R B2 R2 B	314723
12354762121211	R B' D R' D2 R D2 B D' B2 D	347453
72345612122111	R B2 D R' B2 D' R B R' D B	218108
32164573323212	R B2 R B' D B2 D2 R B R2 B'	276051
41532761233133	R B D2 B2 D' R D2 B' R2 B D	257905
63714522332132	R B R D2 R' D R2 B' R2 B D2	212212
27415633321322	R D R' D R D' B2 R D' R B'	441447
67345211113322	R B D' B' D R2 D B' D R2 D'	398787
76145231221112	R2 B2 R' D B2 R' B' D' R2 B D	461777
17526432123233	R D B R' D B' D B2 D' R2 B'	605680
14765233323332	R B D2 B' D B' R2 D2 B' D' B2	240145
56423173132121	R B2 R' B' R2 D R' D2 R D' B2	276984
53126471231231	R D2 B R2 B' D R' B R' B' R'	355217
46352171211233	R B D' R D R B' R2 D B D'	246161
62135472132131	R B D R2 D' R' D2 B D2 B' D2	204104
34127652111311	R B R2 D2 R' D2 R' B D2 B' D'	388824
56741231311121	R B R B' R2 B D' R D' B2 R	350078
14765231113121	R B R2 D' R' B R' D2 B R D	418389
76341251113121	R B2 R B' R D R2 B2 R D B2	261501
16742352232313	R B D2 B' R2 B R' B D R' D2	266611
72345611221223	R B R D2 B' R B2 R' D R2 D2	173452
16527432231332	R B R D' B2 R2 B R D B' R2	238636
31527643332122	R B R' B R B' R D' B2 D2 R	191081
74561231111222	R B D2 B D' R D2 B' R D R'	340734
14736523113131	R B R2 B' R D2 R' D R B2 D'	195271
76354212313322	R B' R B2 D' B' D B' R2 B D'	570468
53762143222331	R B D' B' D B R' B2 D2 B D2	188074
41735263123223	R B D' R2 B D' R' D' B D2 B'	250499
75346211311211	R B R2 B D' R' B R' B' D2 B	235700
54321763113113	R D R' B D2 B' R D' B R B2	325197
47352612123131	R B R D' R' D R2 D R2 B' D2	313814
62174351122133	R B R2 D2 B R2 B R D' B D'	391254
71263542323123	R2 B' D2 R B R2 B D2 B R' D2	473667
14625731111111	R B' D R' B2 R D2 B' D R D	1807012
56423171231321	R B2 R2 D2 B' R D B' D B' R2	264101
32147651132222	R B R' B D' B2 R2 B R D B2	235779
14763253222112	R B' R B' R B' D B2 D2 B' D2	234936
32465173132121	R B2 R2 D2 B R' B' D R' B R2	231374
65123472312311	R B2 R B R' D2 R B D2 B2 R'	285649
32741651311121	R B D' R2 D' B2 R B' D' B R'	274949
47165322133112	R D R2 B2 D' R' D B' R B2 R	468829
16257431132111	R B' R' B D2 R' D R B D' R2	290340
23156471222132	R B2 R' D R2 B' R' D' R2 B R	222126
15342671211311	R B R B' D2 R' B R' B' R D2	256000
56143273332323	R D2 R' B D B D' B R' D2 B	501517
36752142122132	R B2 R2 D R' B D' R2 D B2 R2	414764
52163473323332	R2 B2 R' D R2 B' R' D' R2 B R	347027
56127433332323	R B2 R2 D2 B D' R B' D2 B R	399854
36415272123212	R B D R2 D B D R2 B' R B	609947
16523473332323	R B R2 B' R D B2 R' D' B D	250766
45623712332123	R B D' R D' B' R' D B2 R D'	227799
35462172312131	R B R' B2 D' B R D R2 D2 R	376664
56327413213112	R B R' B2 D2 R' B R' B' R D2	190719
54637211132111	R B R' B2 R D2 B' D B R D'	199504
23165472111122	R B2 R2 B' D2 B D B' R2 D B'	391847
34526713232312	R B R2 D' R' B' R B2 R B D	400990
65314272313211	R D' R B' R' D R2 D B D B'	440095
21457631321123	R2 B D2 R' D R' D B D2 R D'	475502
12347652123332	R D2 R' D2 R B' D' R D2 B D2	406707
53621471331221	R B R D' R2 B2 D B' R' D B2	329478
65132473313312	R B R B2 R B' D B2 D R2 B	206942
32167453321232	R B D2 B R' B D2 R' B R B'	259205
21357463213331	R B2 R' B R' B' R D' R2 D B2	313018
24157362323111	R B2 D B R2 D2 B' R2 B D' B2	420329
63751242221321	R B' D B R' B2 D2 B D' B2 D'	365658
12376542121232	R B2 R B D2 R' B2 D B R B'	327085
67234513332122	R B R2 B2 D R' D B' D B D2	188158
65134721233232	R B2 D' R2 D R B2 D2 R' B' R2	184605
72164353131113	R B2 R D R' B D' B2 D' B R'	400868
57246131112233	R B D2 B2 R' D R' D' R B2 D'	405905
14356721322233	R D B' R' D B2 D R D2 R2 B'	601265
32174561232113	R D R' D2 B R' B' R' D2 R2 B	551940
17246351111111	R B R B2 R D' B' R B' D2 R2	1440873
46127351131313	R B R2 B R' D R D2 R D R'	427928
25463713212332	R B R' B' D2 B' D' B2 R B2 R'	146941
76351421113322	R B R2 B' R2 D2 B D' B' D2 B'	164774
63752412322112	R B D B' D2 B' R D R D2 R2	253310
21354671131313	R B' R2 D2 B R' D2 B D' R' D'	275901
17425631332112	R B D' R' B R' B' R B' D R'	261541
71462533111223	R D2 B' D R2 D2 R' D R2 B' R2	289988
12456731132321	R2 D R' B2 R' B' R' D R2 B D'	556304
62351743112123	R2 D R' B R2 D R' B' D' B2 D'	555557
62374513312112	R B R B2 D R' D B2 D B' D2	213531
12473561132123	R B' R D R' D2 R' D' B' D B'	377042
14573261333111	R B D2 R D' B R2 B2 D' R' B	379560
15367421211113	R D B' D2 B D' R B R2 D2 B2	404246
13267451122211	R B' R2 D B2 D' B' D2 R2 B R'	447859
31257462222221	R D2 R2 B2 D' R' B D' R2 D B'	443843
21365742312323	R D R' B R2 D R' B' D' B2 D'	418178
16527432211322	R B' R B R' B D2 R2 B' D R2	276900
37614522323312	R B2 R B' D R' B' D R2 D' R	218411
47256133321232	R B R B' R B2 R' D R2 B' D'	308586
42157633231322	R B2 D' B2 D B D2 R2 B' R' D2	376146
14752631111111	R B' R' D' R D2 B' D2 B R' B	540957
65274132123332	R B D R' D R' B D2 B' D2 R	334925
67145323133312	R B2 R2 B D' B2 R B2 R B2 R2	500234
37615422223133	R B2 R D' B D' R D' R' D2 R2	446132
24615371112332	R B D2 B R' B' R B' D2 R D'	285591
71423563213232	R B R' D2 R' D R2 B' D2 B R'	204279
71435623333331	R D2 R2 B2 D' B' D B' R2 B D'	267472
52713461232323	R B R2 B' D2 R2 B R' B' R2 B	255053
45732612233321	R B R D' R2 D' R' D R2 D2 B'	226213
23456173233122	R B' D R D2 B2 R B D2 B2 R'	208490
76315241223113	R B R2 D R' B R2 B2 D' R B2	404930
16427531231321	R B2 R D B2 R2 B' D' B2 D R'	854792
73625143333313	R B R' B D2 B R2 D' B R' D'	277259
27543611111123	R D2 R' D2 R' D R' D2 B2 D' R	329477
72165433111112	R B R2 B' D B D R' D R' D2	281155
41725633121123	R B2 R B' D R D2 B' R B D	331352
65132471212112	R B D' R D' R' B R2 D' B' R'	332317
34561272232211	R D R2 B2 D2 R D R' D B' D'	501482
34527612231122	R B D2 B2 D' R B2 D R2 D2 R'	551109
36721452131111	R B2 R2 B D' B D B' R D R	580174
67354211212121	R B R' B2 R D' B2 R D B D2	223044
72345612331331	R B R B' R2 D R' D2 R B2 R2	197190
65417323223123	R B D2 B' R B' D2 R B2 R' D2	204838
15642373231223	R B' R B R B' D2 B' D2 B' D2	228552
72543163211111	R B2 R' B2 R' D R' B2 D2 B' R	253830
32547611121113	R B D2 B2 D B' D B2 D2 B R'	243208
12365471211122	R B2 D B' D2 R' D R D' R D	378579
32561471121311	R B D2 B' R B R D' B R' D2	318020
36125471222111	R2 B R2 D B2 D B' R D2 R B	321858
43675211221331	R B D R B D' R2 B R2 B D2	186304
76345123311131	R B D B2 D' B' R2 D B2 D' B2	337959
41725632322331	R B2 R' B D2 B' R D2 B' R' B2	232849
63752141122211	R B' R2 D R' B' R B R' B D2	428805
76145232123332	R B R2 B R2 B' D2 B R' D' B2	341647
56423172112121	R B2 D2 R2 B R' D B2 R' D B'	458023
32146751232323	R B2 R D B2 D2 B' D R2 B' R'	517636
54367121113331	R D2 B D2 B' D R' D R' B' R'	464069
76341251221121	R B' R2 B' D B2 R2 D B' D2 R	269077
72543612331331	R B R2 B2 R' B R2 D R2 D2 R	255986
12376543133132	R B R D' B2 D R' D' R2 D2 B'	197643
54261373123121	R B R D R2 B' R2 B R2 D' B'	180063
63752143123223	R B D R2 B2 R' B' R' D R2 D2	233558
17543261132111	R B R2 B D B2 R' B2 D R B2	328683
76145232233213	R B' R2 B D' B2 R D B D' R	540239
52743611111213	R B D B' R2 B D' B D' B2 R	250034
41725633211111	R B' D B' D2 B R2 D' R D B	332712
75412631223332	R B R D2 B R' D R2 D R' B2	258057
75314621133221	R B R B' R' D' B R D' R B2	252110
61352472233321	R B R' B D2 B R B R D2 B2	232240
74561233111112	R B2 D' R' B2 D B D2 B2 D' R'	302594
34725612111113	R B R2 D' R' D R' D2 B D B	231658
13276451233133	R B' R B R' B2 D2 B R' B2 R'	368020
56213743313333	R B R2 B' D2 R2 B R B' R B'	832463
36714252232223	R B R B2 D B2 D R' B R2 D2	316432
72563411111312	R B R' B2 R' B D B2 R' B R	246211
25436712323231	R B R' D R2 D' R B R2 D2 B2	257828
65174322313211	R B R B2 R B2 R B' D2 R2 B'	265425
21375463333211	R B' R D' R2 D' B' R' D B2 R	374111
14763253132232	R B R B' R2 D2 R' D' B D2 R'	254370
32147652331322	R B2 R2 B' R' B R' D B' R B2	562418
67345211111132	R B2 R2 D2 B D' B' D R' D R2	517783
12347652123233	R B2 R' D2 R B' R' D R2 B D2	308739
72143651121113	R B R' D' R2 D' B2 D R' B' R'	304811
26435713333133	R D B2 R2 D' B' R B' R B2 R	333668
34127651121113	R B R2 B' R D' B R2 D2 B2 D	260224
12376542123212	R B R D' R2 B D' R2 B2 D B'	305475
74523611131112	R B D' B' D2 B' D2 B D' B' R	395822
54376211111132	R B2 R2 D2 B' R B D' B D' R2	489156
64325713121222	R2 B D' B R' D' R D2 R B R'	853532
15746322313112	R B R B D2 B D R2 D2 B' D'	334380
46513272332111	R B R2 D2 B' R B' R B R' D'	178111
76245312132131	R B2 R2 B' R2 B R D' B2 R D'	358113
75264133331213	R B R2 D2 B D' B R B' R2 B'	462889
56213471111111	R B D' B2 D B2 R' D R D B'	545838
31265471312213	R B R2 D' B2 D B D2 B' R2 B	347296
25134672313211	R B' R B' D' B D2 B D R D'	944050
74165233132313	R B2 R2 B' R' D2 R' D' R D' R	943558
12467351231321	R B D B2 R' B R' B D' R2 B	291420
32674152113333	R D2 R2 D B2 D2 R2 D' B2 D2 R	317323
56132472333332	R B2 D2 R2 B D' R B2 D' B R'	232924
36725413131113	R B D2 R B' D2 B' D R' D R2	406616
72365413331333	R B2 R D' B D2 B' D2 R D' B'	555578
32547611131112	R B R2 B2 R D' R B2 R2 B R'	365050
74165233131113	R B R2 B2 R' D' B2 D' R' B D'	629994
45176231131313	R2 B R' B R' B D R2 B2 D2 R	824077
36745213232213	R B R D' R D2 R' B2 D R' D	246229
56347211222132	R B2 R B' D R' B' D R' B R2	228873
36172452133133	R D R2 D2 R' D B2 R' B2 R B	358103
23756411222312	R B R' B R2 B2 D' R B' D' R	301285
46375211211332	R B R' B' R2 D' R' D R2 B' R'	223589
15624732133313	R B D2 R2 B R' B D R' B2 R'	398120
73615241113322	R B' R D2 B2 R2 D B' R B' R	487994
61235741313131	R B' D' B D R D2 R2 B' R B	755725
76245311121131	R B D' B D2 B' R D R2 B2 D2	178219
32417652132131	R B2 R' D B2 D B2 D2 R' D B'	237268
12356741133131	R B R2 B D2 B' R B2 D' B2 D	262100
14765232232322	R B R' D R' B2 D2 R D R D'	233294
64572131122223	R B R' D2 B D' B' R' D B2 D'	261028
36125473323233	R B2 R' D B' R2 D2 R D' R B2	300388
34617252111212	R B R D2 R B D B2 R' B R'	314986
67254311131133	R2 B D2 B' D2 R D' R2 D B D'	404619
23165741231312	R B2 D' R2 D B2 R' D R2 D2 R'	301798
17426531313131	R B2 R D B' R B D B2 R D2	271027
56721343123331	R B R2 B2 R' B R2 D' B2 D B	290601
14527631133311	R B R B D2 R2 B2 R B2 R' B	236354
51623743313321	R B R' D B' D' R B2 R B D'	297796
37614521323232	R B D R' B2 D R2 D' R D' B	276270
34125672131312	R B2 R' B2 D B D2 B2 D' R' D2	453720
32175462233111	R B D2 R' B2 R B R2 B' D2 B	510183
16537421223113	R B R2 D R' B R2 B2 D' R' D2	213415
74165231313131	R B D2 R B' R2 B' D R' B R2	175544
14725363223213	R B D' R B2 D' R' B R' D2 B'	236532
16543721113211	R B R D' R2 B D' B' R D' R2	254491
74165233111313	R B2 R2 B' R D' R D' R' D2 R'	271722
16547233332323	R B2 R2 D2 B D' R B' D2 B R'	306108
36725411313131	R B R2 B2 R' D' R2 D' B' R B'	262074
13642573221221	R B' R D2 R' D R' D R D' B2	338254
74152363133132	R B R2 B' D2 B R' D2 R' D R2	171451
34725611212211	R B2 D2 B D2 B R' D R2 D' R	304128
12374561121212	R B R2 B R2 D' R B D2 B R2	220548
74132563131221	R D2 B' R B2 R2 B' D R2 B' D2	294986
76325413222223	R B2 R2 D R B2 R D' B' D2 R	361532
43675122222122	R B' D' R D R B2 R2 D' B D	488261
17425631322332	R2 B R D2 B R' D R2 D R' B2	437282
24615732213311	R B R2 D' B R D2 B2 R B' R'	563727
76145231311331	R B R' B D' R2 D' R B R D2	255506
13246573221233	R B2 R B R' B R B D2 R B2	209580
12543673231223	R B D B2 R' D' B R' B D2 R	209136
76342511111231	R B R B' D2 R B2 R' D R' D	241107
56723411222312	R B2 R B' R D' B' D R' D R2	227518
15643271221331	R B2 D2 R B2 R D' R' D' B2 D'	195669
76315241322122	R B D2 R' B2 R D B2 D' R2 D	245206
23165743331312	R2 B2 D2 B' R B' R2 D' B D' R2	404335
62543711211113	R B2 D' B' R' D2 B D' R2 D' R2	261781
15267431223113	R B R2 D R' B R2 B2 D' R' D	210154
23165472311111	R B D' R D2 R' D B R2 D2 B2	262035
61452731311313	R B' R' D' R D' R' B2 R' D' B	284568
51724362122222	R B D' B2 D B R2 B R' B' D	297426
16745233333313	R D' B2 R B R2 B' D' B2 D' B'	443791
16745232121313	R B2 R B' D B2 D' B2 R D' B'	529660
34561272122321	R B2 R2 B' D' B R' D R' B R2	488761
74523611312111	R B R2 B2 R D' B D2 B2 D R'	304802
72543611221223	R B R D' R2 B2 R' B' R D2 B'	293009
54367212332213	R B D2 R D' B' R2 B' D2 R D'	247425
16543273221221	R B2 R2 B D' B R' D R' B R2	349757
72143653111211	R B R2 B R D' R B D B2 R'	370268
54671232221213	R B R2 B D R' B2 R' B' R2 D2	651352
56147232233213	R B R' B R' B D R2 B2 D2 R	530028
52741632123323	R D R2 D2 R B D2 B2 D' B2 R	555482
71563243221221	R B D' B2 R D' R D R' B2 R'	294310
34165271211131	R D B' D B R D' R2 D R' D2	392572
36745213121111	R D R' B D R B' D2 B R' B2	329871
15246371332331	R B R' B2 D2 B R D R' D' R	252726
14325672323222	R B D2 B2 R D B' R D2 R B2	246172
74325613133333	R B D2 R' D R B R2 B2 D' B	432045
56743213331333	R D R2 D2 R' B' R2 D R2 D' B2	563944
35624712321212	R B' D R2 D2 B' D B' R' D B	698467
74325613121312	R B' R' B D2 B2 D R' B' R D2	338729
74165231212121	R B R2 B D R' D B' R' B2 R2	251985
76351423321232	R B R2 B' D' B2 R B' R D R'	282418
72163453121213	R B2 R2 D' B D' B' D R2 B' D'	343156
36745212223232	R B D2 R' D' R D' R2 B D R'	441892
34165271131211	R B2 R B' D R D2 B2 D B D2	438775
73456123231322	R B R D B' D2 B R' B R' B'	404614
36725412121112	R B R2 B R D' R B' R' D2 R2	898931
12564733323122	R B R B D' B2 R2 B' D2 R' B	216615
45327612222323	R B D2 R2 B2 R' B D' B' R B	211207
26513471122121	R B2 R D' B2 R' B' R' D2 R' B	343968
76325411111213	R B2 R2 B D' R D B' R B R	247202
56321742211112	R D R D2 R' B R2 D' B2 D B'	446553
17423653213232	R B2 R' B R2 D' B R D R' D2	218645
12374651111222	R B2 D B' D' B2 R B2 R B2 R2	440466
45312762221111	R B' R' D2 R B R2 D' B2 D R2	246411
64231572311132	R B D R2 B' R' D2 R B R2 B	274587
52614372313211	R D R' B D B2 R' D B D2 B'	375897
53146272123233	R D R B2 R' D R2 B' R2 B R'	463095
53741621332112	R B' D2 R D' B D' B' D' R D2	305323
16475233132313	R B2 R2 D2 B' R2 B' R' D R' B'	296495
31572461122133	R B R2 D2 B R2 B R D' B R2	647901
53741621323112	R B' R2 D R' D B' R' B' R B2	490527
32157641232323	R B2 R B' D2 R D B D2 R' D2	495357
43216573212311	R B R' D B2 D' R B' D' R D2	233682
62471532232133	R B R B2 R B D2 B' R' B2 D	322720
54167231333213	R B R' B D R B2 D' R D2 R'	245890
24561372111131	R B' D2 B R' B R B2 D' B R	403337
31462751113322	R B D' B' D R2 D B R2 B2 D'	291407
74365211312111	R B R B2 D2 B D B' D2 B' R2	316017
72165432111113	R B2 R2 B R B' D' B D' B' R	333166
52341672211112	R B2 D' R2 D' B D' B' D2 B R2	651332
23167541233322	R B2 D' B2 R D' B' D R' D R'	287184
12365472223232	R B2 R D' B R D2 B2 D R D2	245354
72563411111213	R B R' D2 R' B2 D R' B' D R'	248193
16725432211121	R B2 R' D R' D R2 B' D' R D'	258193
14563272323222	R B R B' D2 B D' R' B D' R2	234729
72541631111312	R B' R B R2 D' R D' B D2 B'	310274
17426532121211	R B R B' R2 D R' B2 D2 R B'	203806
31257643311122	R B D2 B' D B' R B2 R' D2 R	427515
74136522322121	R B R' D B2 R D' R2 D' R B'	301081
61543271112311	R B' R2 B' D B2 D B2 R D B2	254350
36721453121111	R D2 R2 B' D' B R' D2 R D' B2	331952
32647512333233	R2 B2 R' D' B' R D2 R B2 R' B2	359152
34127653111211	R B R D' B2 D R2 D R B' R	222062
54716232222113	R B D' R B' R B' R2 D2 B' R'	385084
12347653111133	R B2 R2 D B D2 B D' R' D2 B	382227
16534723211123	R D2 R B D2 B' D' B2 R B D	719791
36745212121223	R B R2 B' R' D2 B R' D' R2 B2	258574
64275313312211	R B D2 B2 R2 D' B' R B' R D2	408302
71234563231322	R B2 D B' R D B' R2 D2 B D	417981
76254313211111	R2 B D2 B2 R2 D' B' R B' R D2	603617
57321642311132	R B R' B D B D2 R2 D B2 R2	581401
34216572213122	R D2 R2 D R2 D2 B2 D' R2 D2 B	601208
57214632212213	R2 B R' D R B' R2 B' R2 B R	809272
57364212313211	R B R D2 R B2 R B' R2 D2 B'	973183
76145232331313	R B R2 B' R' D2 R' B D B2 R2	316391
76231451123111	R B2 D' B R' D' R D2 R D B'	293103
52163471333123	R B R' D B2 D' B2 R D R B'	158098
32765411131112	R B R D2 B2 D B D' B2 D' R2	357824
32561473323212	R B R2 B' D B' D2 R2 B' R' B2	326062
43176252311132	R B D' B2 R B D R2 B' R D2	279352
76325411113121	R B2 R2 B D B' D' B R' B' R	371980
17463251313113	R B R' B' D' R' B2 D R' B2 R	308487
75613243133213	R B2 R' B R D R' D2 B D' R'	201924
74125632121121	R B2 R' B D' B R2 D' B' D B'	393507
74156322122123	R B R' B R B2 R D' R2 B R2	306222
32741651211131	R B R' D' B D2 R' D2 R' B R'	444710
36147251311121	R B R2 B' D B2 D R2 D2 B' D	323358
56741232111113	R B2 D2 R' D R B2 R2 D R D	466428
14765231111213	R B2 D2 R2 D' R' B R' B2 R D	499492
25763142223133	R B' D2 B R B2 D' B R2 B' R'	631650
52163473221323	R B R2 B' D R2 B' R2 B D B2	231635
32547611312111	R B D' R' D2 R' B2 R B' D' R	267639
62317453312211	R D' R2 D' B R2 B D2 R B D2	342829
15324673113311	R2 B R' D' R' D R2 B' D B2 D'	317241
32561471311121	R B2 R2 B R' B D R' B D R	270967
43571262122222	R B R D' B D' B R' D R2 B	445360
17462352213311	R B2 R B D2 B' R' B2 D R B	519683
74513263121222	R2 B R D' B D' B R' D R2 B	607243
42561733323122	R B R D2 B2 R B R2 D2 B' R'	237323
57364213332122	R B R2 B2 D R' D B' D B D	242615
47632513212332	R2 B2 R' B' D' R D2 R D2 R' D2	284193
42573613322231	R B R2 D' R' D' B R' B D' R2	265162
35624712121232	R B R2 B D2 R' D B D2 B R2	595276
45362712122222	R B D' B R' D' R D2 R B R'	589895
45613272233111	R B2 R2 D' R D' B2 D' R' B R'	687902
46215372313211	R2 B2 R B' D R D2 B' R D R2	1435165
17463251221331	R B R2 B D B' R2 D R B D'	176237
14765232331313	R B2 R2 D2 R B' R2 D B R2 D2	224370
46375212132131	R B R D2 B2 R2 D B' R2 B D'	211946
52741633313312	R B R' B D B2 D B' D2 R2 B	252382
13762451321321	R B R2 B2 R B2 D R2 D2 B D'	162786
32165743311131	R B R B2 D2 R2 B R' B2 R B'	250294
76325412231212	R B2 D2 B D B2 D B R2 B' R	516058
16532471111222	R B2 R B2 R2 D B' R' B D' R	500695
35624712321332	R B R' B R2 D R' B2 R' B R'	313666
72145633232231	R B R' D' R D2 R B' D' B D	188888
15246371331332	R B D' B R' B2 D R' B D B2	293321
76321452123323	R B' D R B2 R B' D2 R2 B R'	429502
16524731113133	R B2 R B' D2 R2 D' B R D2 R	470775
54217632132212	R2 B R' B R' D' B R2 B D R'	608554
72145633312223	R D2 B R' D B R2 D' R D B2	701057
73541262321212	R B R B2 R B R B2 D' R B	603780
23756413322312	R B D' B' D B' R2 D2 R B' R	190984
35462173221221	R B' R' D' B2 R B R B' D' B	224611
74165232111212	R B D' B2 R' B R2 B R' B' D2	182431
12374561211212	R B R' B R' B2 D R' D B D2	271522
61534721113211	R B D2 B R' B R' B D2 R' B	239323
62154733321121	R B D' R' D B2 D R2 B' R2 B	165308
21354673131113	R B' R2 B D B2 R' D2 B R B'	201330
67412353332221	R B D' B2 R2 B D2 B R2 D R	265417
34725613132223	R B2 R2 D R D2 R B' D' R2 B	323495
76253141211332	R B R' B D B D' R2 B D B'	243402
12345672121232	R B D2 B R D' B D' B' R2 B2	410324
45713623223132	R B D' B2 R' D R D' B R2 D2	299762
74561233321313	R D R' B2 R' B' R2 B D' R2 D2	454031
15236473231121	R B R' D2 B' D R D' R D2 B2	401234
54721632212222	R B2 R2 D R D' R2 D' B' R2 B	503452
36125473232222	R B2 D' B' R D2 R B R2 D2 R	633721
14367252322232	R B D2 B' R B2 R D2 R2 B' R'	228728
54231673123121	R B R' D R D B2 R2 B D2 R2	183517
34125673133333	R B2 R' D2 B D R2 D2 R' D' R2	273403
34127651131112	R B R B' R D' R2 B2 D R' B	338237
72365413121312	R D' R2 B R B2 R' D' B2 D' B'	336676
25163741112323	R B R2 B2 D2 R' B' D R' B R2	561122
32657143121213	R B R B' D B' D R' D B2 R	562120
62135743312223	R2 B R2 B2 D2 R' B' D R' B R2	767942
56132473213211	R B2 R D B' D2 B D B2 D2 R'	204370
26741351232113	R B R B2 D2 R B D2 R2 B' R'	308143
27415632323231	R B D2 R' B' R2 B' D' R2 B D	411191
67354213313333	R B D R2 D B2 D B' R' B R2	401752
36752143211132	R B D' B D2 R' B' D R' B2 R2	407278
24617532233321	R2 B2 R B' R D R2 B' R B D2	498298
53672142221213	R2 B R B' D B' D R' D B2 R	743641
25731642232211	R2 B R' B D R' B2 R' D2 R D	625415
63752411223212	R B R D' B2 D' B D R D2 R2	221544
21536742222131	R B2 R D2 B' D' B R' B R' D	330736
23147651112323	R B D B2 R2 D B' D' R B2 D2	275591
14763251221223	R D R' D' B R D2 R2 B2 R D'	344081
36741252122123	R B' R B2 R2 D' R B' R' D R2	294959
25714632223331	R B' R2 D R2 D' B R' D2 R' D	459813
54367213312133	R B' R B' R2 B R2 B' R2 B R'	439995
54321673313321	R2 B R' D B2 D2 R' D B' R' B	739928
54712362223322	R B2 R2 B D2 B D2 R' B R2 B2	349879
74532163123223	R B2 R' D R' D B2 D2 R2 B' R'	223574
65714323223123	R B2 R D' R2 B' R' D' R2 D' R	222484
23756143222331	R B' D B D2 B' R D2 B' D2 B	218521
13274651112323	R B2 D' B2 D' R D' R2 B2 D' R	392949
16753241221112	R B D' R B' D2 B R' B' R' D'	382583
46513273113221	R B R D' B2 D' R B2 D B' R	260156
53162743312223	R' B R' B D R2 B' D R B2 R'	1424561
35462712322322	R B2 R2 B R2 B' D2 R B' D2 B2	272798
75246131333312	R B' R' B D2 R' B R' D' B2 D'	276752
74163252112211	R B D2 R' B D' B2 R D R2 D2	243841
14527632212111	R B2 D2 B R2 B R' D B2 D' R	281150
12376451221211	R B D2 R' D R' B2 R' B2 D' R2	413274
12364571112212	R B2 D2 R D2 R D' R' B' D2 B2	554224
24615731122313	R B2 D' B2 D B2 R' B D2 B2 D'	494987
73615243331312	R B2 R2 B' D B2 R' D2 R B2 D'	483394
72163453133333	R B2 R2 D' R B' R' D R2 B' R'	238535
21367451311331	R B D R2 B D2 B R' D B2 R2	191370
74163253133231	R B2 R' B D' R2 B2 R' D' B2 D'	143212
13546271213213	R B D2 R2 B' D R' B D B' D'	184278
25743611233232	R B2 R D2 R2 B D' B' R D' B	241272
12456731233223	R B' R B' D R2 D2 B2 D' B D	334394
56743213121312	R B' R2 B' R D B D2 B2 D B	291110
24157361313212	R B2 D B R2 B R2 D2 B D' R2	328589
14527633312133	R B D' B2 R2 D R' B' R B' D	190613
76315243323323	R B2 D R' D B R2 D' B R' D'	259698
71345262132131	R D B2 R' D2 R' D B' D2 R2 D	222126
16725431311121	R B R B' R2 B D' R D' B2 R'	336163
37256142321233	R B D' R B2 D' R B' R2 D2 B	249227
36241753212311	R B' R2 B' R D2 R D2 B R B2	248335
72561342313223	R D' B2 D' B D2 B R2 D R D2	261410
32615473332122	R D R2 B' D2 B' D R' B2 D2 B	255299
17463251331221	R B D2 B' R' B2 D R' B R D'	184257
74123563323221	R B R B' D2 B' R B2 D R' B	272799
14625732113321	R B' R D' R2 D B' D B D2 R'	304610
14527631211131	R B' R B R2 D' B' D B2 D' R'	415469
74163252131111	R B2 D2 R2 D' B' R B' R2 B D	499158
74125632131111	R B R D' R2 D R' B D' B2 R'	415765
15634722123332	R D' R2 B R2 B' D' B2 R2 D R'	536811
17526431231321	R B2 R B2 D2 R D2 R' D2 R2 B'	862479
32156472312332	R B D' R B' D' R2 B2 D' R B'	170662
72513641232323	R B R2 B' D2 R2 B R' B' R2 B'	264441
67245131313323	R B D R2 D' R' D2 B D' B' R'	292488
41725362313211	R B R2 B D2 B2 R2 B R2 B' D'	349792
16725433113311	R B D R B2 D R2 D B' D2 R2	246262
25436712132122	R B' R D2 B' D' B D' R2 D R'	276561
31275461112233	R B' D R2 B2 D2 R B' D R' B	323548
16524731112212	R D R2 D' B' R2 D B' R D B'	516038
35162742213323	R B R' B D R2 B2 D' R2 D B	465995
41735261323313	R D' R D' R2 D' R' B' D B2 R	203158
23165472132332	R B' R B' R2 B R' D R B2 D'	273246
23165472111332	R B R2 B R B2 D B2 D R2 D	258910
21357462311111	R B' R2 D2 R B D2 B R D' R	468600
13276541323112	R B R2 D' B D' B R B R' B2	338829
16345273122323	R B' D B' D2 R B D2 R' B R'	306424
14726531232122	R B' R2 D2 B' R D' B2 R D' R2	517739
63472512123332	R B R B2 R' D B2 R' B2 R B'	255446
36721452122321	R B2 R' D R2 B' D' R' D B' R'	275432
24173652323231	R B R B' R2 D R' D' R D' B2	223801
15243671331221	R B2 R' D B2 R' B D R B' D2	246009
37624513231313	R B R2 B' D B2 D' B R D2 B'	284342
75346122133133	R B R' D' R B R' D2 B2 D B2	297211
71264533131323	R B R2 B R2 B' R D2 B' D2 B	389156
51723643131311	R B R' B D R' B2 R' D2 R D	412710
64351272132131	R B D2 R' D2 R B2 D' B D B'	233740
74152363132232	R B R2 D B D2 B2 R' B' D' B2	249277
27615433313213	R B R B2 R2 B D' R B' R B	266295
24516732233111	R B D R2 D R' B' D R' B2 R'	396839
36741252122333	R B R2 B2 R' B R2 D B2 D2 B'	390530
36217452131333	R B' R B' D2 R D' B R D2 R	426841
37614522313322	R B' D2 R2 B' R B' R2 D R' D2	406219
45367211111132	R B2 R' D' B2 R D' R2 D B' D2	520984
54367121113211	R B D' B2 R2 D' R' B R' B R	228660
12356741313131	R B R2 D B' D2 R2 D R' B' R2	222756
75264313231112	R B2 D2 R' D' B R' B2 D2 R D	353459
16527432333113	R B D2 R2 B2 D R B' R B' R'	287223
27643513311233	R D2 R2 D R2 D2 B2 D B2 D2 R'	375674
27614353311332	R B D' B R' B R' B2 D2 R' D'	315662
53714622233111	R B' R D2 R D' R D' B' R2 D2	343729
16547321113331	R B2 D' R2 D B D2 R2 B' D' R2	589703
36721452122123	R B R2 B' R B2 D' B' R D2 R2	223304
24571631121212	R B R' B R B2 D2 R' B2 R2 D'	351409
34562172232313	R D R2 B' R D2 R' B D' B' R'	285202
31475261322233	R B2 R' D2 B2 R' B D B' D2 B	359929
76345122311111	R B2 D2 R2 D R D B' R D' R2	321090
35172461232323	R B R2 D' B' D2 B' R' B2 D B	358699
67345211112233	R B2 R2 B' R B D' B2 R2 D' B	404216
65742311212313	R B2 R' B2 R' B R2 D B2 D B2	361755
25364173223231	R B R D' R' D' R B D' R B2	246852
54371621113322	R B R2 B' R2 D2 B D' B' D2 B	159375
15642372213311	R B2 R B D2 B' R' B2 D R B'	505454
52741632232211	R B R2 D R' B' R2 B' D2 R D'	340985
76145231131112	R B D2 B2 D' B D2 R' B' D2 R	333595
63574212123131	R B R2 D2 R B' D' R2 D' R D'	318157
45276131131133	R2 B D' R' D' R D2 B' D B2 D'	422663
17436521323232	R B R' B D2 R D' B' D' B2 D'	469365
45321671221121	R B' R B R2 D2 B R D2 R2 B'	234006
32765411112221	R B2 R' B R' B2 D2 B D' B R2	277116
73645211231111	R B' D R2 D' R D' B R2 D2 B2	253189
36745211211221	R B R2 B D' B R2 D' R B R'	216835
34275162112322	R B D2 B' R B2 D2 R B' R D2	418070
32164571111231	R B D B' D2 R D2 R' B R' B	223876
64275311222222	R B R D2 B2 R' B D' B' R2 D2	467124
63142573112123	R2 B' R2 D B R2 B R2 B D' R2	758746
64275133231112	R B2 D' B2 D R2 B' R D2 R2 D'	417677
32147652113333	R B R B' D2 R2 D B D B' D2	229374
76321453233131	R B2 R2 B R2 D' B R2 B2 R' D'	263453
35462173131311	R B2 R D2 R2 B D' B R2 B D2	239983
74512361322233	R D R' B' D B2 D B R2 B2 D'	320204
41635721212121	R D2 R' D' R D' B R2 B D' B	483545
36725412321212	R B2 R B R' B R' D B2 D2 B'	651228
76254133311323	R2 B D2 R2 B' R' D B' D R2 D	733270
76421351131121	R B R B' D2 B' R' B' R D2 B'	262479
76354121311313	R B R D2 B' R B D' B D' R'	280923
37651422312311	R D2 R' B D R D' R2 B D' B'	373484
34516271111111	R B D B' D2 B' D' R' B R2 D'	473397
76342513213112	R2 B R B2 D R' D B2 D B' D2	314995
61527431111111	R B' R B D2 R' D R' B D' R2	439898
61543271111111	R B' D2 R' B D R B2 R B' D	665096
65241371111111	R B2 R B' D R D2 B' R D R2	1042299
12346571111231	R B R' B2 R' B' D' R D2 B D'	156218
56723413222112	R B2 R D' B R' B' D B' D R2	164886
37516422333311	R B D R2 D2 R D' B R' D B	292982
74156323133123	R B D2 R2 B D' R D B' R2 B'	174971
72563413121111	R B R D' B2 R B' D R' B D2	224445
46512371331221	R B D' R2 B2 R D' B2 D' B2 D2	265592
65274131312213	R B2 R B' R D R2 B' R D R	368660
63471522332132	R B' R' D' B R2 B' D2 B' D R	237530
34651271123111	R B2 D' R B D R2 D R' B' D'	271425
45167323322231	R B D' R D' B R2 B2 R B D	268399
36217543213112	R B D' R2 B' D R B' D R2 B2	249507
76521433232333	R B R' B2 D' B R' D' R2 B D	263647
72345613333331	R B' D' R D' B' R B2 D' B2 D	327618
42516372233111	R B2 D' R2 D' R D' B2 R2 D' B	432202
34265712212132	R D R2 D2 R' D R2 B' R2 B R	454690
52167432131213	R B' D2 R B R2 B' R' D2 R' B'	408211
34261572133121	R B R' B' R2 D2 B' D B R' D	211833
74361253211231	R B R B' D' B D' R' D R2 D	187403
62135743222331	R B R' B' R D' R2 B2 D' B' R2	216424
71543623111121	R B2 R' B R2 B R2 B2 D' R D'	279702
32145671123333	R B2 R' B R2 D' R' D' B R' B'	204407
36527412221312	R B D2 B' R' B2 D R' D' B2 R2	347260
13642571223221	R B R2 B2 R' B2 D' R' D2 R' B'	284370
13246571113232	R D' B' D2 R D R2 D' B' R2 B'	301723
34725613311113	R B D R B2 D2 R2 D B2 D' B	295290
65132472131231	R B R B' D2 B' D B R D2 R2	218582
31264573222223	R B2 R D' B2 R B R2 D' B' D	196285
13246752133211	R B2 D' B2 R D' B D' B R' D	405053
71523463131311	R B2 R B' R2 B' D B2 R B' R2	440396
24615733311122	R B R' D2 B2 D R D R' B2 D	501979
47136252133112	R D2 R B R2 B R' D' B2 R2 D'	408320
12345673132313	R B' D2 B' R' B D' R D' R2 D2	572306
16527433312133	R B R B2 R2 D' B R' B R B2	228512
52471631223113	R B' R2 D R' B D' R' B' R D2	191413
42315673112111	R B R' B2 D' B D' R' D R2 D	262198
72356141232113	R B R' B' D R2 D R D2 R2 B'	244673
16374521112323	R B D B2 D B' D' R D' B2 R2	348725
52761431111213	R B D2 B' D B2 D B2 D2 R' B'	256877
43216573212332	R2 B R2 B2 D B' D' B R2 D B	434323
54763212322232	R B R' B2 R' D2 B D' B' D B'	353210
53126471231321	R B R' B2 D2 R' D' R D' B R	245292
12763452322232	R B D R' D2 R D' B D' R2 B	226496
76315243211231	R B R2 B R2 D B D' R B' R'	187237
17356242211331	R2 B R2 B R2 D B D' R B' R'	318068
17425631223113	R B D B2 D B2 D' B2 R B R2	262493
32475163331222	R B R' B2 D2 B R' B2 R' B2 R2	226861
31456722111221	R B D R B' D2 R2 D' B2 R' B	330407
34165273133312	R D B' R2 B' R' B2 R D' R2 D2	468750
62374511322311	R B R' B2 D' B D R' D B2 R2	181501
74361253112132	R D2 B R' B R B2 D' B R D2	245398
56123471223221	R B R B2 D2 B' R' B2 D' R' B	196140
34621572132131	R B D R2 D' R D2 B' R2 B D'	236699
61734523222331	R2 B R B' R D B2 D2 R' B' D	399427
32745612322331	R B R B2 R D B' D2 B' R' D2	259505
45612373112231	R B2 R2 B' D B D' R2 B2 D' R	336744
45671233112132	R B2 R' B2 R' D R2 B R2 B R2	327983
71532463221332	R B R D2 R D' R B' D B D	239244
34127651213111	R B R' B' D2 B' R2 B R' D' R'	370024
24351761212232	R B D' B' R B' D2 R2 B' D' B2	339208
52134761232113	R B D' R' D R2 D B D2 B2 R'	300494
72143651312111	R B R B2 D2 B D B' R2 D2 B	375006
64531272132131	R B D R2 D' R D2 B' R2 B D2	276351
24351673111133	R D B' D B2 D' B D' B R D2	526819
25314673111313	R2 B D' B R' B R B2 D2 R2 B	782489
41325762313223	R B D2 B2 R2 D' R' B R' B D2	219658
14267351321321	R B D2 R2 B2 R' D B' D' R B	174573
54721633313321	R B2 R D' R D' B' R B' R D2	200174
53724612121112	R B D' R B R2 D2 B' R2 B2 D'	300833
16537421111222	R B R2 B' R' D2 B R' B R B'	216209
52741362313211	R B D R2 D B2 D R' D2 B2 R'	451666
24351761111123	R2 B D2 B2 R2 D' R' B R' B D2	387274
61234572231323	R B2 D R2 D' R D' B D' B' D	412563
51264732213311	R B R B2 R2 D2 R' D' R D' B	234628
34561273221233	R B R' D R' D2 B2 D R D R2	258832
36125471312111	R B D2 B2 D' B R2 D' B' D2 R	229854
53421671321231	R B R2 D2 B R2 B R' D' R2 D	213696
16342571331221	R B2 D B' D B D' B2 R2 D R	177471
46215372121223	R B D' B R2 D' R2 D' R B' R'	307227
31754621331122	R2 B R2 B D2 R B D' B D' B'	430599
67354212311132	R B D2 R2 B R' B R' D2 R B'	472816
36725412121211	R B2 R B D' R B' D R2 D2 R'	284526
16725433333232	R B R2 B R' B R2 D' B D B'	239936
71432561323232	R B R D' B2 R B2 R' D B' D	244160
72435163333313	R D' B D' R2 D' B' D' B R2 D	412799
76325412333233	R B2 D2 B R2 B D' R B2 R' B	377390
31265471111111	R B' D B2 D' B R' D R2 B2 D2	416628
73654122111122	R D' R2 B R2 B' R' D2 B2 R B'	462401
54716322313223	R B D B2 D2 R2 D' B' R B' R	443416
36714523132322	R B2 R B D' R B R B2 D B2	193690
63725143122113	R B2 D' R2 D R2 B' D B2 D2 B'	296452
34561273311233	R B D B' R2 D2 R' D' R B2 D'	353233
14752363232222	R B' R D R B' R2 B' R2 B' D2	228248
45213672221123	R B' R B2 R' B D2 R' B2 R D2	375827
56123473223312	R B R' D R D2 R B' R2 D2 B	296762
16273541321321	R B' D R D' B2 R2 B R' B2 R'	236341
32671453123313	R B2 R2 D2 B' R2 B' D' B D' B'	556123
43216573132121	R B R2 B2 D' B R' D2 R' D2 R'	234548
62735143223213	R B' D2 B' R' B2 R' B D R2 B2	286299
67132541133311	R D' R2 B2 R' B2 D B2 D2 B D'	400029
35162473122221	R B D B2 R2 B' D' B' D R2 D2	238673
37426513132313	R B R2 B' R2 B D' R2 D' B D2	224661
43527612312323	R B D R2 B' R D' R D' R2 B	254759
35614722321233	R B2 D2 R D2 R B' R' B' D2 B2	334832
25314673111331	R2 B R2 D2 B2 R B D' R D' B	599892
53721463223312	R B2 R B2 R2 B R2 D R2 D2 B	240629
41756233121231	R B2 R B D2 B R' D' R2 B2 D'	284805
72543613132232	R D R' D R' B R2 D2 B2 R B'	333644
62135473132121	R B2 D2 R2 D B D B' R B' R2	231956
74152363133222	R B' R B2 R' D B' R B D' B2	335476
32561472213122	R B R2 B' D R2 B' D' R B2 R2	346121
54321673323311	R2 B D' R' D B' R2 D2 R D' B	462724
24571362221213	R B R2 B D R' B2 R' B' R2 D	710189
64713253112111	R B D R' B2 D' R B' D' R B2	211959
45312673231313	R2 B2 R B D2 B' R2 B R' B' D2	308332
71326451211311	R B2 R' D' B' R D2 B R' D B'	301828
21354763312211	R B D' R B' D' R2 B' R2 B' D'	486820
64271533221212	R B2 D' R2 B D' R' B D' R D'	370227
62317453112111	R B D B2 D B' D' R D' R2 B	265408
34561721111111	R B2 R' D' R' D B2 R D' R D'	493275
62374513112321	R B' R2 B' R' D' R D2 B D' B2	373354
72563412131111	R B R2 B' R D2 R B2 R2 D' B'	228020
24536713231232	R B R D2 B D2 B2 D R' B2 D2	225443
32156742333131	R B R B2 R B R' D B2 R D2	348534
32167451213333	R B2 D' R' B D' R B2 D' B D'	222173
35162473332131	R B D2 R' D' R D R2 B2 D2 R'	345960
54361272223232	R B2 D2 R' B D R2 D2 B R D	305813
64321572311132	R B' R2 B D R2 B2 D R B R2	619696
34725612121322	R B2 D' R D R' D B' D2 B' R	848030
32765413223312	R B2 R D R2 D2 B D' R D2 R'	156886
73516243332131	R B D B2 R2 D R' D R' B R'	240373
31452671332232	R B D' B D R D' R2 B R D'	243915
36547212221222	R B' R2 D2 R D R B' R2 D R	336658
65723143321313	R B R2 B R' B' D B' D2 R B'	344175
43651722323132	R B' R2 B R' B D R2 B' D R	301396
43765212222122	R D B2 D2 B' R D2 B' D2 B R	580086
17426531232233	R D' R' B2 R' D' R2 D R B2 D'	626443
41725361232113	R B R' B2 D2 B D R D' R2 B	329873
62147353123121	R B2 D' R' B' D2 R B' D2 B' R2	258884
45312761113211	R B2 R' B2 R D2 B2 R' D' B2 D2	465180
31265741233331	R D R D' B D' R B2 R B R	363729
45176231133113	R2 B D2 R2 B2 D R B' R B' R	493296
52163472131222	R B D2 R2 D R B2 R B R2 B'	413267
76512343213313	R D2 B' R2 D R' B R' B D' B	542793
14567231312213	R D R' D' B D2 B D' R' B R	973700
13462572213311	R B R2 D B' D2 B' D' R D2 B'	226422
31264752132122	R B2 R D' R B' R' B2 R' B2 D2	260590
14765231133131	R B D B D2 R2 B2 R B2 R' D	383481
45312673132313	R2 B2 R D R2 D' R2 D R' B' D2	539614
71523463331312	R B2 R2 D' R B' R' D R B' R	496135
36725413111313	R B' R2 B' D' B R' B R' D2 R2	451257
37624512121322	R D B' R2 B' R B D B2 D2 B	932128
12345761111111	R B R' D2 B' D R' D' B D2 B	2221083
74523611121113	R B R' D' R2 D' B2 D R' B' R	219643
51264731113322	R B R' D' R D2 R B D2 B2 R'	249122
36127451333222	R B R B D' B2 R' D B D B	349402
67342512222113	R B R' B R B' D2 R D' B R'	224950
71264533231223	R B' D R2 D' R D' R D R' B2	425127
54367211132222	R B D B2 R2 B' R B' D' B2 R'	494913
72361542333233	R2 B D R' D R B2 R2 D' R' B	514237
35472163222313	R B D2 R' B D R2 D R' B' D	204306
54612372222131	R B D R B2 D B' D2 R2 B' R	230604
23751461132123	R B R' D' R B2 R B2 D' R2 D	310365
25367411211122	R B D2 B2 R B' R B' R D R2	309109
32547613111211	R B R D' B2 D R2 D R B' R'	306920
74523612111311	R B R' D2 B' D B' R' D2 B R	384959
45321673113311	R2 B' D R B2 R' B R2 D' B2 D	631221
32164572312323	R B' R2 D B R2 B R2 B D' R2	566648
32745612313322	R B R2 D B2 R' D' B' D2 B' R'	847304
41625731222231	R B D' B' D2 B' R' D2 B R2 B'	267033
14762351221331	R D R2 D' R' B2 D B' R B D'	290978
34562171321111	R B2 R B R' B2 D2 R D2 R' D'	263653
14763253133231	R B D' R D' R2 B2 R B R D2	268589
72143651131112	R B D' B' D2 B' D2 B D' B' R'	328993
72165433121333	R B2 R2 D2 R D' B2 R B D2 R2	465650
17425631313113	R B D R2 D R2 D' B2 R D R2	447773
35246171111111	R B R B2 R D' B' R B' R2 B2	798802
52471631323112	R B' D2 R D' R B' R' D' R B2	352209
76215341231231	R B R D' R B2 D' R2 D B R2	142511
16427532333233	R2 B D2 B2 R B' R' B D2 R D	412064
14765232211211	R B R2 D' B R' D2 B D R2 D2	230545
67354212111221	R B2 R' B R2 D' B' R' D2 B D	165630
52147631311121	R B R2 B' D B2 D R2 D2 B' D'	269071
45621373123331	R B R' D' R2 D' R' B2 D B2 D'	306039
17642531112233	R D B' D' B R2 B R B2 R2 D'	326919
74156322122321	R B D R2 B' R2 D B D2 B D'	195698
74125632122111	R B R' B2 D2 B' R' D2 R D2 B'	206253
16572433213223	R B D' R2 B2 R D2 R D2 B R	266079
21367452112112	R B R2 D' R B' R2 B' R2 D' R2	184665
27134561131133	R B R' B' D R D' R D2 R' B	463833
52741633321223	R B' D B' R2 B R2 B' D2 B D'	486894
65132472233321	R D B2 R2 D R' B R' B2 R D'	644600
65274133312223	R B R D' R2 B R D' R D2 R	632328
47632153212311	R B' D2 B' R B2 R B2 D B R2	331970
74213652323132	R B R' D B R' D B' D2 B2 R	220579
31257462312311	R B2 R2 D2 B' D' R D' R2 D B'	354500
14736251111132	R B2 R D R2 B2 R' D' B2 D R'	281673
54612733322213	R B2 R' D R' B2 D' R B' D2 B2	426845
74561233233323	R D R B' D2 B R' D B' R2 D'	436222
12543671211212	R B2 D R' D2 B' R B D' R B	266178
52763413322312	R2 B R' B R2 B2 D' R B' D' R	483076
14735621221112	R B R' D' B R' B' D B' D R'	261659
14527632333332	R D2 R' D2 R D' B' R D2 B R2	231606
54163271133221	R B2 D R' B R D2 B' D R D2	387515
37624513131323	R B D R B2 D2 R2 D B2 D' B2	296456
53426171112233	R B R2 B2 D' R B' D' R D2 B'	443936
41723562313211	R B R' B R2 D R' D' B' D2 B'	1028299
24731561111111	R2 B R' B R2 D R' D' B' D2 B'	1432579
17543261111111	R D B' R2 B R' B D R2 B2 D2	1888904
16573241123123	R B' R D R2 D2 B2 R' B' R B2	321870
52641733212311	R B R' B' D' R2 B2 D' B D' B	366048
46135272133313	R B R B' D2 B D' R B R' B2	546680
14632571111111	R2 B R' B2 R' D' B' R D2 B R'	965348
76354123313333	R B2 R2 D B' D B' R2 B D2 R2	744986
15236471111111	R B' R2 B' D' B' D R2 B R' D2	1103548
14673251111111	R B' D' R D2 B' D B R B' R2	1824934
76354122212222	R B R2 D2 B R' B R B' D2 B'	731377
56123473322312	R B D' B D R2 D B' D2 R2 B	259122
47163522131222	R B R' B2 R' B' D' R D2 B' R	295032
14625731131121	R B' D' B' D R2 B' R2 B R' D	386785
54126371331221	R B R' B' D R D' R D2 R' D	231394
56423171231231	R B R' B' D B' R2 D2 B' R' D	311782
63247511123132	R B D' B D' B' D' R B2 D B'	367200
32465172132131	R B R B' R D' B R2 B' D2 R	351122
73615242223133	R B2 D' R D R B2 R2 D' B D	571897
45376121331311	R D B' R D2 R' D B' D B R2	258952
63745123122212	R B R2 D' B R2 B' D' R2 B2 D	337528
32165742211112	R B' D2 R D' B' R D B' R D2	295324
32417562113321	R B' R D' B' D B2 D R D' B	442153
37614521111111	R B' D R2 D' R2 B D' R' D' R	393726
63574212313211	R D' R B R B2 R D' B' R B'	437674
26743512121232	R B' R2 D' R' D R D' B2 D B	549910
76341251112131	R B2 D' B' R2 D B D2 B2 D' R'	607728
75243611113232	R B2 R B' R2 D R B D2 R' B2	252106
76342511323112	R B D2 R' B R' B D R B' R2	217340
47156322313232	R B R2 B R' D' B R' B' R2 B	163166
61257343232123	R B D' B2 D B' R B' R2 B2 D2	224406
63452712333221	R B2 R B D' B2 D B D2 B2 R'	201315
76312543322222	R D2 B' R D2 R2 D' R D2 B' R2	288732
54367211333213	R B2 R' D B' R' B R B' D R'	284109
34567212223232	R D R2 D' B R B2 D' R' D B	552781
12543672121121	R B D2 R2 D B2 D' B R B2 D'	213411
26153473132121	R B2 R' B2 R B2 D2 R' B' R2 B2	256158
46527133111121	R B R' D2 R B' R B' D2 B2 R2	274279
63752142332132	R B R D2 R' D' R2 B D2 B' D2	345183
36752142123221	R B D2 B D2 B D' B' R B2 R	204352
21376541122211	R D R D' R B' R B2 R' D2 B'	336569
56123471331332	R D B2 D2 B D B2 D2 B' R2 D	329436
13275643212221	R B2 R2 B' R B2 D' B2 D R2 B'	308256
25736411331113	R B' R B D2 R' D2 B R D2 R'	244451
15367421223113	R B D2 B D R2 B' R2 D R D2	192003
24715631122121	R B' D2 B R B2 D2 R2 B R' B'	266027
12567433232333	R B R' B' R D2 R' B D R B2	299775
34715262221123	R B' D' R B' D R2 D R' D R2	372142
25736141233232	R D2 B D2 B' R D' R D' B' R'	428751
31265471122133	R B2 D R' B D R2 B' R D' R'	365188
12543673233323	R D R' D B R B' R2 B D' B2	395950
15642372231332	R B D' B R B2 R B' D2 R B2	218103
67245311133233	R B D' R' D2 R' D' B2 R D2 R'	249332
47321651311133	R B R B R2 D' B2 D R2 B' D'	299339
32147651213333	R B' R D R' B D2 R2 B' R D2	268205
75314623113122	R B2 R' D2 R' D B2 R B2 R D2	262277
74561232221111	R B' R2 B' R D2 B2 R B' D2 R	277726
62134572321323	R B' R D R' B2 D2 B D' R2 D'	279276
56712343211123	R B2 R' B R2 B' D R2 B' R' B	339956
16725431211122	R B R' D2 B2 D' B' D2 B R2 D'	246009
72143563222331	R B D' R' D R D' B R2 B' D	237097
37246511112233	R D R' D' B D2 B D R2 D2 B'	348249
12354763211123	R B2 D' B R' D R2 D R D' R2	331050
12365472321233	R B' D2 B' D B2 R2 D R' D2 B	320590
74126352333122	R D' R B D2 B2 R2 D' R' B R2	401305
17426531121212	R B2 R D B2 R' B2 D R D B'	242534
12367451123333	R B2 R2 B R D' R D' R D' R2	254200
35162473323131	R B R' D B2 R' B' R D' R2 B'	256035
13764252323231	R B D2 B D' R B' R B2 D' B	244257
12637451332112	R B R2 B R B2 D' R2 B R D2	188542
76321453321133	R B R' D' R B D2 B2 R2 B R'	293635
31247651113232	R B R2 D2 B D2 B R' D' B2 D'	288040
27534161111123	R D' R2 D' R B2 R D2 B D R2	352105
46273513221212	R B R' D2 R' D' R' B D2 R' B	356682
63724153121213	R D B R2 D2 B D' R D' R D'	950482
12543672331232	R B R2 B D' R B2 R D2 B D2	230013
32167452211121	R B D2 R2 D R2 D' B D R2 B'	246307
76324151112233	R B D B' D2 R B2 R' D R' D'	174865
65132473111331	R B' R2 B R B2 D' B2 R B R'	356041
71462533221113	R B2 D' B D2 B2 D' R D2 B' R2	403699
32561471131211	R B2 R2 B R D' B' D B' D' R	289296
54376121322233	R B D2 B2 R' B R' D' B R2 D'	397209
17265433111313	R D2 R B R' D R' B2 R' B R'	588723
47621532232331	R B R' D R' B' R' B D2 R D'	153557
14735621223113	R B R' B' R D' B' D R' D R'	214280
17356241212313	R B R' B' R D2 R B R' D2 R2	317412
47653213232111	R B R B D2 B R' B' R' D2 R2	311448
42367153111121	R B R' D2 R B' R B R2 D2 B2	329920
17324561211323	R D2 R B' D B R2 D' R B R2	310451
56174232323333	R B' D B R2 D2 B R B2 R2 D'	403597
46257313312211	R2 D R' D B R2 B R2 D2 B D	739982
32147651123333	R B2 R D R D2 B D' R2 D' R	265032
54362171113133	R B R B D' B2 D R' B R' D'	235772
67345212111122	R B R D' R D' B D2 B' D2 R	321328
35617423131332	R B2 R2 D2 B' R' B D' B2 D B'	358571
73615423213211	R D2 R' D R B D' R2 B R' B'	302856
54376211111222	R B R B2 R' D' B2 D' B2 D B2	269891
41725631111111	R B' D' R' D R2 B' D2 B D' B	493724
31275463311122	R B2 D' B D R D2 R2 B' R B	500318
72541632131111	R B R D' R2 D R' B D' B2 R	242246
56347212123233	R B2 D' R B2 R' B' R B' D2 B2	291269
32157642231323	R B D2 B R B' D2 R B D B'	278157
26153471122121	R B2 D' R' B2 R D2 B' D R B2	291959
21376541112311	R B D B' D2 R2 D B' R' B2 R2	295426
32164572232313	R B' R D' R B2 D' R' B D2 B'	378619
14527631131211	R B D2 R' D' B R' D2 B R B	371757
14725362211121	R B' D2 B D R2 B2 D2 R B' D'	309077
56123473222112	R B R' D R' D' B R B' D B2	279051
54721632133232	R B2 R' B' R2 D2 B R D B' D2	247986
52174633223123	R B' R' B' R D' R' D2 R' D' R	253392
45376211333123	R B' R2 D2 B D' R2 B D' B' R'	208070
71263541333222	R2 B' R2 D B D2 B R2 B R' B2	408546
61453721311112	R B D2 B' D B' D2 R D2 R' B2	233793
74561232111113	R B2 R D' R D R2 B2 R B D2	446429
73645213333112	R B2 D B' D B R2 D' B D' R'	380177
56123471333123	R B2 R' D R' B' R B R' D R'	293468
32156471113211	R B R' B D2 B' R B R2 D2 B2	207350
14752631112311	R B' R B' D2 B D2 R' D R B	341453
54367211213333	R D B2 D2 B D R2 D2 R' D2 B	369939
52761432131111	R B D' B2 D' B2 R D' R' B R'	261992
63172452312323	R B R B R D2 R B' R D2 B2	311793
15762342122213	R B D' R B' D R2 D R' D R'	682437
64357212313211	R B D B2 D R2 D B' R2 D2 B'	998965
21376541111123	R B D B' R B2 R' B D' R B2	220612
25763411332322	R B D' R D2 R' B D' B D R2	264336
46375213123121	R B' D2 R D' R' D B D' R B2	256405
27613543333133	R B' R B R2 D2 B R' B2 R B2	369303
21354761112311	R B D B' D2 R2 D B' R B2 R2	286994
47165322132212	R B2 D' R2 D R2 B' D R2 D2 R'	778415
75264133121333	R B R D2 R B D' R B2 D B2	676184
27314652313211	R B' R B D B2 D B' D' R D'	1645905
36725411212121	R B R2 B D R' D B' R' D2 R2	187790
76523413223231	R B2 D R' D R D2 B' R B R2	295496
23657142121112	R B' R D R2 B2 D R' D2 R D2	546784
74165232121112	R B R2 B R D' R B' R' B2 R2	468804
54163272233111	R D R B R' B2 D' B R D R	941837
35721642221213	R2 B D' R B' D' R D2 R D R'	840863
46123571111111	R B R' B2 R D' R D' R2 B2 D2	1139348
76245313123121	R B2 R D2 R2 B R D R' D2 R'	353100
16523741112212	R B R D2 R2 B' R D2 R' D2 R2	209920
14762351331221	R B2 R B' R2 D2 R' B R D2 R	262709
12463751231231	R B2 R B2 R2 D R' D' R D' R	241340
52741633323311	R B D' R D R2 D B' R2 D2 B	268358
23165471311133	R B2 R B2 R2 D B D R' D2 R'	404412
76321452122333	R B R2 B2 R' B D2 R D2 R2 D	328044
16537421113331	R B D2 B D R' B2 D R D B'	218562
76354123211132	R B R' D R2 B' D' B R' D2 R2	347163
13627451332112	R B R' B' D' B D2 B' D R' B'	207246
74312652333332	R B R2 B2 D B' D B' D R B2	226483
14752363222121	R B R2 B R2 B D' B' D R2 D	238600
54712361323313	R B2 D2 R' D' R D' B2 R2 D B	338289
45312672223331	R B2 R' B' D R2 B' R' D' R D2	442234
51642371122313	R B2 D2 R' B' D R' B2 D2 R D	592851
37624512231212	R B R' B2 R' D B D B2 D2 B	721501
16275341312213	R B2 D' R2 D' B D' B2 R2 D' R	1247168
27536412332312	R B2 R2 B' D R' D R2 D B D2	321767
36741252122321	R B2 R2 B R B' R D' R B' D2	484086
14763253221221	R B R' B R' D B2 R2 D2 B R'	311070
72561432213122	R B' R D2 R2 B' D B' D' B R2	477550
56347122333233	R B' R B D2 B' R B2 D' B2 D	302383
16527431312222	R D R' B' D R D2 R2 B2 R B'	647557
27416532133232	R B D2 R' D B' R2 B' R2 D' R2	190253
47265312313211	R' D R' D B D2 R' D R B2 R'	942555
12546371221331	R B2 D2 R B2 R D' R' D' B2 D2	190029
21345762223322	R D2 B' R2 B R2 D' R D2 R2 D'	361008
32167451333111	R B D B2 R' B2 R B2 R2 D' B	272478
32561472133313	R B R' D2 B2 R' B D R B2 D2	459351
16243571132132	R B R2 D' R D' B2 D' R2 B' R2	175365
76512343332311	R D2 B' R2 D R' D R' B D' R	380846
74561233131233	R B D' R2 B D B2 D R2 D2 B	280118
63725143123313	R2 B2 D2 B' D R' D2 B' R D' B2	625126
12543673111331	R B D R' D R2 D' B2 R B' R	199560
65132741223323	R B R' D' R B' D B2 R2 D' B'	188210
76543212132323	R B D' R D' B2 R2 D R B D'	244964
12357462211112	R B' R B R2 B2 D2 R' D' R D2	378625
25436712123122	R B D2 B R B2 D B2 D B2 D	268997
75346213132121	R B D R' B2 D2 B R' B D2 B2	332135
21345762312323	R B' R B' D R2 D2 B2 D B R'	431344
63725141112323	R D R2 B' R B R2 D2 B R' D'	394434
46375213333121	R B R2 B D' R D' B' R' D R2	228686
36527411131133	R B R2 D2 B' D2 B D' B' R D2	278746
14726531223122	R B' D2 R2 B' D B' R2 D B' R2	275633
14736521132222	R B2 R D R' B R D B2 R B2	325522
13276541323322	R B D2 R' B D' R D B R' D2	347795
32165742331112	R B R2 B R' D R' B' R' B R2	434013
67245311112311	R D R' D B R2 B R2 D2 B D	543802
41735622313322	R B R2 D2 B D2 B R D' R D	687796
76245311213312	R B D' R' D R2 D B' R B2 R'	246335
12367541331131	R B R2 D2 B' D R' D B D' B'	390982
56324171221331	R B R' B R2 D' B D' R2 B2 D	322927
35426713131113	R B R B2 D' R B R' B D' B'	316390
36145272131213	R D' R2 D' B R B R2 B2 R B	428183
74325612221222	R B R2 B2 R' D' R2 B D2 B' R2	356931
41736522332231	R B D2 R2 B' R D' B D R' D'	281025
14735621223332	R2 B D' B2 R' D R D' B R2 D2	450663
67435121332112	R B D2 R' D2 R' B D' B2 R2 B	189776
76145233232333	R B R2 B2 D R D' B D2 B D2	234464
32476513232231	R B' R D' B R2 B2 D2 B' R D	210382
67435123123121	R B D2 R' D2 R' D R' D2 B2 D	206017
54167233232333	R B' D' R B2 R B D' B' R2 D	305508
35162472122231	R B R' D2 R' B D2 B2 D' B2 R	305908
54326711112212	R B D' B R2 D' R B' D2 R2 B	334756
14632571321132	R B' R B' R' D B R2 D' B' D	425790
47256133212311	R B D' R' D' R2 B2 D' R B' R	299379
14723651111213	R B D B' R2 B D' B D' B2 R'	364480
14327653121213	R B2 R' D2 B D B2 D2 B' R' D2	251428
14763521113211	R B2 R B2 D2 R B2 R' B2 R2 D'	285906
71432563323113	R B D2 R' B R2 D R' D' B' D	362256
14765231111312	R B' R D R' B2 D B2 D B' R	388650
37614522113321	R B' R2 D2 B' D B' D2 R B' D2	700208
52167433331333	R B' R B2 D' B2 D R' B D2 B'	662272
72345611331332	R B2 D' B' D B' R D2 B' R B'	184301
16534271111132	R B R B2 D' R B' R B' R2 D	248863
12745633131131	R B2 D' B' D B2 D R B2 D2 B	307989
32174652332132	R B D B' R B' R D2 R' D2 B'	257930
65132471323121	R B' D' B D2 B R' B' R D2 R2	286469
12345673131323	R B R2 D B' D2 B' R B' R D2	491576
32165741111132	R B D2 B D' B' D R' D' R2 D	209453
37615421113322	R B2 R' D B' R B' D R' D2 R2	510259
17362451231321	R B D R' D2 B D' R' D B' R2	287644
27453161123111	R B R2 D B2 D R2 D2 B' D R	260101
32167453222313	R B R D B2 R B2 R B' R2 D2	236773
17452363213232	R B2 R' B R2 D' B R D R' D'	280213
76315241113112	R B D2 B D' R B R2 D' B R'	256970
76354212312233	R B2 R D' R D R2 B' R B R	536016
41625373121213	R B R D2 R' D' R2 B D' R' D'	803288
23165742131333	R2 B2 D2 B' D B' R2 D' R D' R2	1032962
36725413131311	R B' D2 B' D' B D' B R' D2 R2	227444
46375212113111	R B D2 B R' D' R D' B' D2 B	251140
34725612231332	R B D2 B' R D2 B' D' B D2 B2	263800
17463251122112	R B D2 R D' B R2 B2 D' R' B2	323470
42615372213311	R D B2 R' B D R2 B2 D B' R'	515123
14325673311131	R B2 D' R' D B2 D B D2 R2 D	602676
65174233331213	R B D R' B2 D' R D R B2 R2	787168
16257433223123	R B D B2 R2 B' D' B2 D' B2 D	235909
32175461113112	R B D2 B R' B R B2 D' B R'	223799
56723413331111	R B R B' R2 D2 R B R2 B R2	238645
34275162213221	R B' R B' R2 B' R' D' R D2 B	430852
71362453113311	R B R' D' R D R' B R2 B' R	428808
23165742131321	R D2 B' R2 B D2 R' D R2 D2 R'	460510
12357461113331	R B2 D2 R D2 R D' R' B' D2 B'	481769
67321451212211	R2 B R' D' R D R' B R2 B' R	640717
76325411111312	R D2 R2 B' R' D B' D2 B D' B2	776094
24531673123121	R D B R2 B' D R2 B' D2 B D'	226939
14325673232333	R B R2 B2 R' D' R2 B R B2 D'	255743
53742612323333	R B2 R B' R2 D' B' R' D2 R' D	274339
14536273311311	R B D2 B2 R D' B' D B2 R B	315524
74265312333233	R B D2 B' D2 R D' R2 D B D'	270320
16245371231231	R B2 D R' D' B2 R D2 R D2 R2	251633
31564272212111	R2 B D2 B2 R D' B' D B2 R B	521458
45736121122211	R D B D2 B' D R2 B' D2 B R'	484057
73625141112323	R B R2 B' R2 D2 B D B' D R2	297898
63741522123131	R B R D2 R B R2 B' R' D2 B	372054
16423572112121	R B D2 B2 R D' B D' R B R2	226458
67321542232133	R B D B2 R' B' R2 B D R2 D	370048
26547313131323	R B2 D2 B' D R' D R2 D' R2 D	331334
52167432122222	R D2 R' B2 D R D2 R2 D' B' D2	365068
36547212121313	R B' R D2 B' D2 B R' B D2 B'	510089
24315762213323	R B R' D R B2 D' R D R2 D'	1150186
72143652111311	R B R D2 B' R D' B' D2 R B'	224187
74123653133231	R B R D2 B2 D' B R' D' R2 B	250474
34527613312133	R B2 R2 B' D2 R' D B2 D2 B' R'	253920
24761531221223	R D R' D2 B R' D B R' B2 R'	291008
74523611213111	R B D2 B2 D B' R D2 R2 D R'	284945
76321453323311	R B' D' R2 D B2 D' B D2 B R'	305385
34561273313321	R B' R' D2 B' R D' B2 R2 B' R	339002
25413763121222	R B R B' R B R2 D' B D B2	378046
34165271311121	R B R' D R D B' R2 B R' D2	318071
34165271121311	R B2 D' R' D2 B D B2 D2 B' R'	302368
14523673121312	R B' D' B D2 B2 D B' D' R D2	432169
12765433121213	R B' R D' B2 R2 D R B' D B2	353405
36745212131111	R B R' B D B D' R2 D R' B2	375465
72165433233323	R B' R B R' B2 D R2 D R' D	593049
12765432222212	R D' B2 D' B D R D2 R2 D R	747851
56743212221222	R D B2 D2 B' D' R2 B R2 B' D2	834422
52163472111311	R B R D2 B' R D' B' D2 R B	223112
36147251121311	R B2 R2 D2 B R' D B' D2 B D	298752
16327453232333	R B R2 D2 R' B2 R' B D2 B' R'	264917
72361453232333	R B R B2 D' R D' B' R2 D B'	277054
63125743131233	R B R' B D' R B2 R2 B R B	353073
74163253121111	R B' R D R2 B' R' B D2 B' R'	383070
43572612312323	R B2 R' D2 R D' B D' B2 D R	530123
71453623311122	R D B2 D' B D' R B2 R' D2 R	631042
15647233213232	R B R B' R2 D2 B D' B' D R2	219514
32765413231223	R B2 D' R' B D2 B D B2 R2 B	228071
46321752111131	R B' D2 B D' R B R2 D' B R	202389
74125633133222	R B D2 B D2 B' D2 B' D R D2	204081
47632152233321	R B R D2 B' R B' D R' D2 B	251563
54721631122121	R B2 D' R D2 R' D' B R' B2 R2	311094
26517343333313	R B2 R2 B D2 B2 R2 B' R2 B2 D	472523
12374562111212	R B' D B2 D2 R' D R' B' R B	286762
32145671132222	R B2 R' D B' R2 D2 R' B' D2 B'	236131
52341671122211	R B2 D' R2 D' R D' B' R2 B R2	277152
16537421332112	R B R2 D' R' B' R' B R' B2 R	209380
37561241311112	R B2 D' R B' D' R D2 R B D'	274145
12745633313333	R B D' R' B R' D' B D2 R' D2	464203
36527412322232	R B D' B D R D' R2 D B' R2	350940
24315673311311	R2 B D' B' D' R D2 B' D R2 D'	602208
74163253131332	R B R' B2 D2 R' D B D B2 R2	414097
52761433121111	R B R' B' R B2 D' B2 D' B R'	243053
52743613121111	R B' D B R2 D' B R' B R2 B'	270809
14527631311121	R B2 D2 R2 D' R' D R' B2 R B	418715
72541631113121	R B2 D2 R' D B R2 B2 D R B	279955
16725432232223	R B R B' R D2 R' D2 B R' D	238078
45367122223133	R B' R2 B R B2 D' B D2 B' R'	462315
23174652123131	R B R2 B' R D2 B' R' D2 R B'	610765
37415622333221	R D2 R' D B R D' R2 B D' R'	404153
23756413222112	R B D' R B2 R2 D' R D' B' R	268672
73542613132322	R B R B2 R' D B2 R' B2 R B2	192108
36745212122312	R B' D' B D' B' D B2 R' D2 R	371177
27534162311111	R B D B' R2 D B' R' B D' B2	238281
32167451222222	R B D' B2 R D B2 D B2 D2 R	298665
73625412222323	R B D2 B2 R B' R2 D B R2 D2	330072
67452313321232	R B2 R D2 R2 B R' B' R B' R	495580
27546312231122	R2 B2 R D2 R2 D B2 R' D2 R2 B	550645
41765231233232	R B2 D B' R' D2 B R2 B D2 B2	183843
67354213111313	R B' D R B2 D' B2 R D R2 D'	262157
63174522332132	R B R2 D' R2 D B2 R' D R B'	186437
27615431312333	R D B D2 R2 B D' B R' D R'	346571
16534273211111	R B' D2 B' D B2 D R2 B D B2	261908
54367122311111	R B2 R' B2 D2 R' D2 R' D' R2 D2	311881
71264533231313	R B D2 B' D2 B D' R2 D' R D2	486088
74251633111313	R B R' D R B' R2 B' R2 B R	606512
15672433312133	R B D B' D B' R B' R B2 D	242350
16574231113133	R B R2 D2 B2 D' B R' D' R D	208914
71625433213133	R2 B D B' D B' R B' R B2 D	385810
14625732213323	R B R2 B D R' D2 R' D2 R' B2	505275
57264132111323	R B2 R2 B R2 B R2 D' R B2 R2	618691
36741252123323	R B2 R2 B' R D' B R' D R B2	549621
46721533123313	R B R2 B' R D' B R' D R B2	637170
45176233131113	R2 B D' R B' R B R2 D2 B2 R	858246
75641323232111	R B2 R' D2 R' B R2 D B2 D R2	316567
25471631312213	R B' D R2 D R' D R' B' R2 D2	399483
56347213111211	R B' R' B R2 B D B' D' B2 R	386525
65314272311132	R B R B' R2 B' D' R B2 R2 D'	284731
52741632212213	R B D2 R D' R' D2 R' D2 B D'	413557
12346751113133	R B2 D R' D B D' R2 B2 D R	589394
21354762213311	R B R' D2 R B R' D R' D B2	469751
32164571232323	R B R2 D' B R' B R B D' R2	492493
31267542222233	R B2 R D R' B R2 D' R D B'	333831
31265471321111	R B R2 B D' B D B2 R' D R'	249376
16527432231122	R B R' D' B D2 R' B R' D' B	233408
52741632212231	R B2 R' B R' B' R D R' D B'	277093
71562433123232	R B D B' D2 B' D R2 B R' B	230065
35462171131313	R B R D2 B2 D' B' R2 B' D2 B2	333263
24615731132333	R2 B R2 D2 B2 D' B R' D B2 D'	554726
73642511113322	R D R' B2 D R' B' R' B2 R2 D	585258
74512362313223	R B R B' D2 B' R' B D2 R' D2	234602
63752143212323	R B R B2 R2 B D R' D B' R'	196081
37612453122233	R B R' B2 D B' R' B' D R2 D'	254551
76543212323213	R B D2 R' B R' D2 B D B2 D2	235781
14325673123232	R B2 R' D R' B2 D2 B R' D B2	266810
31452672322331	R B D' B' D B2 D B2 R' B2 R	270539
56723413221212	R B D2 R2 D B R2 B R B2 R'	464492
25471362323132	R B' R2 B D' B D B2 R' D R	398395
15763242323132	R B D R2 B2 R' B' R2 B' D2 B	231016
45613271331221	R B R' B2 R' B D2 R' D2 R B'	146770
26415731322323	R B R B' D2 R B D2 B' D' B'	304867
76524313331222	R B2 R D2 R2 D B2 R' D2 R2 B	343961
14736521321231	R D' R' D2 R' D' B2 D R D2 B'	386162
37615422211133	R B2 R D' R B' D R' B' D2 B2	554671
34716522223211	R B2 D' R2 B D' B R' D B' D	613455
36527412211322	R B2 D' B' R D' R B2 D' B R'	550993
52714633213223	R B2 R' B' D2 R D' R2 D R' B2	230727
12345673231313	R B' R2 B' R' D B' R D' R2 D2	218896
32756141233121	R B2 R2 B D2 B R2 D' B D2 B2	281193
26371453112111	R B2 R' B' D' R D2 B D' R B'	305204
14567231321123	R D R' B' D B2 D B' R' B R	329168
24651731113223	R B D' B D' B D2 B2 D R D	254919
43176252123131	R B R' B2 D R B R2 D' R D2	386552
32145671333333	R B2 D' B D R' B R' D2 R' D	309779
23156471333132	R B R B2 R B R D' B2 R' B2	231309
64321572132131	R B' R2 B R D2 B2 R B D R2	308119
52147631211131	R B R B' D2 R B' R B' D B2	274773
43572161111111	R B2 R' B' R' D R2 B D' B D'	444109
54276132233312	R B2 R' B R' B2 D' B R' D2 R2	336108
27516341111111	R B R B2 R B2 R B R B2 D2	460989
27534161111111	R B R B2 R D' B' R B' R2 D	620981
25137461111111	R B' R B R' D2 R' D' R' B D'	774634
14735621332112	R B R D2 R D2 R' B2 D B R2	206196
32546713323212	R B D B D' R2 B2 R' B2 D' B	212979
37614252221123	R B2 R' D R' B' R B' R2 B R2	324448
47653213211231	R2 B D2 R' D R D2 B R B' D'	316935
14752633223231	R D R B' D R' B' D2 R2 B' D	279209
32451762331121	R B R' B' D B2 D R2 B' R2 B	266532
12745632222221	R B D2 B' R' B2 R' B D R2 B2	274775
53126471321321	R B' R' B2 R D R2 B' R2 B D2	374675
73645213112231	R B D2 R' D R D2 B R B' D'	225217
14652733321331	R B R B D2 R D' B2 R2 D' R	238963
73645122222311	R B D B D R' D2 B D2 B R2	316020
72143651213111	R B R2 B' D B' D R2 B2 D2 B	215322
32754163211123	R B R2 D B' R2 B' R' B R2 D'	318540
63741252222323	R B2 D B2 D' R D' R B' R' D	338514
34127651312111	R B D' R' D2 R' B2 R B' D' R'	233410
25314673131311	R2 B R' D B' R D B2 R2 D2 B	619326
17364251231231	R B2 D' B2 D R D2 B2 R' B' R2	254225
72546311323112	R B2 R D R2 D2 R' B R2 D' R'	243841
15642373221323	R B D B D R' D' B R2 D' B	333653
45273162222122	R B2 D2 B' R B' R D2 R' B2 R	410197
36754123232222	R B' D B2 D' B R' B D R' B2	418028
17362452213311	R D' B2 D' R B2 R B2 D B D2	344923
12375461111222	R B2 R' D R2 B' R D R D' B2	523915
63714521112323	R B D2 R' D' R' B R' B R' B2	463112
43615271333312	R B R' D R2 D R2 B' D B' R'	140099
41657321222312	R B R' B R' D B2 D R' D B2	283726
13642571221223	R B R2 D B R2 B2 D' R' D' B2	251067
74321563311131	R B D2 R' D2 R D2 B' D B D'	318102
76315241323313	R B2 D B' R D R2 B' D B' R'	371636
43576211123222	R B2 R D B2 D R' D' B2 R2 D'	385369
54321673313312	R2 B R' B' D B' D2 R2 D R' B	590700
75312463333133	R B R2 B' D2 B' D B R' B R2	785817
45612373132121	R B D' B R' D' R2 B2 D' R D'	204000
73645211321111	R B R2 B R' B D R2 B' D R'	245122
34561273321223	R B D R2 D2 B' R B' R D R2	257694
65174232123131	R B R2 D2 B R' B D' B2 D B'	306100
25134672312323	R B R' D2 B R D B2 R' D B2	325183
74163253332323	R B D2 B' D B R D' R D' R2	370194
52463173212332	R2 B R' B' D' R B2 D' B D2 B'	340903
54621372211121	R B' R D R2 B2 D R B2 R2 D'	423912
72543611332331	R B2 R D B D2 R B' D2 B' R	265186
54167232112112	R B2 R' B' D2 R2 B R D R' D2	264023
73615243332311	R B2 R2 B' R D2 B' D2 B D2 R'	294631
41762533123331	R B2 R B D' R B2 D' B R D'	354873
34561273321133	R B2 R2 B D2 R' B R2 B2 R' B'	439071
36714523132223	R B2 R B' D2 R B D2 R' B' D	299110
51724363121213	R B D' R2 D B R2 B D' B' D	817871
32164571111111	R B' R D2 R' D2 B D' B' R' B	1180765
75321461311112	R B2 D' B R D R2 D R' D' B'	174871
26573413331312	R B R2 B2 R' B D2 R' B2 R B	359673
34165271112212	R B' D2 B' R B2 D2 R D' B2 R	299741
32167453313333	R B D2 B' D' B2 R B' R' B2 D2	283853
13675242331313	R B2 R' D R D R' B2 D B' R'	200570
73246153312211	R B D R2 D2 B2 D' R' D B' R	247724
36217541223311	R B R2 B' D B R2 B2 R B D'	280341
12376541232233	R D' B' R2 B' D' R2 D B R2 D'	525820
32765412221312	R B D' B' R B' D' B R2 D' R2	217757
14723652322121	R B R2 D' R2 D B R2 D' R2 B'	185437
15734622331223	R B R B D B' D2 R B2 R B2	224016
47152631322131	R B2 R2 B' R B' R D2 R D R2	295536
45637123332122	R B R2 D B2 D B2 D2 R' B R	221588
71435263211123	R B2 R B' R B' R B' D' B2 D2	350386
67321451111123	R B R' B R' D' B2 R2 D' B R	452427
56721432312233	R D R B' R' D R' D' R B2 R	529927
47512632312323	R B R2 D2 R D' R' D2 R' D B'	286702
36725411131313	R B R2 D B' R2 B' D B' D R2	190883
47632153232321	R B' R2 D' B R B R2 B D' B	346204
47621533231121	R B2 R B' R D R2 B' R B D2	270310
24651731333333	R B R2 B D' B' D B' R2 D B'	233035
76154323333112	R B2 D2 R' B' R D' B2 R2 D R	347142
43561271111111	R B R D' B2 D' R' B' R B2 D'	456252
23674153232321	R B D R' B2 R' B' R' D R2 B'	215861
14735621333111	R B R B2 R D2 R' D2 B D R2	251778
52761431111312	R B D B' D2 R D' B D' B D2	265929
51324763113332	R B R' B' D B D' B2 R2 B R2	308375
41236753232321	R B' R' B R' D2 B' D R D B2	357200
63471522123131	R B' R' B' R D2 R' D2 R' D R	364845
73516243323113	R B R B2 R2 D' B D' R2 B2 D'	132676
47156233233113	R B' R' D R2 D R' B' D B2 D2	357161
72165433331213	R B D' B2 R2 D' R D R B2 D2	494465
65271432231233	R B R B' D R' D R2 D B D	289022
52367142211121	R B2 R B' D2 R' B' R' B2 R' D	403337
25134672233321	R B D' R2 B R D R2 B' D B2	343692
71264533221323	R B R2 D B' R2 D2 R B' R' D2	306297
54367121112212	R B' D' R2 D B R2 D' R2 D B2	415498
25137461211323	R B R2 B' R D R2 D2 R B R'	391422
76345123312211	R B R B' R B' D' B2 R2 D' R	359608
24715363311332	R B R' D' B R' D2 B2 R' B' D2	300771
12745632232211	R B' R2 B R' B2 D B D R' B	219571
74523613111211	R B R D' B2 D B' R' B D' B2	253891
35461271111231	R B' D2 B R' D R2 B' D2 B R2	335980
14763253133222	R B2 R2 B R2 D' B D2 B2 D' B'	319764
13254761322233	R B' R' D2 B D' R' B D' R2 D'	464433
54312673311311	R2 B' R D B2 D' R B2 D' R2 D	348564
32547612111311	R B R' D' B R2 B' R B D B2	292424
35762142222113	R B2 D2 B' D R' D2 B' R D' B2	389824
25736411133113	R B' D B D2 R' B2 D R B2 R'	243521
42673512232133	R D B R2 B R B2 R' D' B2 R	330441
56732143122113	R B' R' D R2 B' R B' R' B2 R'	311106
74165233131323	R B R' B D' R' B2 R' D' B2 D2	283057
71456321322323	R B2 R D R' B2 D2 R D2 R' B'	291931
37624511232233	R B' R' B2 R' B' D2 B D B2 R'	330395
32561471122211	R B2 R' B2 R D' R' B D2 R D2	399858
13246572331232	R B R2 B D' R B2 R D2 B D	199772
31247651323232	R B' D2 B D' B D2 R' B2 R B2	232160
54367212333113	R B2 R' B D' R' B R D' B R'	286830
12376543133231	R B R D B2 R2 D2 R D2 R' B2	196038
65123471112311	R B R' D' R' D2 B2 R' B R' B	306877
25631741212121	R2 B R' D B' D' R B2 R B D'	442298
12347651122112	R B' D R2 B R2 B' D B' D2 B2	334760
26714531212133	R B R' D B' R D' R2 D R2 B'	515355
34562171321231	R B R B' D2 R D2 R' B R' B'	336748
47156233322312	R B R' D R' D' B R2 D' R' D'	207383
52341673323212	R2 B R D2 R B' R D2 R B2 D	432193
15672341113232	R B' D' B2 R D' B' R B' R2 B'	342511
72165433221233	R B2 R' B R' B2 D2 B' R' B2 R'	257743
15642373212311	R B R' B D2 R' D' R D' B2 D2	429377
15637423211123	R B R2 B' D B' D R2 D' R2 D	582957
25716431212223	R B D' B D' R2 D R B2 D' R	560488
74165231131313	R B R' D R' B' R2 B' R' B2 R2	630122
75234161322233	R B D R' B2 D B2 D' B R' D'	167478
53761242121211	R B R B2 R2 B' D2 R B D B2	318443
54261732231233	R B R' D B' R D' B2 R2 D' B'	299291
63251743133231	R D R' B2 D R' D R D' B2 D'	368918
47251363131113	R B' R2 B R' D B' R2 B' R B'	345352
54217362233213	R2 B' R2 B R' D B' R2 B' R B'	505270
64357213312211	R D R' B' D' B2 R2 D' B R' D	551520
16345271222111	R B' R B2 D R2 D' B D' B2 D2	601980
63752143223123	R B' R2 B D B2 R2 D2 B D' R'	252725
12354762121112	R B2 R' D R2 D R B' R' D R2	316164
56347212111221	R2 B2 R' B R2 D' B' R' D2 B D	258450
12537461332112	R B D2 R D' R D2 R2 B' R' D	205818
36125471212112	R2 B R B2 R B' D B2 D R2 B	348170
31265471122112	R B D2 R D' B R2 B2 D' R D2	225627
74132562121121	R B2 D B2 D R B D R2 D B'	349646
15463271313113	R B R2 D R' D R2 D2 B' R' B	366602
35416721113112	R B2 R D B' R2 D2 B R2 B' D'	201402
17526431131121	R B D2 R' D' B' D R' D B' D2	311277
76342513322111	R2 B R' B2 D' B D R' D B2 R2	300064
14763521113223	R B R2 D' R' B' D R' B D' B2	263300
76253413322312	R B2 R D2 R2 D B2 R D2 R2 B	298935
72513641233322	R B' R2 B R' D B2 R' D2 R D2	308115
32175462312323	R2 B R2 B' R D R2 D2 R B R'	711369
34675212222122	R B' D R' B2 D B' D B D2 B	790708
36547213331333	R B2 R' B D' R2 D B2 R' D R'	240960
56347211312111	R B R B' R2 B' D' R D B2 R'	315988
14726532232313	R B2 D B D2 R2 B D' B D2 B'	294755
35126741232212	R B2 D2 B' R B' R2 D' B D' R2	236780
54716321112323	R B D' B2 D B' R B D2 R2 B'	397556
63752141123213	R B R' B2 R' D B2 D2 B' D2 R	300324
47156321133311	R B' R D2 R D R B' D R2 D'	443885
26435713311122	R B D' B2 R2 B R B D' B2 R	546061
73542613132121	R B D R' B2 D2 B R' B' D2 B2	200730
13246572321332	R B2 D R2 D R D B R2 B R'	237155
75241632222323	R B D2 B2 R B' R2 D B D2 R2	408508
15627431332112	R B D2 R D' R D2 R2 B' R' D2	253621
76345122211112	R D B D' R B' D B2 D' B2 R	440109
24563711121212	R B R' B2 D' R' B2 D B D2 B2	413456
74561233321133	R B R2 B D2 B' D2 B' R D R2	341487
36125472111311	R B R2 B2 R' D' B2 R B D2 R'	389397
76341253233131	R B R2 B R2 B' D2 B' D B R2	212548
32156473223123	R B R B' R B2 R' D2 B R' D	204567
47156322332132	R B R D2 R' D R2 B' R2 B' R2	333101
23157462131123	R D B' R B' D R' B2 R D2 B'	439670
53642171111111	R B R' B2 R D' R D R2 B2 D'	453717
16745233121213	R B R2 B2 R B R D' B2 D' B	347165
24715631122133	R B R D2 B2 D' R' B' R B2 R2	611993
26435712311132	R B R B2 R2 B R B D' B2 D'	616142
32174652312332	R B R2 B2 D' R D' R2 D' B2 D'	169614
45612373332122	R B2 R2 D2 R' B D B2 D2 R2 D'	228109
47156233223312	R B D' B D' R' B D2 R' B' D'	217243
17426531223221	R B R B D2 R2 B2 R B2 R' B2	165615
62371453311311	R B D' B' D R B' D R2 D' R	227494
32147653112222	R B D B2 D2 R' B D' R D B2	238536
14753261221112	R B R2 D R' D R2 D2 B' R' B2	303163
16427531211311	R B D R2 B2 D R' B' D B2 R2	318271
72165433321223	R B R' D2 B2 R B' R' B D' B	249337
52341672323312	R2 B R2 D B2 D R' B D2 B D	289627
23176453332233	R B D' R D' R2 D B R2 D' R	340099
17426531331332	R B D2 R' B' R' B2 D B' D2 B	175475
21357642221132	R B2 D B2 D R B2 D' B R' B2	368247
73642511113232	R B' D' B2 R D R2 D' R' B2 R'	486545
24637512311132	R D R B2 R B R2 B' D' B2 R	653006
72643513212311	R B D' B R2 B' R B' D' B D2	553052
74165233131311	R B2 R2 B' R B' R D' R' B2 R'	275522
52741362313223	R D B' D' B' R2 D2 B' R B' D	233093
27634512233321	R B2 R B R2 D2 R' B' D2 B D'	289616
32657412111212	R B R D2 R B D B2 R' B R	263181
14736521133131	R B D B D2 R2 B2 R B2 R' D2	221347
14723652331232	R B2 D B' R2 D' R B D' B R	215873
14736251112332	R B R D2 B2 R B' D' B D2 R2	259904
72543611223221	R B D' B D' R2 B2 R D B D2	278145
32147562313223	R B R D' R D2 R' B R' D B2	226572
14736521211212	R B R2 B R' D B2 D B2 R D	214183
76341252323333	R B2 R' D B' D R2 B' R' B D'	193160
12745632212213	R B' D2 B R' B2 D B R D' B	401121
36152742131321	R B2 R2 B D2 B' R2 D R' D2 R2	411366
76213543311332	R B D' B R' B R' D2 R B2 D'	353882
62453713311122	R B' D B2 R' B D B' R B2 R2	689630
67354213211132	R B2 R' D' R D2 B' D' R' B R2	593841
32145671221112	R B' R D2 B R2 B' R B' D2 B2	313710
75634123323122	R B D2 B' D2 B R' B R B' R2	226574
76354212333332	R B2 R' B R' D2 B2 R' B' R2 D'	282686
35461271321231	R B R2 D2 B R2 B R' D' R2 D'	370849
15624732123212	R B' D B' R2 B D2 R D' B2 D	311425
73645211332112	R B D2 R D' R D2 R2 B' R B2	414627
47132562311111	R B2 R B2 R' B2 R B2 D2 R2 D'	349576
74165233231313	R B2 R2 B' R' B2 R' B' D B' R	950859
65132471222111	R B R' B D' B' D B2 R' D' R'	193870
75143263231313	R B2 R2 D2 B' D2 B' R' B R' B'	296092
71542633132322	R B R2 D' R2 D R2 B' D B R'	219758
74653213133222	R B D' R2 B D' R D B' R2 B'	224945
73542163321133	R B2 R2 B D2 B2 R2 B D2 B2 R'	246824
73564213321322	R B2 R B2 D' B' D R' B R' B	262707
12543672321332	R B2 R' B R' D B2 R' D' B R'	230277
76145231122112	R2 B2 R' B D2 R' B' D' B2 R D	459410
56723411121113	R B D B' R2 B' D' B D B2 R'	224087
21473563331312	R B R2 D2 B D' B D' R D' B'	385008
23157461231333	R B R' D2 B' R D R' B2 D2 R2	288519
32465172332321	R B2 R' D R2 D' R D2 B' D' B2	366602
36547212131312	R D R2 D2 R D B R' B2 R' B	395015
31765242322121	R B' D B' D2 R B' R D R2 D	314419
21354761112233	R B2 D2 R' B' R D' R2 B R' B2	436594
47165321232113	R B D' R2 B2 R B R D' B2 R	630438
54721632212231	R B R' D R B R2 D' B D2 B'	245577
17426532331331	R B2 D R2 D R' B R2 B R B	196411
76354212213323	R B D2 B D R2 B D2 B D2 B	279616
15672342323312	R B2 R' D' R' D' B2 R B2 R' B2	226601
12365473332323	R B R2 B' R D B2 R' D' B D'	311888
16537421233112	R D2 R D R2 D2 R' B D2 R' D'	457932
47652132231323	R B R2 D2 B2 D' R D' R' D B	426536
62135473123121	R D R B' D B' D R2 D' B2 R	419249
14725363213121	R B R B2 D2 B' R' B' R D2 R2	249756
23156473323332	R B R' B2 D' R2 D R' D2 B R'	197615
74561233311233	R B R' B2 R' D2 R B2 R D R2	178852
65174323223123	R B2 D' B' D2 B R2 D' R D R2	240310
72365412222212	R B R2 B R D2 R' D' R2 B D'	420232
35126742231233	R B2 D2 B' D B' R2 D' R D' R2	645755
17463251323112	R D2 R B D2 B2 D' B D2 R' B'	668892
47165322232133	R B R D2 R2 D B R B' R2 B'	533100
12367451132222	R B D B2 R2 B' R B' D' B2 R	251723
32765411121113	R B R2 B' R D R2 D2 B D' R2	230288
73652413331321	R B2 D B2 D B R2 D' B D' R2	266194
63751423122311	R B D' R B' R B' D2 B D2 R'	268897
41563273113311	R B R2 B2 D R' D' B D2 R B	299769
52163473111211	R B D B2 R' B D' R' B2 D B	391857
15724632323333	R B2 R2 B' D' R B2 D' B R D2	348961
56147232333113	R B D2 R2 B2 D R B' R B' R	308017
75132463233233	R B R2 D2 B' R D' R' B2 D2 R	223528
54367211222132	R B R' B D' B' D B R' B D2	236873
52163471213111	R B R2 B' D B' D R2 B2 D2 B'	216928
16527432331322	R B2 R B R D2 B R' D2 R' D	253667
34527612231332	R B' D R2 D2 B' D B' R' D B2	375914
24376512222122	R B' R D2 R D' R D' R2 D B2	367730
24751362321113	R2 D B2 R2 D' R' D R' B R2 B	502306
32416753121222	R D R2 B' D' B2 D' B D R2 D	424992
71534262122222	R D R D2 B2 R D' R B' R D'	338918
74123653132232	R D2 R2 D B' R B' R B' R B2	352293
16543271223221	R B R B2 D2 B' D R' D' B2 R	394588
56147231222132	R2 B D' B R2 B2 D' R D' R' D	409191
12347653332323	R B2 R2 D2 B' D B' R B2 R' B	334549
74125633332323	R B2 D' B' D2 R B R2 B2 R' D'	410363
74365211213111	R B R2 B' D B R2 B2 D B' R2	320270
73625143121213	R B R B2 D2 R D' B R' B D'	810877
35174262231113	R B2 R D B' R B2 D' R D R'	390074
41673252212222	R B D2 B' R2 B' R B D' R D2	262671
56123471222312	R B D' B D' R' B D R' D B2	276485
72543611331332	R B' D B R' B R2 D2 B' R B2	326668
62174533311212	R B D' R2 B' R B D' R2 B2 D2	346611
65243712121322	R B2 R D2 R2 D B2 R D2 R2 B2	265382
45621732233333	R B R2 D2 B2 D' B R' D B2 D'	378418
42351763231133	R2 B D2 R2 B' D' R B' D R2 D	554012
37645122312221	R B R D2 R2 D R' B R' D R	241063
54167231131112	R B R D2 B2 D B D' R2 B2 D'	313400
16543272331331	R B R2 B2 R' B D2 R B2 R2 B'	204684
13275642131333	R B D R' B2 D' R B' D B' D'	275057
74365212111311	R B R2 B2 D B D' B R2 B R2	323492
76345122213311	R B R' B R' D' B2 R' D2 R' D'	360870
52763411222312	R2 B R' D' R B' R2 D2 R D' R	506589
54612732112223	R B2 R' B D' R2 B' D B' D2 B2	425892
46275312132212	R B2 D' B2 D B2 R' B R2 B2 R'	299317
21354761122211	R D R D' R B' R B2 R' D2 B	335421
12367451312222	R D2 R2 D B' D R' D B' D R2	328499
35714623111322	R B D' B2 R2 B' R' D B' D R'	325533
46275313121222	R B D' B D' R B2 D B' D' R'	813753
15724631322233	R B2 D2 R' B' D R' D2 B R' B2	619703
36725412111212	R B2 R D R' B R' B R2 B2 R'	978308
26435712222122	R2 B R2 D2 B2 D' R D' R B2 R'	932727
73645211223113	R B R D' B2 D B' D2 R D' R	192822
36725411121212	R B R2 B D B2 D2 B' R' D R'	266372
56147232332213	R B D' R B' R B R2 D2 B2 R	560723
67345211211122	R B2 R2 D2 R' D R D2 R2 B2 R'	472151
12367452113333	R B' D B2 D2 R' D R' B' R B2	333847
71432563323122	R B2 D R B2 D2 R B' D B2 D'	467853
31267542313133	R B' R D2 R' B D2 R' B2 R B2	586110
34527612211322	R B2 R2 B' D R' B R' D B R2	600624
14725361322332	R B2 D2 R' D' R D' R2 B R' D2	344546
32147652231332	R B R D' B2 R2 B R D B' D2	278617
36725412123212	R B2 R D B' R B' R B2 R2 B'	289317
37614523232213	R B' R D' B R D' B R B' D'	293812
46275312112232	R D R2 B2 D' B' D B' R D2 R	359658
67345213111133	R B2 D2 R2 B' R D' R D2 B' R	542778
16527431222132	R B' R D' R B' R D2 R2 D' B2	611377
36725412121232	R B R2 B R B2 R2 B' D' R B'	631683
41762532221333	R B' D R2 D' B D2 R' D2 R D2	388090
71463523331222	R B D2 R2 B' R B' D' B2 R2 D	353083
46275311123222	R B R2 D2 B' D' R D' R D2 R	324763
76342513323212	R B2 R' B' R' D R2 B' D2 B R2	260273
45612373322111	R B R' B' D R2 D R' B R2 B'	204000
74123653133132	R B2 R2 B' R2 D' R D2 R2 D' R'	360125
26435712322322	R D2 B' D2 B R2 D' B R2 B2 R'	460770
47165321322131	R2 B2 D2 B' R D' R2 B' R B' R2	455791
31265471313113	R B R B' D2 B D' B2 R D' R	210271
14763251222312	R B' R' B2 D' R B' R2 D2 R' D	246128
15724633132322	R B R B2 R' D B2 R' B2 R' D2	243543
32465172112121	R B2 R2 D2 R' B R D2 R2 B2 R'	378975
14752633222223	R B2 R D' B2 D' R2 B D2 B' R	372197
74123652322121	R B D2 B2 D' R D2 B R2 B2 R'	328493
16543271221223	R D2 R2 D R' B R' B R' B R2	351425
52763413223312	R2 B D' R B2 R2 D' R D' B' R	413062
32465173133111	R B2 D2 R2 B' D R' D R2 B' R	242316
73642513223222	R D2 B' D B2 D2 B' R D2 B' D2	295919
54721633333331	R B R2 D2 R B R2 B D R2 D'	261588
74125632321332	R B R2 D2 R B2 R' D B R2 D'	198752
74365212333332	R B R2 B D2 B' D2 B D' R' B2	267504
56123472331331	R B R2 B2 R D R2 D2 R' B2 D	265740
36721452122213	R B2 D2 B R B2 R D R2 D' R	471770
65174232133313	R B R B' D2 R' B D R B2 R2	717568
12347652111221	R B R2 B' R D' B2 R2 D' B' R2	278282
74132563132112	R B2 D' R B2 R2 B' R D2 B' D2	279800
67354212212222	R B D R2 D B D B' R2 D' R2	381715
16725433122212	R B R2 B' D' B2 R B' D' B2 R2	267639
76341253221212	R B' R' B D' R' B D2 R' B2 R	358142
36527412131222	R B' R' D R' B' R D2 B' D2 B	346521
36721452121322	R B2 D' B R D' B R' D2 R' B	526719
76543211212112	R B' D B2 R B2 R' B D' B2 D2	615385
52743611113121	R D B2 D' B D R2 B' R' B R	325791
52761431112131	R B2 R2 D2 B R' B R' D2 R B'	292889
76345123311113	R B2 R2 B' R D' R2 B R' B' D2	288513
76543211333333	R B2 D' R B D' B D' B2 D' B	249259
62135473131131	R B2 R2 B' D B' R2 D R' D' B2	254867
45612373132223	R B2 R B' D2 B' R2 D R2 D' R	371630
32765413122212	R B R' D' B R' D' R B2 D' R2	412457
32164572232223	R B' R B' D R D' B D B' D'	546819
16743252323222	R B R2 B D R' D B D R2 B'	235662
62135473122131	R B R B' D2 R2 D R' D R2 D2	234588
36147253111112	R B D2 B' R B R2 D' R' B R	289341
45612373332221	R B2 R2 D2 B D' R' D R' B D2	272940
56741231131211	R D B2 D' R B D2 R' D' B R	322120
15724632323231	R B2 D2 R2 D R B R' B D' B2	338073
32741653111112	R B2 R2 D2 B D' B R' D2 R D'	381874
34761252323222	R B R B' D2 B R2 B D R' B	247401
76345123211111	R B R D' B2 R2 B D' B R2 B2	341791
16735242122213	R B R2 B2 D' R B' D' R D R'	394178
52147631121311	R B2 R2 D2 B R' D B' D2 B D'	315832
64531273122131	R B R B' D2 R2 D R' D' R2 D2	209523
76321543211111	R B R D' B2 R2 B D' B' R2 B2	454598
16725431211131	R D B R' D2 R D' R B' D2 R'	451867
14723651111312	R D B D' R2 D R' D B' D2 R'	485229
52167342121232	R B R' D B R2 D2 B' R2 B2 D'	446142
36542712121322	R B2 R D2 R2 D' B2 R B2 R2 D'	560637
74125633121111	R D R D' R2 D B' D B' D2 R'	409329
47162351322122	R B D B2 D2 B R' D R' B D	289634
13265742131312	R D R B2 D2 R B' D R' B D'	393283
21654373332221	R B2 R' D' R2 B D' B2 D R' B2	241519
51742632323231	R B2 R' B2 D2 R' B2 R' D' B2 D2	448116
12347652223232	R B2 R2 B D R' B' D B' R' B	245012
27365412321212	R B' R D2 R D' R D' R2 D B'	408805
26135742332312	R B' R2 B' R' D2 R' B D B2 R2	272579
13276451113211	R B' R2 B' R D R2 D R' D2 R'	462956
32567412122222	R B R2 D' R B R B2 R2 D' R	350761
46512372113321	R B R2 B' D2 R2 B R B' R D	469223
53761242221213	R B2 R' D' R B' R D2 R D' R	452637
24563712121232	R B R' D2 B' R' D2 B R D2 R2	458339
23164752131312	R B D R2 B2 D B' D B' R D'	854918
52361472121313	R D B2 D2 B' D' B2 R B2 R' D2	298590
32567413131212	R B R2 B2 R' D' B2 R D2 R' D2	420082
76541233333313	R B' D' R D2 R2 D R' B' D R2	365481
32741651121311	R D2 R' B R D B' R D' R2 B	435272
24716532323231	R B' R2 B' D B R2 B R' D2 R'	469382
24563713121222	R D2 R' B' R D' B D2 B D' R	679433
53761242321212	R B R B2 R B R B2 D' R B'	629360
16273541122133	R B' R2 D2 R D R2 D R B' R	747037
46572312132122	R B R2 B' D B2 R2 D R' D R2	213651
45671231132231	R B D R' D' R' D B D' B D2	156685
32145673112222	R B R' B2 D2 R D' R' D B' R	199034
45612371133221	R D R' B2 R B R' B D' B D2	290401
27543611111132	R B R' B2 D2 B R2 B D2 R B	259933
67354211333111	R2 B2 R' B D B' R2 D2 R D2 R	244066
14537622231323	R B R2 B2 D R' D2 B R B2 D2	248462
72165432111122	R D2 R' B2 R B' R' B D2 R D2	480715
15634722321233	R B D2 B R' B D' B' R2 D R'	248119
65132472212231	R2 B2 R B R2 B' D2 B D' B' R2	368181
32765413322312	R B2 R B D2 B2 R B' R B2 R'	215674
76354121313131	R B D R B D' R' B D2 R' D	248691
72165431113331	R B R' B D' R2 B2 D R B R'	247431
12563472131213	R B' R2 B' R' D2 R B R2 D' B'	265232
63721541233322	R B D' R2 D' R' D' B D2 R' D	249049
13275641112233	R B2 R' B D' R B' R B' R2 B2	460033
52741633313321	R B D' R D' R' B R B' R B2	358558
12543673221323	R B2 R D2 R2 B' D R D' R2 D	380515
76325411122121	R B2 R' B2 R B' D' B D2 R B2	191312
12673542331133	R D R' D R' D B' R2 B R2 D'	248916
76354213222223	R B2 R D2 R2 B D R D' R2 D'	286304
21364753212212	R B R D B D' B2 R B2 R B2	280713
74321653233323	R D R B' D2 B R' D B' R2 D	340411
47265312122222	R B R B2 R' D' B2 R D' R' D'	826882
36125743222331	R2 D B' D' B' R D2 B' R B2 R'	409012
54362711323112	R D R' D' R D' B R2 D2 B' R	274298
76543211223221	R B2 R' D R' B2 D2 B' D' B2 D'	229278
13275641112323	R B2 R' B R' B R' B D' R2 D2	472181
24715632313223	R B R D' R B' R' D2 B2 R' B	455800
36752143132232	R B R B D B' D' B D2 R' B	287124
65132743222331	R D B' D' B' R D2 B' R B2 R'	311433
24731562311231	R B2 D R B2 D2 R' D2 R D' B2	436862
76325411331311	R B' D R' B2 D B R2 D' R D'	271416
76143252221222	R B2 R B' R B2 R' D2 B D' R'	266833
75316241231231	R D R B' R B' R D2 R D R	278244
75146321323331	R B2 D2 B' R D' R2 B' R B' R2	318787
76321452122321	R B2 R B D B2 R B' R2 B' D	279908
36527412231122	R B R2 D' R2 D R D2 B' R2 D'	443370
34725613111133	R B R2 B' D B2 D' B R D2 B2	302142
45721363321313	R B2 R2 B D' R2 B R2 B R2 B2	348072
14725363311113	R B' D R2 B' R2 B D' R B R	376309
74365211333111	R B2 R' B D B' R2 D2 R D2 R	145980
31564272213311	R B D R' D R2 D' B R' D R2	234476
75642132213311	R B R' B R' D' B2 R' D2 R' D2	240421
52163473111331	R B2 R B R2 B' D2 B D' B' R2	251070
46257132211133	R B' D2 B D R2 B' D R2 D' R'	451826
45312762311111	R B R' D2 B2 R' B' R B' D B	348925
26453172211133	R B' R2 B D B2 R' D R2 D' R'	618470
25741632312323	R B2 R2 D2 B' D B D' R B' D2	248850
13265741112323	R D R2 D' B2 R2 D R B' D B2	439942
56712341232113	R B R' B' D R2 D R' B R2 B2	323390
24367511323112	R D' R2 B D' R D' R' D' B R2	327907
62543711311112	R B R D2 B' R B' R D' R' B2	464090
52167433133333	R D B2 D2 B R D R' D2 R' B	362499
34125672131213	R B R2 B D R2 D' R' D2 B D'	699196
13572641122133	R D R2 D' R2 B2 D R D' B D2	1357263
64531273312211	R B R B' R D2 R' D R' D R2	220851
67321451112311	R B D' R B2 R' B R' D' B R2	357584
46127353131323	R B' R' D R D B2 D2 R' B R	485608
54721633231322	R B D B' R2 D2 R B D2 B D2	337780
25714632123131	R D R2 B2 D R' D B' R2 B R'	430980
13246571111111	R B2 R' B' R D2 B' R' B D' B2	487132
65213741111111	R B D' R2 D B' R D' R2 D2 B2	551361
75346213332122	R B2 R2 B' D R' D2 B R' B' R2	255593
72643513212332	R B2 R' B' D' R D2 R D2 R' D2	195234
45312672233321	R B D2 R2 B D' R B' D2 B R'	422933
36721451131331	R B D' B D' B2 R2 D B D R'	234549
72546313323212	R B2 R' B' R' D' R2 B R2 B' R2	456237
42751632323231	R B D' R2 B2 D' R' B D' R B	352881
45367211211122	R B2 D2 R2 B D' B R2 D' B D'	492627
12376541112323	R B2 R' B' D R2 B' R' D B' D2	1671596
51367241211113	R B D' R2 D B2 R' B D B D'	210793
52147633111112	R D2 R' D B D B' D R' D2 B	384618
72165432211112	R B2 R' D2 R D' R' D B2 R D2	200409
16275343122221	R B D' B2 R D' R' D' R B2 R'	308889
12365741113331	R B D' B R D2 R2 D' R' B2 D	447884
75346213132322	R B R B2 R' D' B2 R D2 R' B2	421992
64357213231322	R D2 B R2 B' R B' D R' B' D'	602428
12357461111222	R B' R2 D B2 D' B2 D' R' D R2	434646
31264573132313	R B R B' D2 B R' D' B2 D2 R'	167529
62173543232132	R B2 D R B2 R B2 D2 R B' D2	255444
62135473232231	R B2 R D2 B2 R' B D' R2 B2 D2	201686
12354763131131	R B2 R B2 R2 D R' D R2 D R2	267196
56124371232323	R D R' B' R D' B D2 R2 B' R	329908
54167232333113	R B R' B R2 B' R2 D B R D'	240794
26435712233321	R B' R D' B R2 B2 D2 B R D'	410773
32761453121312	R D' B2 R B D2 B' R' B2 R' B'	498836
14325672231323	R B D' R D' B2 D' B R D B2	336298
45721363322231	R B D R2 B2 D' R D' R' D2 B2	277668
14765233113131	R B R2 B' R D2 R' D R B2 D2	199473
76543211332331	R B2 R' B D2 R' D' B' D R' D'	162650
46157321331233	R B D' R' B R' D2 B2 R' D' R2	241172
63752412333113	R2 B2 R' D R D' R2 B2 R D2 R	352973
34561272213122	R B D B' D2 R2 D R B R' D2	409369
24715633131131	R B' D B2 R' B2 R B' D B R	272074
65423713321322	R B R2 D2 B2 D' R D' R B2 R'	554529
74125633132232	R B R B2 D' R B2 R' D B2 D2	154235
15643271331221	R B' R' B' D B2 R' B D2 B' D	203269
13542671231231	R B R' B R D2 R2 D' R' D2 B	210815
42137653132121	R B R2 B R' B D' R D2 B' R	203158
72563411113121	R B2 R' D B R B' D R' B2 D	259211
76325412112121	R D2 R' B2 R D' B' D B2 R B2	340367
26534713333313	R D' R B' R B2 D R' B' R' B2	483574
36752143133222	R B' R' B' R2 D B D R' D' B	229081
32145672113333	R B D2 B' D R2 B' D' B R2 B2	186892
34165273222322	R B R2 B R2 D2 B R' B' D B2	241812
74521633133333	R D2 R' D2 B R B2 R2 B' D' R2	351325
47165322313211	R B D2 B R2 B2 D2 B R2 B' D'	382693
75431263133213	R D2 R2 B2 D' R' D B' R2 B R'	310755
32164572233321	R B' D2 R B D2 B R2 B D' B2	468548
63142571132321	R2 B' D2 R B D2 B R2 B D' B2	657823
76321452122123	R B D R' B2 D2 B D B R' B2	264291
47126351233232	R D R' B R D' B2 R D' B D'	181862
32765411331113	R B2 R' D R D' R2 B2 R D2 R	232038
56347212232223	R B2 R D B2 D' R2 D B' R' D2	267387
12347653132223	R B R D' B2 D R' D' R2 D2 B2	272573
71432563232213	R B2 D B R2 D2 B D' R B2 R'	302768
35417622223133	R D R2 D' R B' R B2 R' B2 R	489385
75213642223133	R B D2 B' R B' R D2 R' B2 R	500823
24736512222332	R D B' D R' B R' B2 R D2 B'	444579
57642311113322	R B D' R D2 R2 D B D2 B R'	346420
27453161132111	R B2 D' B' D' B2 R D' B2 D' B2	270129
32417653132121	R B R B2 D2 B' R' B2 R' B2 R	219604
47352612311132	R B D R' D' R D2 R D2 B' D2	293223
34125672221222	R B R2 D2 R' D' B' D B2 R' D	341988
56274312313211	R D R' D B D2 R' D R B2 R'	539842
14327652131213	R B D2 R' D' B2 D R D2 R D'	426401
26135742213323	R B R' B D R2 B' D R B2 R'	665859
13276543323122	R B' R B' R B2 D' B' D B2 D'	242882
56271433132313	R B2 R2 D' R D' B' R D B' D	339500
32561471113133	R B' R B' D2 R D R2 B' R B'	308885
54367122211121	R B2 D' B' R2 B D2 R' B R D2	298663
21654372233321	R B2 R2 D2 B' D R B' D B' D2	250884
76354123211123	R B2 R D B2 D' R' B2 D B D'	337122
75246311111111	R2 D R' D B D2 R' D R B2 R'	793320
57123461111111	R B R' D2 R B2 D' R D R B'	1157266
24367513111121	R B R' D2 R B' R B' R2 D2 B2	208788
15672343213232	R B2 R D' R2 B2 R' D R B2 R	265977
36721453113113	R B' R D' B2 R D R2 B' R D'	285844
76312453211111	R B R' B R2 B' D B' D' B R2	355155
25436711311313	R B2 D2 R2 B' D B' R B2 D' B	286738
71456322111221	R B2 R' D' B' R' D2 B D2 B' R2	262920
71462531113322	R D B' R2 D R' D' B' D2 B2 R	569124
32156741112323	R2 B R' B D R2 B' D R B2 R'	1218050
51426733312211	R B2 R' B D2 B' R D2 B' R' B	268409
75346212323333	R B' R2 B R B2 D2 R2 B R' D'	288782
27634511131133	R B2 R' D' B' R D2 R B2 R' B2	239110
32576142313223	R B2 R' D R2 D' R D2 B' D' B	286151
25436712123332	R B2 R2 B' R2 B D R' B2 D B'	387446
13246573321223	R B2 R B' R2 D B D2 R' D' R	316394
41756231321213	R D2 R D R2 D B' D' R2 B2 D'	411448
23165471312132	R B D R' D2 B R D' B R2 B	284337
36521472331121	R B D R2 B' D' R2 D' B R B2	176625
43576212112232	R D2 R D B2 D B' D' B2 R2 D'	354441
23456173212332	R B R' B' D' R B2 D' B D2 B'	232223
13546271321321	R B' R' B2 R D' R2 B D2 B' D2	200580
64531273123121	R D R B' D B' D R2 D' B2 R'	261076
21654373332122	R B2 D2 R2 B R' B R2 D' R B'	305465
14736523112222	R B2 R D' R2 B R D2 B' D' R	212359
52761431113121	R B2 D R' D B' R2 B R' B' R	268260
71452363213232	R B2 D R' B D B' R2 D2 B R	178208
72345611133113	R B R B2 D' R2 D R2 D2 B' D	197024
25634713321232	R B2 D R' B' D2 R D2 R B2 R2	290204
46375212332222	R B R2 D' R' B R D2 B2 R2 D'	431983
54123673233323	R B' R D R2 B' D R' B R2 B'	290636
74563211232332	R B D2 R B2 D' B' D' B2 D' B'	384766
12347561112212	R B D' R D R2 D2 B' R' B D2	420461
14726533323122	R B2 R B' R B2 R2 D B D2 B'	239190
13645271221331	R B D2 B2 R D' B2 R B D2 R2	205924
31624751112233	R B R2 D' R2 B D' B' D B' R2	258218
25436713332122	R B2 R' D B' D2 R2 B' D' B2 R'	375402
21374653333121	R B2 R D R2 D R' B' R2 D2 B'	253570
31624753312211	R B R D R D2 B R' B D2 R2	433545
35426713111313	R B2 R B2 R2 D B' R B2 R D2	334189
12543671331113	R B D R2 B' R2 B D2 B2 R' D	547536
23456713212332	R B R2 B' R2 D B' R2 B R B'	213447
46375212132221	R B D' B R2 D' R' B D' B2 R'	248030
56247132333233	R B D' R' D' R D2 B' D B2 D'	268258
51742632323333	R B2 D' R' D2 R D2 B' R B D2	291588
75264311223122	R B2 R2 B R2 B D2 R' D B2 D2	327630
45376213131323	R2 B2 R D B2 D' R2 D B' R' D2	384212
76321542211112	R D B D' R B' D B2 D' B2 R'	566510
12367541112212	R B' D' R2 D B' R2 D B2 D' B2	562718
76245313122122	R B D B' R2 D R B' D B2 D	237332
14527633132322	R B2 R D R' B D2 B' D2 R D2	291074
12365471313113	R B R D2 B' R2 B D2 B2 R' B	269936
26715433231322	R B D' R B D2 B2 D' B' D2 R	272957
52147631131211	R B2 D B' D B' R2 B D' B' R	412043
15346271321321	R B R' D R D2 R2 B' R' D B2	196641
32741652111113	R B2 D B' R D' R2 D R' B' R	320831
56147322333233	R D R' D' B' D R2 B' R D2 R'	316916
16542371221331	R B R2 B D' B R' D' R2 B R'	231890
47123651233232	R B' R D R' B D' B2 R B R2	215918
12643571321321	R B D2 R2 B' D B R' B D2 R	203105
47152361233232	R B R' D B D2 B2 D' R' D2 B	214571
45176321131133	R2 D R' D' B' D R2 B' R D2 R'	459526
12356471113133	R B R2 D2 B' D B D' B D2 R	429666
12357641113331	R B R2 B2 D B' D2 R D B2 R2	522521
75234162221111	R D B2 D' B' D2 R B' R B R'	350407
64531273311311	R B R D' R D B2 D2 R' D' R	280497
76312452212111	R2 B D' B' D R B' D R2 D' R	347476
21654372231323	R B2 D R2 D' R D' B D' B' D'	382825
35461272222323	R B R2 B R B' R2 D B D R'	400285
42751632321233	R B' D' B2 D B R2 D' R2 D R2	456330
64531271212211	R2 B R2 B2 D R' D' B D2 R B	503763
12364751112212	R B D2 B D' R D' R' D2 B R'	416864
76312453311311	R B2 R' B' R' D R2 D R2 D' R2	223200
14752633213223	R B2 R2 D2 B R' D' R D' B D2	271837
71432562111221	R B2 R' D' B' R D2 B' R2 B R2	253662
76345122211121	R B2 R2 B' R' D B2 R' D B D2	280484
62135471122121	R B2 R2 B' D' B R2 D' B D B2	357718
67345211111123	R B R' B R' D' B2 R2 D' B R'	306010
15724632123233	R D B R' D B' D B2 D' R2 B	589379
21354761113211	R B2 D2 R2 D B R B' R D' B2	389977
56321473233323	R B R' D2 R' D R B2 D' B D	257709
36527412111113	R B R2 D' R' D R' D2 B D B'	232527
32465172133121	R B R' D B' D' R2 B2 D' B R'	236547
16725431121311	R B R2 B' D B D2 R' B' D R'	346424
21354761113322	R B2 R D2 B2 R' D R' B2 D2 R2	393553
36147252111113	R D R2 D' R B R2 D' R' D R	312955
16345273233323	R D2 R2 B' D' R B' D2 B R' B2	459172
14723651112131	R B D2 B' D B R2 D' B' D R'	485142
73652413211312	R B R' B R' B D' B2 D B2 R'	229333
56741231121311	R B R2 B' D B D2 R' B' D R	276231
52743611112131	R B D2 B' D B R2 D' B' D R	253979
25641371213132	R B D2 R2 B2 R' B D' B D2 B'	257053
14752631323223	R B2 R2 B' R D B' D2 R2 B' R	347025
37654212311222	R B D' B2 R' B R D' R2 B2 D2	393338
14625731322233	R B2 R2 B' D R B' D2 R2 B' R	592070
45621732212123	R B D2 R2 B2 R' D B' D B2 D'	349329
32465173233221	R D R D' R D' B' R2 D2 B' R	232342
74125631313311	R B R2 B D2 R2 B R' B' R B2	235390
74365212222323	R B R' D R' B2 R' D B D R2	252130
74365213121333	R B R2 B' D' B2 D' B R B2 D2	254419
14723653313111	R B R2 D2 B' R2 B R' D' R B2	283559
74125633133312	R D R' D2 R' B' R2 B R' D2 R2	366764
14723653321313	R D B' D2 R D B2 D R2 D2 B	594501
54167233331213	R B2 R2 D R B' D2 B' R' B2 R	834065
37642513122221	R B2 R' B D' B D2 B2 R2 D' R'	228129
36527413311311	R B R B D2 R B2 R B' D2 R2	271411
32716452123212	R B' R D' B' D B2 D R D' B2	488021
34172562313331	R B2 R B' R B' D' R2 D' R2 B2	330566
71643252231212	R B D2 B2 R' B R' D' B R B'	414838
23416752121211	R B' R B' D' B D2 B R D' B2	409226
63512743313333	R B D' B R B2 D2 R' D2 R2 B'	586200
65172431132333	R B2 R B R2 B D' R' B2 D2 R'	556617
76543212222221	R B2 R2 D2 R D' R2 B R B2 D2	293105
34172562132332	R B2 R D' B D' B' R2 B' R2 D2	347301
56124371111231	R B R' B2 D B R' B R2 B' R	229968
76341252232313	R B D B' R B2 R' B2 D B' D	261335
53421671321111	R2 B R D' B2 D B' D R B2 D2	413718
35426712131132	R B2 R2 D B' R D' R2 D R2 B2	336704
65132471231321	R B' D2 R D2 R' B R' D2 R' B	478497
17435622211133	R B2 D' B R D R2 D2 B' R D	565322
56173421113112	R B D2 B' D R' D' B2 R D' R	229506
46275312232133	R B D R2 D2 R B R B' D2 B'	550245
54371621113112	R2 B D B' D2 B R' B R B2 D2	391464
74132561321231	R B' D' R2 B D R2 D' R' D2 R'	485514
32456711233133	R2 D B2 R2 D' B' R B' R B2 R	431508
17426531213123	R D R' B2 R' B R D B2 D2 B	411598
74125633131233	R B R' D2 R' B' D2 B R' D2 R2	453509
54721631311133	R B D2 B' R D2 B' R2 B R D2	570356
37452162323312	R B R D B' D2 R2 D' R2 B' R	219062
71436253333112	R D' B R' B R2 D R' D' B' D2	203273
31275462133211	R B R2 B R' D2 R D2 R' B D'	376374
53726143333121	R B R' D2 R B R2 B R' D' R	242045
64275131312123	R B R' D R' D B2 R D' R' D'	342029
17643251122112	R B R' B R' D2 R B' D' B' D'	378185
37615422313331	R B D B' D2 R' D R' B D' R'	352662
47126532133133	R B D' R2 B2 R' B' D B' D B'	594441
32167451312222	R B R' D2 R' B2 R D2 R D B2	173770
31564273113311	R B D B' R B R2 B2 D' B' R	289064
72165432323312	R B D2 B' R B' R2 D2 B' R' B2	273732
52341673133111	R B D2 B' D R2 B' R2 B R B2	273373
52341671311313	R B R2 B' R B2 D' R2 D R B2	323744
24615733113323	R2 B D2 R2 B2 R' D B' D B2 D'	538504
42613572313211	R B R' B2 R' D' B' R D2 B R'	559340
13675241112323	R B D2 R2 B2 R' B' D' R D2 B'	1007544
32647153132121	R B R' D2 B2 D B2 D B2 R D	208611
56723411131112	R B R D' R2 D' R' D B D2 R'	374351
25741632222323	R B2 D B2 D' R D' R B' R' D'	389983
54362711111231	R B D' B2 R D R' B D2 B' R	251876
36125473111211	R B D2 B2 D' B' D2 R D B2 R'	235414
14325672112121	R B D2 B D2 B' D2 B R' B' R2	333295
67412353132121	R D2 R' B2 R' D B' R2 D2 R' D	262732
76145232332213	R B' D2 B D' R2 B D R B' R	568693
53467211321111	R B R2 B' D R' B' D2 R D' R	244137
25736413123112	R B D B2 D R2 D R' B' D B2	241458
12354762311123	R B D B D2 R' D B' R' B2 R2	281733
14736521332121	R D R' D2 R' B R B D2 B2 D	242696
32145672212222	R B D' R2 B2 D' R D B R2 D2	257509
23165742123131	R B D B2 D2 B D R D' R2 D'	635584
17435623211123	R B2 D' R B D R2 D2 B' D B	679792
54167232133313	R B2 R2 D B D' R2 D' R' D2 R	851781
31276452313313	R B' D R' B R2 D R' B' D' B2	326943
16357421223113	R B D' R' D' B D2 B' R D' B'	210211
42615371313332	R2 B D2 R2 B2 R' B D' B D2 B'	394409
13247563212131	R B R' B2 D2 B' D' B D' R D'	289729
63725141233121	R B R' B D' B D2 R B' D' B'	287454
31276452133322	R B R2 B' R D2 B2 R D' B D2	274162
64157321133212	R2 D R2 B2 D' R' D B' R B2 R	660460
32174561232233	R B' R' D2 R' D' R2 D B D2 R'	631612
32714652332132	R B R D2 R' D R2 B' R2 B D'	207446
73615243213313	R B2 R2 B' R B2 D' B2 D B2 R'	296392
74163253133132	R B D' R2 B2 D R' D' B D' B	197879
41725363121231	R B R2 D2 B' R' B D' B R2 B	265212
13257641112233	R B R2 D2 B2 D' R' D' R B2 D'	403495
26415732233321	R D R' B2 R' B' R' D R2 B D'	416702
67321453113311	R B2 R' D' R' D B2 D B2 D' R2	445475
34165272323333	R B R2 D2 R D2 R' B D B2 R'	550852
72345613221221	R B D2 B R2 B' R2 B' D B D2	146683
72543162311111	R B R2 B D' B D' B R2 D' R	252176
15642372331322	R B R D2 B' R2 D R B2 R D'	208555
56347211213111	R B D R' B D R' D R2 D2 R	323342
37652143231322	R B2 R D' B2 R2 B' R D R2 D	210903
34725612322232	R B2 R2 B R' D R B' R D B	357106
61534721112311	R B2 R' D2 R' D B' D2 R2 D' B	282241
12745632111122	R B D2 B R2 B' R2 B R' D' R2	260835
54312671131331	R B R' B D2 B' D R' B R B2	212046
52743612131111	R B R2 B' R D2 R B2 R2 D' B	224034
13546271231231	R D2 B R2 B' D R' B R' B' R	322733
14763253133132	R B R D2 R2 B' R D' B R D2	298810
14723651113121	R B R2 D' R' B R' D2 B R D'	346373
12364753311131	R B D2 R' B R B2 R D' B' R	363191
41576322212222	R B D B' D2 B R' D B R' B2	403168
32765412323222	R B D2 B2 D' B' R2 D R D2 B'	453036
67341252222323	R B D2 R2 B' R B R' B R2 D	203280
41357622313112	R B D B' D2 B R' B R B2 D2	251146
13267541232212	R B R D' B R' D B2 D R D	308622
71462532111212	R B D R' D2 B D' B2 R2 D R'	205403
54127633131212	R D R2 D2 R' B' D2 R D2 R' B2	588838
24763151111111	R B R' B2 R D' R D' B2 D2 R2	444500
31462751111111	R B D' R2 D B' R D B2 R2 D'	834459
32167451111111	R B' R B R' D2 R' D' R' B D2	1289370
43512671313332	R B R' D R' D2 R B R2 D' B	246917
56147231333213	R B R2 D2 B2 R B R' B D' R	286193
35624712331232	R B R' D B' R2 D B' R B D2	306156
35162472123233	R B' R2 D R' D' R B D' B D2	436035
75243162211322	R2 B2 R B2 R2 B R2 D' R2 D2 B	647695
45176231331113	R2 B R2 D2 B2 R B R' B D' R	472617
26154372332213	R2 B' D2 B R' D R' B2 R' B R'	690615
64125371131313	R B' D2 B R' D R' B2 R' B R'	476733
25436713232321	R B' R' B' D R2 B' R2 B D' R	196468
52714361232113	R D B2 D2 R' B R' B' R D2 B'	374498
32761452222212	R B D2 R' D' R2 D B D2 B D'	228446
13276542323312	R B2 R' D' R' D B2 R' D2 R B2	265982
16345271133131	R B2 R B D' R D2 R' D2 B R2	250694
76354213312223	R B R B' R2 D B D' R B2 R	262950
46275313312211	R D R2 B' R D R2 B2 D R' B'	498818
32165741111111	R D B' D B' D B2 D2 B R' B'	1265873
63752411333213	R2 B2 R' B R D' R2 B2 R B2 R	361141
16527432113333	R B R B' D2 R2 D B D B' R2	403873
63125743133312	R B D2 B D' R' B D' R2 B R'	407088
76321452212231	R B R2 D2 B2 R B D' R D' B'	408396
15426371112233	R B D2 R' D2 B D' B' R D' R2	266171
32156472333332	R B2 R2 D2 R' D B D2 B2 R2 B'	522260
31265472312233	R B R2 D' B2 D R D2 R' D2 R	616958
21345762313223	R B D2 R' B R D2 B2 R D' R'	573325
52163471112122	R B2 R' D' R2 B2 D R B R' B2	282509
43167251232212	R B R' B R' B D' R2 B2 D' R'	380606
36145273333313	R B' R' D R2 D2 R D' B' D R2	348080
15724631211311	R B D B' D R' B D2 B2 D B'	368004
12734561322233	R B R2 D' R2 B D' R' D B' R2	443433
41263751312222	R D2 R2 D B2 D2 R2 D R2 D2 B'	568985
41237561313131	R B2 D2 B' D B' R B2 R' D2 R	672673
31452671323211	R B R D' B2 D B' D R B2 D2	273330
61274351313131	R B D2 R B R2 D' B D2 B2 R	466832
15624732333332	R B R' D B R2 B D' B2 R D2	146951
16573241312312	R B D R2 D R' B' D' R2 B R	274726
54621371133311	R B D' B D2 B' D B' D R D2	347548
36527413111112	R B D2 B' R B R2 D' R' B R'	256515
32147651312222	R B D R' D2 B2 D' R' B R2 D'	237482
34521672223232	R B2 D R' B D' R2 D B' R' B	336273
34517622231323	R B2 D2 R D2 R B' R' B' D2 B'	315826
34721653333313	R B' R2 B' D B D R2 D2 R B	257262
12536741112323	R B R D2 R D' B' D' B2 D2 R	334354
32456173212332	R B D B D2 R B' D2 R2 B' D	183020
76354121122121	R B R B2 D' R2 B D R2 D R'	174354
16725431131211	R B D2 R' D' B R' D2 B R B'	365266
12543671111111	R B' R D R' D2 R' D' B' D B2	411533
13527461211113	R B' D' B D2 R' B D R D' R2	315437
37614522111221	R B2 R B' R D' B' D R2 D' B	222455
52763411333123	R B D2 R2 B2 D R D' B D' R	217290
65732411333123	R2 B D2 R2 B2 D R D' B D' R	312577
23176452132221	R B2 R2 B' R D' R D2 R B D2	330298
71365423331312	R B2 R2 D2 B' D2 B' D' B R' B'	354675
52314673311311	R2 D B' R' D' B D2 R' B D2 B'	592028
47251632131312	R B R' B R' D' B R2 B D R'	466399
71326543333313	R B2 R2 B R2 B2 D2 B R2 B2 D'	482271
76143252131312	R B D2 B2 D R B D' R2 D' B	369638
71432563332113	R B R2 D' B R2 D B' D' B' R	248481
15246372331331	R B R2 B D B2 R D2 R2 D' B'	162920
32145673311113	R B2 R D B' R D2 R' B2 D R2	254452
46275312313211	R B R2 B R2 B2 D2 B D2 B' D'	428254
46375213112111	R D R' B D' B R2 B2 R B' D'	314126
51642731113322	R D B2 D2 R' D B' R' B R2 D'	586362
32156471111111	R B D' B D' B D2 B2 D R' B'	1144139
47156323223123	R B2 R2 B' R' B R2 D' R B R2	228944
12734562313223	R B R B R D2 B D' B D2 R2	241086
32156472332132	R B D B' R B' R D2 R' D2 B	261834
14763251332331	R B2 R2 B' R' D B' D R' B D2	274278
34561272212213	R D B2 R2 D2 B R D' B R' D'	518942
67354211313113	R2 B2 R' D B D' R2 B2 R B2 R	251836
21365742221312	R B R D' B2 R B R2 B' D' B'	306003
14725363211213	R B R2 D' R' D R D2 B2 R2 D'	295439
12765432121313	R B D2 B2 D' B' D2 R B2 R' D2	226540
72136541322233	R B D2 R' D2 B D' R' B D' R2	236896
54167231221211	R B2 R' D' B2 R2 D B D R' D2	264453
63752141111111	R D R' D B' D R2 D2 R D' R'	504628
71435261322233	R B2 R' D R' B R' D R' B2 R2	504515
42167532131333	R B2 D2 B' R D' R D2 R' D2 R	619072
42136752131312	R B D R' B D' R D' R D2 B	571752
34162752132212	R2 B D R' B D' R D' R D2 B	751696
54326171321231	R B D' R2 D' R2 D R' B' D' R	220853
76342512232223	R B2 D R D2 B2 R D' R D2 R'	312472
57214361323232	R B R' D2 B D B' D R2 D' R	229773
42573612323231	R B2 R B2 R' B2 D2 R' B2 R2 D'	330624
35462171212121	R B D B2 R' B2 D B R2 B R'	347868
12745633313312	R B2 R B R2 B2 D B' D B2 D'	234442
67312452233321	R B D2 B' D B2 R' B' R2 B R'	439871
26317451212211	R2 B2 R' D' R' D B2 D B2 D' R2	675946
54326171112233	R B R' D2 R' D2 R D' B' D' R	168135
21354671221112	R B R2 D B2 D R' B D2 B D	176493
53614721212121	R B2 R B2 R2 B' R2 D B2 D2 R'	368782
51632741323232	R B D' R2 B D R' D R2 D' R	254757
63541271212211	R2 B D B' R B R2 B2 D' B' R	528122
65274133132223	R B2 R B2 R2 D R B D' R2 D'	218346
61534272311132	R B2 R' B2 R D' B R' B2 R B	326541
57364212213311	R D B' R' D' B2 R2 D' R B' D	577428
56723411113313	R B D R' D2 B2 D B R2 B R2	227633
31475262333221	R B2 R2 D2 B' D' B D' R2 D R'	261548
12563473131212	R B2 R' B R' B2 R D2 B' R D'	284961
12345672321212	R B D' R2 B' R B2 R B' R' D2	200767
13267541111132	R B2 R2 D' R B' R2 B' R' D R'	433140
36745212122333	R B R D' R2 B D' B2 D B2 D2	358256
53147262123131	R B R2 D' R2 D' B D R' B2 D2	405934
76541233121213	R B R2 D' R D B R2 B2 D' B	629644
74165232121211	R B R' D2 B' R D2 R D' B' D2	176552
56347211331131	R B R D' R2 B2 R D R2 D R2	241623
72356141112323	R B R' D2 R B' R B R2 D2 B'	347237
72345611111111	R B' R2 B' R' D' R D2 B D' B	403162
41726532312233	R B2 R2 D' B R' B2 R' B' D R'	503661
74521633333313	R D R2 B' D' B2 D B R2 B R'	743503
26543171123111	R B R2 B' R D' R2 B R2 B' R2	249962
54127632222212	R B' R D R' D' R D B' D B2	301334
52731641323112	R B R' B' R B' D B2 R2 D' B	202666
57241631322113	R B R2 B2 D' B R2 B' D R2 D'	213081
41752632312323	R B R2 D2 B D' B D' R2 D R'	411239
41325763131233	R B R B2 D2 R' B D' R' B2 D2	322432
36714521232113	R D B' D2 R D' B' D' B2 D2 R	399169
65274131311313	R B R D' R B2 R' D2 B R' B	212694
13462571111111	R B D R2 D R' B' D' B2 D2 R	1468906
12365471111111	R B' R2 B' D' B' D R2 B R' D	2345523
32156471232332	R B R' D' R D2 R B' R D2 R'	212553
53762413322123	R D R' D B2 D' R D' B D B2	241431
52463713212332	R2 B R2 B' R2 D B' R2 B R B'	316373
13267451311133	R B R D2 R D' B' D' R2 B R	372639
56341273121213	R D B2 D2 B R B R' D2 R' B	408636
13276541213312	R2 B D' R2 B' D R B' D R2 B2	366306
12364751113133	R B2 R' D R2 B' R D R D' B'	464398
35162473332122	R B' R B2 R D R D' R D2 R'	463526
47156322132311	R B D2 R' D' B R D2 B2 R2 D'	279034
21354671122112	R B R D2 R B' R D2 R B2 D	280781
76312542321212	R B D B' R2 D B' D2 R2 B R'	205708
21364752311111	R B R2 D' B' R2 B' D' B2 R D	382904
76143253331333	R B R' D2 B R2 B' D R' D2 R'	415070
14726531333312	R B R2 D' B D2 R B' D' B' D	234518
13576241312213	R B2 R2 D' B D' B2 D' R' D R'	698790
32517463131311	R D2 R D R' D B' D2 B' D R'	508821
24167353132232	R D B' R2 D R' B D B' D2 B'	369951
76341251111213	R B D' R D R B' R2 B R' B2	392792
65432173232321	R B' R2 D' B R B R2 B D' B'	332043
65417323232123	R B D' B2 D B' R B D2 R2 B2	330659
31275461322233	R B' D B2 R2 D2 B D' B D' R	578374
71546233331213	R B D R' B2 R D' R D R' B2	548606
12354671111111	R B' R2 D' B R' B' D R2 D B	2317290
16453271111111	R D R' B2 R B' R D R2 B2 D2	1838346
13764251211311	R B R B' D2 R' B R' B' R B2	203660
56347213131332	R B2 R2 D B R' D2 R' D' R2 D	285076
63742511232221	R B R2 D2 B' D B' R' D2 B2 R	223787
23417563232123	R B D' B2 D B' R B' D2 R2 B2	271853
41752631222123	R B R B2 R B2 R D' B' R D2	359926
34261573123121	R B D' R' B D' R B2 D' R' B2	230701
34617252123212	R B R B R2 D2 R' D' R2 B' D2	619334
74325613131212	R B R2 B2 R' D' B2 R D2 R' B2	601487
32751643321232	R B D B' R2 D2 B R' D' R D2	228379
57236141113232	R B D' B2 D' R2 D B' R' D' R	233312
16243571321321	R B2 D R2 D' B D' B R' D' R	177438
74156322313223	R B2 R B R2 B' D' B2 R B R'	275229
65174233323212	R B2 R' D B2 R' B' D' R2 B D	306436
72543613322312	R B' D' B2 D B2 D' R D2 R D'	365700
14753261323112	R D2 R D B2 D2 B' D B2 R' B'	672926
16527431123333	R B2 R2 B' D' R B' D R' D B2	585789
36145272122222	R B' R B' D2 R2 B D R' D R2	264217
16542371331221	R B2 R' D B2 R' B D R B' D'	280576
74163253133213	R B2 R2 D2 R B' D2 R B R2 D2	230644
71432561232323	R B' R B2 R' D2 B R' D' B' R	326386
65471231132213	R B2 R B R' B R2 D' R B R'	388548
34617252132212	R B2 R' B' R B' D B2 D B' R	450464
16572431111111	R B' R' D B' D2 R' D B R D2	506155
36714522122213	R B D' B2 D' B R D R2 D2 R	722873
52341673232333	R B R B2 D' R D' B' R2 D B	270928
45312761133311	R B R2 B2 D B' D B' D R B	241855
32156742313223	R B2 D' B D' R D2 R D R' D2	285194
13254761323322	R B2 R B R2 B2 R' D R2 B' D'	378051
54367212211322	R D R2 D2 R B R2 B2 R' D2 B	496914
45376121131133	R2 B' R B D2 B' R B2 D' B2 D	445658
41725362313223	R D B2 R' B R B2 D2 R D' R'	609352
15763241111111	R B' R' D R2 B' D B D B' R2	1774292
54367212233213	R B R2 D R' D' R2 D' R2 B D'	229863
65132473323311	R B R2 D B2 D B' R D2 R B	198865
57236141322233	R B R' B2 R' B2 R D' R' D' R	161042
25734162221111	R B R2 B2 R B2 D R2 D2 B R'	299765
24537613231322	R D2 B R2 B' R B' D R' B' D	346619
56123472322121	R B D2 B2 D B R2 B2 R' B2 D	333428
15724631111111	R B R D2 R2 D R B' D R' B'	1622884
25341673113311	R2 D R' B' D' B R2 D' B R2 B'	706765
13576241321321	R B R' D B R' B2 D R' B D'	208841
76354122112121	R B D' R B R2 B R' D2 B D2	298638
61234573232213	R B R D2 B D2 B R' B R2 D2	372503
36147251211131	R B' D R D2 B' D R' D R2 D'	367060
54127633333313	R B' D2 B' D B R D2 R2 D B	461020
12367541113331	R D2 B D2 B' D R' D R' B' R	781179
12347651133311	R B2 R B R' B D2 B' R2 D R2	396262
23165741112323	R B R2 D' B D R2 B2 D R' D'	372783
23756413223312	R B R' D' R B' R2 D2 R D' R	279811
14625732112121	R B2 R' B D' B2 R2 D' R' B2 D'	298805
74152363133231	R B R2 B2 R' B2 D' R' B2 R' B'	283400
51732643121213	R B D' R B' D' R D2 R D R'	580978
74123653133222	R B2 R2 B R' B R' D B' R B2	417048
37642152213311	R D2 R B R2 B' R' D2 B R B	580772
47156321111111	R B D R' B R' D B2 D2 B D'	347553
76245311131121	R B R' B D' R B2 R2 B R' D'	168180
25716433223213	R B2 R2 B' D B' R B2 R B D2	248779
74365211121221	R B2 R' B D' R2 B2 R B' D R2	267929
76125343333133	R B2 R B2 D' B' R B' D R' B	404548
14725361111111	R B R B' D R' D B2 D2 B D'	441441
23167542131222	R B2 D' B2 R D' R' B R' B D'	559495
72163453131212	R D R2 D2 R' B' D2 R D2 R' D2	558200
76321453311233	R D R' B R' B R2 D2 B2 R B'	367441
12354763133111	R B R B2 D2 B' D' R2 D' R2 D2	252744
41736521233232	R D2 B D2 B' R D' R D' B' R	223436
36751243222322	R B D B2 D B' D' R' D2 B D	214601
72543613221221	R B2 R2 B D2 R' B D2 B2 D' R'	279393
72541631111213	R B D2 B' D B2 D B2 D2 R' B	260990
56274132331133	R B R D B2 R D' B2 R2 D' B	298465
34721652121313	R D B2 D2 B' D' B2 R B2 R' B2	718848
61274532231323	R B R2 D2 B' R D B' R B2 D	354537
71462532121112	R B2 R B R2 D' B2 R D B R'	343498
12356743113131	R B D2 B' R2 B D' B2 D' B R2	279806
76543213113131	R B2 R2 D B R2 B D' B' R2 D	222094
41725631211122	R B2 R' D R' D2 B2 R' D' R2 B'	299219
23165742312323	R B' R' B R B2 R2 D2 R B' R	422425
72534163211123	R B2 R D B2 D' R' B2 D B D	332595
23671452122333	R2 B' R' B R' D B2 D R' D B2	565724
12367453112222	R B2 R2 B' R2 D' R B2 R2 B' D'	279094
36152741231312	R B' D' R D2 B' R D' B' D2 B'	322061
23165471111111	R B R' D R' B R2 B2 R D' B'	345018
52741633221233	R B D R2 B2 R' B' R2 D' R' D	252208
75613243131332	R D2 R' B R B R' D2 B R' B'	389433
14752363233131	R B2 R D2 R2 B R' B R2 B R2	239952
67154233323332	R B D' B R2 B2 D' R D' R' D	281906
75346211211311	R D B' R D' B D2 B2 D R' D'	328280
16345272333212	R B R2 D' B D' R2 B D B2 D2	224721
24715633112111	R B R D' B R' D R2 D2 R B'	208343
72163452122222	R D R2 B' D B D R2 D2 B' R	462149
32761452121313	R B R' B2 D R2 D' B D' R2 D'	247972
13276541322311	R2 B R2 B' D B R2 B2 R B D'	430176
26175432331133	R B2 R D2 B' D' R B' R B' D	334153
54723613333313	R D B2 R' D' B2 D B D2 B R'	425170
32156472332321	R B2 R' D B2 D' R D2 B' D' R2	367447
35462172213311	R B2 D' R B' D R2 D R B' D2	487038
76315241332112	R B D B' D2 B R' B2 D B' R	198486
32175461333111	R B D R' B2 R D' B2 R B' R	258528
52731641233112	R B R' D' B D' B D2 R2 B' D	212274
57241631323112	R B R2 B2 D' R D2 R' B R2 B'	204421
47156322332312	R B R' B R2 D' B' D B' D2 R'	244684
14726531233313	R B D2 R' B D2 R D' B' D' B	447135
21354672311132	R D R2 B2 D B' R D' R2 D R'	425160
12637451132111	R D R' D2 R B' D B R2 D2 B2	393516
12745633323311	R B2 R D B2 D2 R B' D R2 D'	273618
51623471321111	R B R2 B' R B' D' B2 R B' R	219068
26543171111111	R B R' B2 R D' R D R2 B2 D2	434151
41725633111133	R B D R' D B2 D' B2 R B' R	356653
12645371131121	R B' D2 R' B R B D2 B R' B'	321334
61572432312323	R B R2 B' D B2 R' B' D2 B R'	422977
21345671111111	R B' D2 R' B R' B' R D2 R B	675044
56132473211111	R B D' B' D' R2 B2 D' R D' B	352438
34625172111212	R B' R B2 R D' R B' D2 B R'	343335
14625733133111	R B D B' R D2 R' B2 D B' R	283291
36745212123323	R B2 D' R' D B' R B2 D' R B'	204916
63714252123131	R B2 R' B2 R B' R D' B2 D B	315332
54317261113112	R B D2 B' R D' R' B2 D B' R	252891
16347252131312	R D R2 B' D R B D2 B2 R' B	472575
23147652312323	R B2 R B D2 R2 D' R' B2 R D'	284310
36125471111333	R B D' B D' B2 D' B D R B2	263125
34721652222212	R B' D R D' R' D R B' D B2	312821
16453272111131	R B D' R B R' D R' D2 R2 B	223724
62475131322323	R B R' D B2 R' B2 R' D B' D'	281454
12345672123212	R B R' B2 D' R B2 R D' R' D2	401440
65417321232113	R B D R2 B2 D R D2 B2 R' B'	409281
12365473232312	R B D B D2 R D2 R B' R2 D2	247221
74165231121212	R B D2 B D B' D B' R' B2 R2	496490
67215343333133	R B R2 B D2 B' D R' D' B2 R2	481663
46125731333123	R B D R' D B D2 R' D R B2	222263
31475262331313	R D2 R2 B2 D' B' R D' R2 D R'	310367
16527341111111	R B D R2 D B2 D R B R2 D2	423659
35174262213131	R B' D B2 D' R D2 B' R2 B R2	406348
36721452223232	R B D2 R' D' R D' R2 B D R	313053
56743212122222	R B2 R2 D' B R' B' D R2 B' D'	429305
36714522121322	R D B' D2 B' D R D R2 D2 R	564108
15627431322113	R D2 R B R2 B2 R' D B2 R' D'	218955
67321451311133	R B D' B' R D' R B2 D' R' D2	337595
54367212231122	R B D2 B2 D B D2 B2 D' R2 B	542966
35426713312211	R B2 D' R D' R D2 R B R' D2	300795
76341251111312	R D B' R D R D' B2 D R' B2	343936
24715631111111	R B D B2 D2 B R D' B D' B'	350672
72345611222222	R B R' B2 R' D' B2 D B' D2 B2	410180
12376451113133	R B2 D B2 D' B R' D B' D' R	580263
14263751131121	R B' R D B2 R' D B' D B' R2	236222
35462173123211	R B D2 B R2 B R' D' R D2 R	210566
15672341323112	R B2 R B D2 B2 D' B R2 D' B'	218138
24751362221231	R2 B R2 D2 B' R' B D' B R2 B	388120
76145233133213	R B D2 B' D' B2 D' R D B2 R2	327305
23475162121112	R B R2 B R2 B' D R' B' D2 R2	432647
75246313312211	R B2 R D R2 D' R' B2 D B R'	403035
14523672121313	R B D2 B2 D' B' D2 R B2 R' B2	537718
52714633223123	R B2 D2 R2 B D R' D2 B R' B	321372
72543613223312	R B' R' B2 R D2 R' B D2 B D'	289491
36241573212332	R B R2 B2 D B' D' B R2 D B	318964
14725361111123	R B D R2 D2 R D B' D R' D'	285597
71426353312211	R B2 R D R2 D' R' B2 D B R	474551
52763143222331	R2 B' D B D2 B' R D2 B' D2 B	366705
36521472113321	R B D2 R B2 D' B' R' D2 R' B'	456804
63725142223133	R D R' B2 D2 B R B R' D2 B	641727
46372511221331	R B2 R' B D' R' B R' D2 R D2	205114
13275463213211	R B2 R2 D2 B' R' D R' D2 R B'	256097
54761233322321	R B D' B2 R2 D' B D' B' D R2	210601
32465173123121	R B2 R D' R2 D' B2 R B2 R' D	221578
56423171321321	R B2 D R2 D' B D' B R' D' R'	278851
54327612223232	R B2 R' B D R B' R B' D2 R	375346
56723412323222	R B D R2 B' R B' R' B2 D R	416211
15724632313223	R B D' R' B2 D' B' R D2 B' D'	386599
26453711333333	R B2 R2 B R' D2 B R2 B D2 B2	206697
67345122223133	R D B' R2 D2 R D B R' B2 D	515032
52743611111312	R D B D' R2 D R' D B' D2 R	329852
54371261113331	R B R2 B2 D B' D2 R D R2 B2	321161
62135473322321	R B2 D2 R' D' B R' D2 B D' R2	267263
21376541131133	R B D R' D R B2 R2 D' R' B	328176
31246753312211	R D2 R D R2 D' B' R2 D B R	487036
21354761133311	R B2 R2 B' R B' R2 D B' R' D2	371767
56123473133231	R B R D2 B2 D' R' B2 D' B' R	256477
21354672311123	R B' D2 R D2 R' D B' D2 B' D	474108
34725613111112	R B2 R2 D2 B' D R' D R2 D' B	266169
21347562312323	R2 D2 R B' D B R2 D' R B R2	534787
23175463211222	R B R' D2 B2 D B' D2 B' R2 B2	321323
41752632311123	R B2 R' B' R D2 B' R' B' R D2	417154
32147652233213	R D B2 R2 D2 B R B' D R' D'	586017
41765322313211	R2 D2 R B' R B R2 D' B D B2	1086917
65123471233232	R B R' B D R2 D R' D' B' D2	183694
64275133312211	R B D2 R' B D B2 R2 D R' B'	258396
17425631322113	R D R2 B' R B' D R D R' D2	196406
73615241112323	R B' R B2 D2 R2 B R' B R' D	409969
37615422313121	R B R B' D2 R' B R' B D' B'	442402
14735621323112	R D R2 B' R D' B R D R' B2	452210
73615243123313	R B2 R2 B' D R2 B' D2 B R2 D'	485186
32147562333233	R2 B R' B' D R D' R D2 R' B	683742
16347253121312	R B' D2 B' R B R D2 R2 D B	324563
13725642332132	R D B2 R' D2 R' B R' D2 B2 D	266515
42137561123333	R B2 R2 B R2 B2 D2 B' D2 B2 R	256220
32567413133333	R B' D B' D2 R2 B D B' R B2	296320
42165373223123	R B R2 D' R2 D' B D' R2 B2 R	173974
13754262123323	R2 B' D' R B' D R2 D R' D R2	509985
54723612222212	R B' R2 B' D' B2 D B R2 D' R'	627963
54723612131312	R D2 R' D2 B R D2 R2 D' R' D2	570552
76541232221222	R B R2 B2 R' D' R2 B D2 B' D2	412925
34721652131213	R B' R B R' D' B D B' D R2	312306
52741632122333	R B R2 B2 R D B2 D2 B' D2 R	435015
76321453313312	R B' R' D2 R B2 R' D R2 D R'	458426
32567412131312	R B' D R' B2 D2 R D R' D B2	409347
76143253333313	R D' R2 B R D2 R' D' R2 D' B'	427869
76143253131212	R B2 R D' R B2 R' D2 B D' B'	534331
32567412222212	R D' R2 D' R B R B2 R2 B R	730179
37651242211133	R D R2 D' B R' B R2 B' R2 B	386611
67231543323122	R D' R2 B D' B D' R' D' R D2	352302
75231463211123	R D B2 D' R B' D B2 D' R2 D	342430
73125463133132	R B R' B2 D B' R B D' B2 D'	286863
36147251131211	R B2 D2 R' B R B2 R2 D B D	468681
67231541323112	R D' B2 R D' B R' B' D' R B2	599855
47132652233321	R B2 R' D2 R B' D B' D2 B R	548664
35167242132212	R B R2 B R D' B2 D' R' B2 D2	638706
15627431223113	R B R' D' R' D' R2 B R' D2 R	250043
76123453233323	R B D R' B2 D R' B R' B R2	255617
34617522221333	R B2 R' D B' R' B R' B2 R B2	322377
14753261333111	R B R2 D' R' D' R' B R' D2 R	313017
21375462312233	R B R D2 R D' B' D R' D2 R'	384823
13275461112233	R B2 R' B2 D2 R' D B R' B2 R	436141
56174321232113	R D R2 D2 B' D R' D' B D2 R'	731954
15273641112323	R B2 R' B2 D2 R' B D R' B2 R	1066767
76315241112113	R B' R D2 R' D R' B R2 D2 B2	239844
54367213112222	R B' D R' D2 R B2 R' D2 R D'	323801
54321761211221	R B R B' D B' D2 R' D R2 B'	204316
42651372213311	R B R2 B2 D2 R' D' R D' B D2	281803
13245671321111	R D R' B D2 R D' R' B' D2 B'	506395
25734613113323	R D2 R B D2 B D' B' D2 R2 B'	453751
54612371112311	R2 B R2 B2 D2 R' D' R D' B D2	502041
76145231121113	R B R2 B2 R' D B2 R' D' B2 R	321234
14736521221313	R B2 D' R D2 R2 D' B D2 R' D2	200780
75246313212311	R B D' R D2 B' D' B D' R2 D2	194921
45612372331121	R B2 R' B R2 B' D R2 B' R' B2	216643
56723412122312	R B R2 D2 R D B2 D R D2 R'	275953
12375641113112	R D R' B2 R' D' R' D B2 R D'	206992
53274163211222	R B2 R B2 R2 B R2 D' R2 D2 B	388965
41735262312233	R B2 D' B2 D' B R' D2 B2 R' B	466478
16534271111111	R B' R2 D' B D B R2 B R' D	671066
45623713322321	R B R' B D' R' B' R B2 D R'	175922
34651272332132	R B2 R' D R2 D B2 D2 R' D R'	170596
14763251333123	R B D2 R2 B2 D R D' B D' R'	214526
13254762321233	R D B2 D' R' B2 D B' D R B'	280378
16723451322311	R B D' R2 B2 D' B R' D' R D2	276967
76324151112323	R B2 R B D' R2 B2 D R2 D' B'	452664
24351673311311	R2 B D2 B' R2 D R' D2 R B D'	613666
64275132232133	R D R B2 R2 B D R B' D2 B'	656614
73651241113322	R B2 R' D2 B2 R' D R D' B2 D	234748
12543672322232	R B D R' D2 R D' B D' R2 B'	224713
41735621233232	R B R B' R B2 D' B2 D R B2	205765
65274131111111	R B' R D' B2 D B2 R' D B D	427937
73645121113211	R B D2 R' B' D2 B' D' R2 B D	267738
72543613133222	R B R' D B' D R2 B2 D2 R B'	268315
75261432123233	R B' R2 D B2 D' R' B2 D2 R B'	384528
12576343212221	R B2 R' B R' D R2 D2 B2 R' D'	312048
51726433123313	R B D2 B2 D' R B2 D' R2 D B	459972
75321463132121	R B2 R' B D2 B D2 B2 R' D R'	297642
62435172311132	R D B R2 B2 R D R D' B2 D'	414019
12467351131121	R B' D2 R' B R B D2 B R' B	319988
17426531132312	R B2 D' B R2 B2 R' B D2 R' B2	412260
32156742311123	R B R D B2 R' B R' D' B2 D2	457650
34725612231212	R B2 D2 B R D2 R D R2 D' B	800233
31265472233321	R2 B R' D2 B' D R D' R D2 B2	657459
61472533112111	R B R B2 D2 R B' R' D R2 B2	254955
73146522113231	R B D B D2 B D B2 D2 R' D'	325216
47132563222331	R2 B D' R' D R D' B R2 B' D	375736
72516342313223	R B2 R B R2 B' D' B2 R B R	460594
37641252222323	R B2 D2 R B2 R B' D' R' D2 R'	462027
16527431333213	R B R2 D2 B2 R B R' B D' R'	497000
62435172211133	R D R' D2 B2 D R B D' R2 B	604780
16723451122133	R B R' D2 B2 R' D B' D' R B2	834520
51423671221331	R B D2 B2 R D' B2 R B R2 D2	226967
34516722313223	R D2 R D B2 D' B' D2 R B R	495065
14763523222331	R B R B' R D B2 D2 R' B' D	301780
64257131113223	R B D B2 R2 D' B R' B' D2 R2	318419
41765323122212	R B D' R B2 D' R2 D' B D' B'	364673
14752633223123	R B2 D2 R2 B' R B' R D2 B' D	376220
14765231112131	R B2 R2 D2 B' R B' R D2 R' D	374025
56741231211131	R D B R' D2 R D' R B' D2 R	382676
67412531131133	R B D2 B2 R B' R' B D2 R D	262340
54376211113133	R B2 D B2 D' B R' D B' D' R'	304136
67345211311133	R B2 R B' R2 B' R2 D B2 D' B	333459
75264132223331	R B R B D2 R' B R' B' R2 B2	338493
35462172223331	R B D R B2 D' R B' D' R2 D2	397002
72541633121111	R D R D' R2 D B' D B' D2 R	330144
14527631121311	R B2 R2 D2 B' R D' R D2 R' B	381461
64275132211133	R D B' D2 R2 D B R B' R2 D	505656
56123473133132	R B' R D' R2 D B2 D' B2 D R'	380877
24615732233321	R B' R' D B R2 B2 D2 B R' D	435002
42615372313211	R B D2 B D2 B2 R2 B D2 B' D'	365324
24615732111323	R D2 B' D2 B D2 R' B D2 B2 D'	361460
14735621233112	R D B2 R' B R' D R B R' D2	424860
17425631323112	R D B2 R' B D' B D B R' B2	412169
71435262222122	R B R D' B2 R' B R' D R' D'	422426
32147652332213	R D R2 B2 D2 R D B' D B' D'	662443
14275633323122	R D R2 B' D2 B' R D' B2 R2 B	234383
26345711223113	R B R2 D' R2 D' R D' R2 B2 R	193994
76541232131213	R D' B2 D' R B D R2 D2 R B	434122
74521633121213	R D2 R' B2 D R B2 R2 B' R' D2	343271
25741361232113	R B' R D2 B' R D R' B D2 B2	461729
34721652221222	R D B2 D2 B' D' R2 B R2 B' R2	465920
42651733311122	R B' R B2 D' R D R' D B2 D2	432281
74521632222212	R B' D2 R B D2 B' D' B2 D' R'	741292
34561272122123	R B D R' B2 D2 B D B R' D2	261550
76321452213122	R B D B' D2 R2 D R B R' B2	302881
32761452122222	R B2 R' B2 D B R2 B2 R' B' D2	296871
56341273131212	R B' R2 D2 R B D R' B2 D B	512816
76215433333133	R B R' D2 B D' B R B' R2 B'	400926
43617521223221	R D B' D2 R D' R B D' R2 D'	308529
76541233331333	R B D2 B2 D' B' R2 D B2 D' B2	486331
54127633133333	R D B2 R' D B D B2 D2 R' B	897824
52361472131312	R B2 R2 D' R D' B' R D2 B' D'	294263
63452711311313	R B2 D2 R2 B R B' R2 D B' R	213003
13254763323122	R D R' B' D' B' R2 D R' D2 R	277690
56741233111112	R B2 R2 D2 B D' B R' D2 R D	305440
72541631112131	R B2 R2 D2 B R' B R' D2 R B	298072
54127632131213	R B' D B R' D' R B R' D R2	445035
27534612311132	R B D2 B' R B2 D' R' B2 R B'	629775
53462711113322	R D R2 D2 B' R D' R' B D2 R'	592356
74156323132331	R B R' D2 B' D B R D2 R2 D	238978
67312541121221	R B D R' B2 R' B R2 D R' B	217405
36125472121223	R B R' B' R D' R' B R2 D' B2	443180
76342511111321	R B' D B2 D' B2 R B' D' R' D	250579
31627452221333	R B' R' B R' D B2 D R' D B2	351345
56347212111311	R B' D' B R2 B R D' B' D2 R	395339
16543721111111	R B D R2 D R' B' D R' B2 D	623071
31264752313121	R B2 R B' D B' D' R2 D' B2 R2	548211
17324561232332	R B R D B2 D B R2 B2 D' B'	260431
51324673113311	R2 B R2 B' D2 R B' D2 B R D'	479001
25736411231321	R B2 R' D' B R2 D' B' R' D B2	297199
71426533333223	R B2 R' D B' D B2 D2 R2 B' D'	399085
51324671211122	R B R' B' D B' R B2 D2 R' D'	381375
36125471213111	R B R2 B2 R' D R2 B' D' B2 R	374232
67345122232133	R D R D2 R2 D R D B' R2 B'	587727
76351421112323	R B' R2 B D' R B2 D' B2 D R2	487336
14527632122213	R B2 D2 B D R2 D R D2 R' B	284676
17362451211311	R B R D2 R D' B' D R' D2 B	262822
47156233211132	R B' R2 D R2 D' R B' D2 B' R	434622
15746321323211	R B D R B2 R D R2 D2 B' D'	388390
47216352131333	R D B2 D2 B' R B2 D' B2 D R	463044
47156231332313	R B' D' R D2 R D' B' D B2 D2	368645
63725142123131	R D B D2 B2 D B R D' R2 D'	415957
32175461111111	R B' R B2 R' D B' D R2 B2 D2	1200792
35472163231322	R B2 R' B D2 R' B D B D' R'	214645
13765422121211	R B D B2 D R D B2 R' D R	288216
14762351321231	R B' D' R2 B D' B' D B' R2 B'	337194
52641733232321	R B2 R D R' D2 R B R2 B2 D'	333345
71452632222131	R D R' B R' D R' D2 R B2 D'	424142
16537421113322	R B2 R D' B2 R D B R2 D' R2	409234
36417522123311	R B R' B2 D' R B D' B2 R2 D2	492331
65147321232113	R B' D R2 B' R B D' R D2 R2	657424
14356721112323	R B D B2 D B' D' R' B2 R2 D	351038
42163751121212	R B' R2 D' R' B R D' B2 D R	307682
76213543213133	R B2 D R2 D B R2 D' B R' D2	378082
26714532121133	R B2 D R2 D R D2 B' D R' B2	365670
17453262211133	R B R2 B' R D' B R2 B' R2 B	269771
17642531111111	R B R B2 R D' B' R' D2 R2 B	450160
17463251321231	R B2 R D' R2 B D R D2 B' R2	566623
23147562123131	R D R D2 R D B2 D' B' D2 R	662843
16524731112233	R B' R' B2 D B' D' R D' R2 D'	276197
23164753333313	R B R D2 R2 B' R B' R2 D2 B'	320641
26135742132221	R B' D2 B' D' B2 D' R D B2 R2	282378
56432713122122	R B2 R' D B' R2 D' R B' R2 B2	366601
74365213111211	R B D2 B2 R B R' B D2 B R2	341182
52163471312111	R B R B2 D2 B D B' R2 D2 B'	381167
47123562232133	R D B D2 R' B' R2 B R D2 R	694760
27435612122222	R B R D2 B2 R D' B D' B D'	836357
43126572133313	R B R2 B' R2 B' R D B' R D2	252010
71546322231212	R B R' B R' D B2 D R' D B'	256833
62157342132212	R B R2 B R D' B2 D' R' B2 D	305574
23517462131333	R B' R B' D' B D2 B R D' B	370961
16345272322232	R B2 D2 R2 D' B' D R' D2 R D	240621
54167231121113	R B R2 B' R D' B R2 D2 B2 D'	318280
52763413222112	R2 B D' B' D B' R2 D2 R B' R	324630
16543271331332	R B2 R2 B' D B' D R' B D B2	413838
36541272323222	R B R B' D2 B R2 B D R' B'	247472
74365211313113	R B2 R' D B D' R2 B2 R B2 R	152539
32765411133113	R B2 R' B R D' R2 B2 R B2 R	244312
46572311223122	R B' D B' R2 B' R' B' D R2 B	279795
12367451213333	R B2 R2 B' R B' D R' D B D2	280227
52147632111113	R B2 R' B R B D' R D' R2 B	343331
34527612331322	R B2 R2 B D R' D R' D R' D2	307013
57164322131312	R B R' B2 R D R2 D R' B' D	838669
47265312131312	R B D B2 D' B' R2 D B' R' D'	326794
72563411112131	R D2 R' D R D B' D B' R2 D	347728
45637123132121	R B2 D' R' D' B2 R B' R2 B' D2	255069
47135622132332	R B D2 B' D B2 R2 D B' D R2	306178
32761453133333	R B D2 B2 D R D R' B2 R' B	290461
46123573232123	R D' B2 R D' R D' B' R' D R2	748317
71523463231313	R B2 R2 D' B D' B' D R B' D	432435
54723613121312	R D B2 R' D' R2 D R B2 R D'	850422
62147353132121	R B R B2 D' R B' D B' R' D2	217316
14723653232222	R B D R2 B' D' R D' R D2 B	214774
27415363131113	R B R' B D' R' B R B D2 B2	324032
71543622111131	R B R D2 B2 D' R' B2 R' D2 R	250741
32741651131211	R B2 R' D R B R' D R' D2 B	302115
12347653132322	R B R D B2 R2 D2 R D2 R' B	265932
54723612221222	R B2 R' D B' R2 B R2 D' R D'	371069
74521633121312	R D R2 B' D' R2 D B R2 B D'	475335
34261572132131	R B R B' R D' B R2 B' D2 R'	256577
76324153323122	R B2 R' B' D' R' D2 B R2 B' D2	256586
71423653213232	R B' R' D' R B2 D' B R2 B' D	214260
32745611223332	R B R2 D B2 R' D' R' B2 R' D'	353945
61472532123332	R B D R' D R' B D2 B' D2 R'	255636
56327411211332	R B R' B' D B R2 D2 B2 R D	173759
27416533321232	R B' D B R' B R' B2 D R D2	347248
16243571231231	R B' R B R' B D' R2 B R B2	256351
67321452111122	R B R D' R D' B D2 B' D2 R'	336176
57236141323232	R2 B D R' B2 R D' B R D2 B2	373042
35426712311312	R B R2 B D2 B D' R' B R2 B	298920
21345763332233	R B D2 R2 B' D' R B' D R2 D	405669
45376213333322	R B D R' B2 R' D R D B2 D2	367547
31275462311213	R B D2 B D' B2 D B2 D' B D'	378865
12376451111222	R B' D R D' B D' R2 B R D2	541551
54326171111231	R2 B R B' D2 B D' B R B2 D2	409572
25736411321312	R B R D2 R B2 R D' R' D B2	166450
75246313332332	R B2 R2 D R' D B' R2 B R2 D2	248889
74256313111232	R2 D R2 B2 D' B' D B' R D2 R	508183
45673212212132	R B R' D2 B2 D' R' D B' R B'	201888
71435263333223	R B2 R2 B' D R2 B' D2 B D2 R'	301724
74256311321222	R2 B R2 D2 B' D' R D' R D2 R	518705
41725361321213	R D B2 R2 D' R' D R' B R2 B	377446
45673213211222	R B D2 R2 B' D B' D' B2 R2 D	583955
72365413131212	R B R2 D2 R' B' D' B D2 R' D	258480
76253141123132	R B D R' B2 R D' B R D2 B2	231449
15643273223111	R B R B2 R D' B' R' B2 D R	269859
46352172113231	R B R B' D2 B D' B R B2 D2	269195
26415732121223	R B R2 D' B D2 B' D' R2 B2 D	310331
71453262222221	R B2 R' D B D R' D2 B D' B'	444110
34627512232313	R B D B2 R D2 R B' R B2 D2	363275
36547212122222	R D R2 D2 R D R B' R2 B' R	780244
17452363322132	R B R2 D' R' D' R B2 R B R	192376
61453723111121	R B D B2 R2 D B R2 D2 B' D'	268482
67254313311113	R B R' D R2 D' B D' R B D2	379482
53476121323322	R D R2 D2 B' R B2 R' D B2 D'	264909
71326453132121	R B2 R' B2 R' B R' B2 D2 B' D	240375
36514272212111	R2 B R D' R D B2 D2 R' D' R	526563
72163453331333	R D R2 D2 R' B' R2 D R2 D' R2	334737
35476122221111	R B R' D B2 R' B R' B2 D2 R	433345
62435711222222	R B R' D R' B R2 B2 R D R	302740
17426531112233	R B D' R2 B D' B' D' R2 D2 B	247909
17326452212111	R2 B2 R' B' R' D R2 D R2 D' R2	348896
24153672321233	R B R B2 R2 D' B R2 B' D2 B2	295668
14736521322233	R B R' D2 B D' R' B' R2 B2 D	256449
42367153211123	R B R2 B' D B' R2 D R2 D' R2	407311
26437512122312	R B2 D' R2 B D' B' R D' R D'	559213
36145272131312	R B D2 R' D B R B2 R2 D' B	663965
53476121323112	R D R2 D2 B' D B2 D' B R2 B'	290610
52673413232123	R B R2 D' R2 D' R D R' D2 B2	216981
52167432121313	R B2 R' D R' B2 R B2 D' R D'	248117
12765433331333	R B D2 B2 D' B' R2 D B2 D' R2	255308
34516272312332	R D2 R' B2 R' B D' R2 B2 R' B	304644
16745232122222	R B R2 B2 R B D B' D2 B' R	358005
15367423211123	R B D' B R B' D R' B2 R2 D	437723
56743213121213	R D B2 R' D R D B2 D2 R' B	488017
64321572111131	R D2 B' R B R D2 R D' B' D	225329
12376541322233	R B D' B2 R D' B' R' D2 R2 B	273840
52341673232213	R B2 R B D2 B' R2 B R' B' D2	184552
27456133132223	R B R' B' D B R2 D2 B2 D' B	330516
75346213112132	R B R' B2 R D R' B D' R D2	220055
65271341332331	R B R2 D2 B R' B D' B R' B'	280074
13246571112233	R B R' B2 D B' D' R' B2 R2 D	390372
34165271311133	R B2 R B2 R2 D' B D R' D2 R	361591
46523711331332	R B R2 B' D B' D R' B D B2	216646
54231671123111	R B2 D' R B D R2 D R' B' D	284414
16374523211123	R B R' B' R2 D' R' D R2 B' R2	385961
27154632311132	R B R' D R2 D R D B R2 D2	253884
56423173133111	R B2 D2 R2 B R D' R2 B R' B	289332
46153273131131	R D' R2 B2 R' D2 B D2 B2 D B'	305418
14735621333222	R B R2 B D2 R B D' B D' B'	264266
43216573132223	R B R' B' R B' D B2 R' D' B2	410756
34165273311131	R B R D2 B' D' R B' D R2 B	173830
13276541321123	R B' D2 R B R2 B D2 B R' D2	308759
45621373211111	R D R' B D R2 D B2 R2 D B	341247
32165741233223	R B2 R B2 D2 R' B D' B2 R2 D2	255228
24351671212211	R D B' R' D' B D2 R' B D2 B'	405853
72531463321232	R B' R2 D B2 D' R2 D' B' D B2	441616
52341672232313	R B2 R D R2 D' R2 D R' B' D2	375559
32475161232323	R B R2 D2 B R2 B R D' B R	352015
72561433221233	R B D R2 B2 R' D B' D' R2 B	258758
51624733323113	R B' D' B D2 R' D B' D' R2 D'	365269
51426731111111	R B D R2 D R' B' D R' B2 R2	457683
41352671212121	R B R' D B2 D2 R' D B' R' B	493658
73624513332131	R D2 B' D2 R D' R D' B D' B	310637
71435263333133	R B2 R2 B' R D2 B' D2 B R2 D'	497077
41725363121222	R B D' R D' R B2 D B' R' B'	444093
36712542121211	R B' R B2 R2 D' R B' R' D R	493174
43721653231313	R B R2 D B R2 D' R B2 R2 D	347349
36712542121121	R B R2 B R B2 D B2 D2 B' D'	356343
75346211133122	R B2 R B2 D2 R' D B' D2 R2 B2	327584
15426371111111	R B D R2 D R' B' D R' D2 B2	458495
34275161312213	R B R B2 R D' B' R B' R2 B'	639064
32146752232223	R D R2 B' R B2 R' B D' R' B'	607658
32174561112323	R B2 R' D' B R2 D' B' R B' R2	1053749
51472633331312	R B R2 D2 B D2 B R D' R B'	783475
51472361131313	R B2 R B R' B D' R2 D' B D'	298863
54321672212231	R B R2 D2 B2 R B D' R D' B	410645
41352671222111	R B D' R' D B' R2 D2 R D' B	324938
54321672212213	R B D' B R' B R B2 D2 R2 B	547861
62531472321233	R B D' B D R2 D2 B' D' R D2	407600
43751623123313	R B R2 B' R2 D2 B D B' D B'	714848
51342763312223	R' B R' D R B2 D' R D R2 D'	2442266
12354761112323	R2 B R' D R B2 D' R D R2 D'	2015198
35127462331331	R B' R D' B2 R D' B D R2 D	262712
54367123311113	R B D2 B2 R B' R B' R D R	283812
63471522323132	R D2 B' R B' R' B D2 B D B	359798
23165473233221	R D R' D2 R B D' B D' R B2	303467
72561433321133	R B2 R2 B D' R B' D R' D B2	416529
14352672212111	R B R2 B' D2 R B' D2 B R D'	323320
56243173133111	R B' R2 B D2 B2 D R2 B D2 B'	344464
52376413222223	R B R' D' R B D2 R2 B2 R' B	213215
24765313222112	R B D' R B' D R2 D R' D R2	317543
42615372221213	R B2 D' B2 D R2 B' R B2 R2 B'	539838
57321641311112	R B2 D' R B' D' R D2 R B D	172073
75462132123212	R B' R D2 R2 B' D B' D' B R	489894
36712542121112	R B R' D2 B2 D B R D' R' B	491529
41725362221213	R B2 D' R2 D B2 R' D B2 D2 B'	500221
52314761322122	R B2 R2 B D2 B' D2 R D' R2 D2	203881
63754213122122	R B R' B D' B2 D B D2 R' D	301939
76514321232113	R B D' R' D R2 D B' R B2 R2	393119
14736253222223	R B R' D' B D' B D2 R' D' B2	251173
73654211111132	R B R2 B' R2 D2 B D B' D R	344616
26153473131131	R B D2 B2 R D' B D' R B R	412738
51324761111123	R B R' D R B2 D2 R' D2 R D	268858
21734652123131	R B R D R D2 R D' B R2 D2	239127
73654122221111	R B R2 B R' B R' D' B2 R B'	288117
51324672212111	R D R' B' D' B R2 D' B R2 B'	511992
72561433321223	R B2 R2 B' D2 R' D R2 D2 R' D'	440698
35416723232213	R D R' D' B' D' R2 B D' B2 D	347748
13276541133122	R B' R2 D B D2 B R2 B R' B2	282981
54172633132313	R B D2 R B D2 R' B R2 B2 D	295623
54321672232211	R B R' D B' R D B2 R2 D2 B	405449
36712542122111	R B D' R B' R2 D R' D R D2	315921
63712542221111	R B R' B D B2 D2 R' B' R D2	324769
36741253233131	R B2 R2 B R' D B' D R' B D2	286324
17425631323223	R B D2 R' D R' D B D2 R D'	351547
41352671212112	R B R' B' D B' D2 R2 D R' B	363080
45367213111133	R B2 D2 R2 B D B' R2 D R' D	534925
74325163131323	R B R D' B2 D B' R B D' B2	338766
41325671212211	R B D2 B' R2 D R' D2 R B D'	414018
72561433311233	R D2 R2 D R' D R' B R' D B2	634509
35462171332331	R B2 R' B R' B' R B D2 B D2	326867
45312671222312	R B R' D2 R B' D2 R D R B2	298767
45312673222112	R B R' D2 B' R2 B R' B2 D B'	195544
41726352313322	R B R2 D2 B R' B' R' D2 R2 B'	404405
76312542322121	R B2 D B2 D R' D B2 D B R	220050
43615272113321	R B R2 B' D2 R2 B R B' R D2	386468
63542713121333	R B' R B2 R D' R B' R' D2 B2	671909
71643523331213	R B D2 B' D2 B' R D R' B D2	886770
75264132321212	R B' R B' R2 B D2 R D' R2 D	214028
76341251311313	R B2 R B2 R2 D' R D R' B2 R	289865
76354121121212	R B2 R' B R2 B D R' B' D B2	184617
75264132121232	R B2 R' D R' B' R D B2 D B2	262097
32561473222223	R B R B' D2 B R' D' B2 D2 R2	176705
36745213133111	R B2 R D2 R2 B' R B R' D2 R	293787
75416323232213	R B R2 B' D2 B D' B R B' D2	381958
14367523311113	R D' R' B' R B' R' D2 R' D' B	539225
76354122111212	R B' R D' R2 D R2 B D' R2 D	313344
36745213131131	R B R B2 D' B' R B' R B2 D	177742
72146352232223	R B R2 B' R2 B R' D R B' D2	303829
31275462223211	R B R2 B D' R2 D R2 D' B D'	256538
41367253111133	R B' R2 B R2 B2 R B2 D B2 D'	374621
64275131212223	R B D2 R2 B' R' D B' D R2 D	471655
31275462312212	R B D2 B R' D2 R B2 R' B D'	523757
37615423121132	R B2 R2 B' D B2 R' D2 R D2 B'	285040
35267141321132	R' B D R' B2 R D' B R D2 B2	529170
12347651111111	R2 B' R B D B2 D B' D' R D'	2820014
43621752213323	R B2 R B2 R2 B R2 D R2 D2 B2	317575
67312542221111	R B' R' D2 R B' R2 D R2 D' R2	246588
75314621313212	R' B D B' D2 B R' B R B2 D2	545012
25413672323111	R' B R D' B2 D B' D R B2 D2	524249
45321671212211	R B D' B' D' R D2 B' D R2 D'	433616
32145671111111	R2 B' R B' D' B D2 B D R D'	1585755
25364172311231	R' B R B' D2 B D' B R B2 D2	519673
35246171113322	R B R' B D2 B2 D B R2 B D'	280165
23576412233321	R B D B' R' B D2 B D2 R' B2	234964
23576412312323	R B R B' R' D B2 D B2 R' B2	227162
54312672212111	R B R' D' R' D R2 B' D B2 D'	209433
51267342312233	R B' D B2 D B' R D' R' B2 D2	476876
62571432321233	R B' D' B2 D B' R2 D B2 D' R2	464832
35246172213311	R B2 R' D B2 D' R D2 B' D' R	310178
31654272313322	R B' R B2 R D' R B' D2 B R2	364898
12734561112323	R B R D2 R D' B' D R' B2 D2	339026
52374161112323	R B R D2 R D' B' D R' D2 R2	341594
73624513121132	R D2 B' D2 R D' B R' B R' D	662271
15642371111111	R2 D R' B D B2 R' D B D2 B'	561116
37624152311213	R B2 D' B2 R D' R B' R B' D	594582
16254733312223	R D R2 B' D' R2 D' B R B2 R	565183
41625372313211	R' D R' B D B2 R' D B D2 B'	702988
51342672212111	R B' D R B2 R' B R2 D' B2 D	413157
42351671212211	R B' R D B2 D' R B2 D' R2 D	228371
51624731312123	R B2 R2 B R2 B' R2 D B' R2 B2	339610
37612542221111	R B2 D2 R B2 R B' D' R' D2 R2	407262
34175263321232	R B2 R' B D2 R' B D B D' R2	216428
73614251112323	R B D B2 D B' D' R D' R2 D'	300428
73642511111111	R B2 R' D' R D2 B' D' R D' R2	355958
72134562312212	R B2 D' R2 B D' R B' D B' D	395445
27615432113321	R D R2 B2 D R2 D R B' R B2	511207
25341762313223	R2 B R' D R B2 D2 R' D2 R D	372097
35271461322233	R B R2 D2 B2 D' B' R' B R2 D'	295071
21346752313322	R D R2 B2 D R' D' R' B2 R2 D'	514078
41532672313211	R2 B' R D R' D2 R' D' B' D B2	548104
76543211111111	R2 D' R B R B2 R D' B' R B'	642883
16345271111111	R2 D' R B' R' D R2 D B D B'	645094
61352472313211	R2 B' R2 B' D' B' D R2 B R' D	2788124
63172452313211	R2 B' R B R' D2 R' D' R' B D2	1477518
24615372213311	R2 D R' B D R2 D B2 R2 D B	446271
73615421113322	R B D2 R2 B2 R' D' B' R D2 B'	295203
47352612313211	R2 B' R2 B' R' D' R D2 B D' B	537830
12745631111111	B R' B R B' D2 B' R' B' R D2	1025264
45312672313211	B R2 B' R' D R2 B' D' B R' D2	1033591
41752632313211	B2 R B' R D R2 B' R B D2 B'	1208071
52341671111111	B R' B2 R' D' B' R D2 B R' D	1030522
25714632313211	B R2 B' D' B D2 R' B' D R' B2	1034883
14325671111111	B2 R' B R D B2 D R' B' R D'	1214156
54721631111111	B2 R' B R' D' B R2 B R B D'	1219746
21354672313211	B2 R B' D R D2 B' R D R2 D'	1198250
