12456733223321	R B' R D' R' D R D2 B' D' B	267678
15724362212132	R B D' R' D B R' D2 B2 D R2	361068
74163251121122	R B2 D2 B D2 B D' B D2 B' R	454783
17452633213232	R B D' B2 R2 B D' B2 D' B2 D2	405614
54317621111222	R B D R' D2 B2 R D' R' B D2	361691
35267141223233	R B D B' R' B' D R D' R D2	372591
65174232323312	R B2 R' B D2 R' B' D' B2 R D	443790
46127352131333	R B' R' B D B D2 B2 R' B D	829392
76514321112323	R B D B2 D B' D' R D' R2 D2	527075
12753462231323	R B R2 B2 D R' D2 B R D2 B2	311415
17642533312211	R B R D' B2 D' R' B D2 R' D2	343365
14736521213333	R B2 R D R2 B' R2 D R B D'	473235
14723651211212	R B R2 B R' D B2 D B2 R D2	551738
34167252213323	R B R' D' R B D2 R2 B2 D R	641524
65321472111122	R B D B2 D' B R2 D' R2 D B'	508617
63752412312323	R D B2 R2 D B' R B' R2 B D'	865774
56243713121333	R B R2 D B D2 R' D B2 D2 R	578232
37652141113232	R B R D' B2 R D2 R' D R' B'	499919
32174562231212	R B R' D2 R' B D R B2 R2 B	559059
52736141322233	R B R2 B2 D' B D' R' D R2 B'	654924
56271433123313	R B2 R2 D' B R' B' D R D' R	638371
41673521111111	R B D' R2 D B' R D' B2 R2 D2	662796
31264572122213	R B D' R2 D' B D B R2 B2 R	692569
67354121111111	R B R B2 R B R2 B R B R'	871723
35462171221223	R B R D B D' B' D B2 R' B	432437
31256471231222	R B R B2 D B2 D2 B R' B2 D2	393776
72145631233223	R B R' B' D R2 D R' D' B D	262583
25714633121333	R B' R' B D2 B R' D' B R2 B2	755861
61453721111111	R B D' R2 D B' R D B2 R2 D2	631137
17425631122112	R B D' B' R B' R' B R' D R'	665649
63142571111111	R B R' D' B R2 B R B' R2 B2	1050533
63125741112323	R2 B R' B D R2 B2 D' R2 D B	1110457
23751463112321	R B R' D R D B' R2 D R B'	589033
16542372112331	R D' R D R2 D2 B2 R' D' R B2	376193
65274133232321	R B D' R D' B R2 B2 R B' R'	313137
71435263311122	R B2 R B' D B' R D' R' B2 R2	854135
41765322221312	R B R' B R2 D' B2 D' B D' R'	583213
56271433111313	R B2 R B2 R2 B' R2 D' R2 D2 B	976566
15746321111111	R D2 R B' R B R2 D' B D B2	1253356
13647521111111	R B R D B2 D R' B' R' B2 R2	1449003
75236143213232	R B R' B R2 B' D R B R' B'	479847
14752632332132	R B2 R2 B' D2 B R D' R2 B D'	316805
76342513323122	R B2 R' B' D' R D2 B' D2 B D2	326043
14763252322121	R B R' B' R B2 D' R B' R' D	440958
73615423333331	R B2 R' B D B R' D2 B R' D'	379732
31524673332122	R D' R' D' R B' D' B2 D' R' B	488151
75243613213232	R B D2 B' D' B2 R B' D R D'	378302
46273512122312	R B D' B2 D' R' D' R B2 D' R	609689
76321543311131	R B D B2 D' B R2 D' R2 D B2	482301
32175461221112	R B R2 D R' D R2 D2 B' R D2	368092
23164573213133	R B R B2 R D' R D' R B R	446462
51647231113232	R B R2 D2 B D2 B R' D' B2 D	412484
64275311112332	R B2 R2 B R' B2 D R2 D B2 D2	396058
25736141111123	R D R' D' B' D2 R2 B' R D' R	471581
72356143211123	R B R D2 R2 B2 R' B' D B' D	549614
46157233333232	R B R D' B D' B2 R' D B2 R'	579995
16543271332331	R B2 R2 B D B' R B' D B' R2	395208
76325411112131	R B R2 B' R D B D' B R' B2	367641
14625732233111	R B2 R D' B R D2 B' D R B	422236
34561273233131	R B R' B' D B R2 B2 D2 B R'	404560
32547611213111	R B R' B' D2 B' R2 B R' D' R	521713
24315761122322	R B' R2 B' D' B2 D' B R B2 D2	422352
42137653122131	R B2 R' D2 R' B R' D2 B2 D' R	433095
32561471211131	R D2 R2 B' R' B R' D2 R B' D2	765725
74132562122111	R B D2 R' B' D' B2 R D' B2 D	295120
16453271211113	R B D2 B R B2 D' R2 B R B2	494670
34725612331322	R B2 R' D B2 R' D' R' D R' B'	405112
67354213131311	R B' R D B2 R' D2 B D B2 D'	354904
52367412322232	R B D2 B' R B2 R D2 R2 B' R	468311
32647152133121	R D2 R' D2 R' B D' B2 R2 B' R	498805
12354762121211	R B' D R' D2 R D2 B D' B2 D	509208
52341672323222	R B' R' D R' B' D R B2 R2 B	461163
41532761233133	R B D2 B2 D' R D2 B' R2 B D	377330
63714522332132	R B R D2 R' D R2 B' R2 B D2	310852
32164573323212	R B2 R B' D B2 D2 R B R2 B'	404542
72345612122111	R B2 D R' B2 D' R B R' D B	319030
76145231221112	R2 B2 R' D B2 R' B' D' R2 B D	676651
67345211113322	R B D' B' D R2 D B' D R2 D'	585028
27415633321322	R D R' D R D' B2 R D' R B'	646942
17526432123233	R D B R' D B' D B2 D' R2 B'	888748
46352171211233	R B D' R D R B' R2 D B D'	360531
14765233323332	R B D2 B' D B' R2 D2 B' D' B2	351535
34127652111311	R B R2 D2 R' D2 R' B D2 B' D'	570214
62135472132131	R B D R2 D' R' D2 B D2 B' D2	299106
56741231311121	R B R B' R2 B D' R D' B2 R	513214
56423173132121	R B2 R' B' R2 D R' D2 R D' B2	405901
14765231113121	R B R2 D' R' B R' D2 B R D	614011
53126471231231	R D2 B R2 B' D R' B R' B' R'	520477
14736523113131	R B R2 B' R D2 R' D R B2 D'	285743
31527643332122	R B R' B R B' R D' B2 D2 R	279610
72345611221223	R B R D2 B' R B2 R' D R2 D2	253782
74561231111222	R B D2 B D' R D2 B' R D R'	499691
16527432231332	R B R D' B2 R2 B R D B' R2	348843
76341251113121	R B2 R B' R D R2 B2 R D B2	383149
16742352232313	R B D2 B' R2 B R' B D R' D2	390463
76354212313322	R B' R B2 D' B' D B' R2 B D'	837229
53762143222331	R B D' B' D B R' B2 D2 B D2	274826
47352612123131	R B R D' R' D R2 D R2 B' D2	460246
75346211311211	R B R2 B D' R' B R' B' D2 B	345042
41735263123223	R B D' R2 B D' R' D' B D2 B'	367073
62174351122133	R B R2 D2 B R2 B R D' B D'	573342
54321763113113	R D R' B D2 B' R D' B R B2	476104
71263542323123	R2 B' D2 R B R2 B D2 B R' D2	694308
14625731111111	R B' D R' B2 R D2 B' D R D	2662145
32741651311121	R B D' R2 D' B2 R B' D' B R'	402735
14763253222112	R B' R B' R B' D B2 D2 B' D2	343168
32147651132222	R B R' B D' B2 R2 B R D B2	344764
65123472312311	R B2 R B R' D2 R B D2 B2 R'	418611
32465173132121	R B2 R2 D2 B R' B' D R' B R2	338565
56423171231321	R B2 R2 D2 B' R D B' D B' R2	386550
47165322133112	R D R2 B2 D' R' D B' R B2 R	687746
16257431132111	R B' R' B D2 R' D R B D' R2	425396
16523473332323	R B R2 B' R D B2 R' D' B D	367190
15342671211311	R B R B' D2 R' B R' B' R D2	374999
23156471222132	R B2 R' D R2 B' R' D' R2 B R	325036
52163473323332	R2 B2 R' D R2 B' R' D' R2 B R	508121
36752142122132	R B2 R2 D R' B D' R2 D B2 R2	608066
56127433332323	R B2 R2 D2 B D' R B' D2 B R	586495
56143273332323	R D2 R' B D B D' B R' D2 B	735711
36415272123212	R B D R2 D B D R2 B' R B	894513
54637211132111	R B R' B2 R D2 B' D B R D'	292016
23165472111122	R B2 R2 B' D2 B D B' R2 D B'	574580
56327413213112	R B R' B2 D2 R' B R' B' R D2	278930
45623712332123	R B D' R D' B' R' D B2 R D'	333429
34526713232312	R B R2 D' R' B' R B2 R B D	588435
65314272313211	R D' R B' R' D R2 D B D B'	645161
35462172312131	R B R' B2 D' B R D R2 D2 R	552141
21457631321123	R2 B D2 R' D R' D B D2 R D'	696950
53621471331221	R B R D' R2 B2 D B' R' D B2	482788
65132473313312	R B R B2 R B' D B2 D R2 B	302779
21357463213331	R B2 R' B R' B' R D' R2 D B2	458522
32167453321232	R B D2 B R' B D2 R' B R B'	379883
12347652123332	R D2 R' D2 R B' D' R D2 B D2	596038
63751242221321	R B' D B R' B2 D2 B D' B2 D'	535583
12376542121232	R B2 R B D2 R' B2 D B R B'	479250
24157362323111	R B2 D B R2 D2 B' R2 B D' B2	616585
67234513332122	R B R2 B2 D R' D B' D B D2	275243
65134721233232	R B2 D' R2 D R B2 D2 R' B' R2	269947
46127351131313	R B R2 B R' D R D2 R D R'	626797
57246131112233	R B D2 B2 R' D R' D' R B2 D'	594861
72164353131113	R B2 R D R' B D' B2 D' B R'	587253
32174561232113	R D R' D2 B R' B' R' D2 R2 B	810092
14356721322233	R D B' R' D B2 D R D2 R2 B'	882751
17246351111111	R B R B2 R D' B' R B' D2 R2	2122591
25463713212332	R B R' B' D2 B' D' B2 R B2 R'	214505
17425631332112	R B D' R' B R' B' R B' D R'	383056
76351421113322	R B R2 B' R2 D2 B D' B' D2 B'	241080
21354671131313	R B' R2 D2 B R' D2 B D' R' D'	404187
63752412322112	R B D B' D2 B' R D R D2 R2	371010
71462533111223	R D2 B' D R2 D2 R' D R2 B' R2	424436
12456731132321	R2 D R' B2 R' B' R' D R2 B D'	815634
62351743112123	R2 D R' B R2 D R' B' D' B2 D'	814594
15367421211113	R D B' D2 B D' R B R2 D2 B2	592725
62374513312112	R B R B2 D R' D B2 D B' D2	312579
14573261333111	R B D2 R D' B R2 B2 D' R' B	556825
21365742312323	R D R' B R2 D R' B' D' B2 D'	613152
13267451122211	R B' R2 D B2 D' B' D2 R2 B R'	656727
12473561132123	R B' R D R' D2 R' D' B' D B'	552946
31257462222221	R D2 R2 B2 D' R' B D' R2 D B'	650741
16527432211322	R B' R B R' B D2 R2 B' D R2	404553
37614522323312	R B2 R B' D R' B' D R2 D' R	319648
42157633231322	R B2 D' B2 D B D2 R2 B' R' D2	550831
47256133321232	R B R B' R B2 R' D R2 B' D'	452011
65274132123332	R B D R' D R' B D2 B' D2 R	490942
37615422223133	R B2 R D' B D' R D' R' D2 R2	653520
67145323133312	R B2 R2 B D' B2 R B2 R B2 R2	733816
14752631111111	R B' R' D' R D2 B' D2 B R' B	793990
24615371112332	R B D2 B R' B' R B' D2 R D'	418537
52713461232323	R B R2 B' D2 R2 B R' B' R2 B	373649
23456173233122	R B' D R D2 B2 R B D2 B2 R'	305022
45732612233321	R B R D' R2 D' R' D R2 D2 B'	331224
71423563213232	R B R' D2 R' D R2 B' D2 B R'	298590
71435623333331	R D2 R2 B2 D' B' D B' R2 B D'	391445
76315241223113	R B R2 D R' B R2 B2 D' R B2	594298
16427531231321	R B2 R D B2 R2 B' D' B2 D R'	1256912
73625143333313	R B R' B D2 B R2 D' B R' D'	406180
67354211212121	R B R' B2 R D' B2 R D B D2	326458
27543611111123	R D2 R' D2 R' D R' D2 B2 D' R	482715
41725633121123	R B2 R B' D R D2 B' R B D	485461
72165433111112	R B R2 B' D B D R' D R' D2	411932
65132471212112	R B D' R D' R' B R2 D' B' R'	486913
34561272232211	R D R2 B2 D2 R D R' D B' D'	733923
36721452131111	R B2 R2 B D' B D B' R D R	851856
34527612231122	R B D2 B2 D' R B2 D R2 D2 R'	807084
72345612331331	R B R B' R2 D R' D2 R B2 R2	288558
32561471121311	R B D2 B' R B R D' B R' D2	466135
32547611121113	R B D2 B2 D B' D B2 D2 B R'	356317
36125471222111	R2 B R2 D B2 D B' R D2 R B	471276
15642373231223	R B' R B R B' D2 B' D2 B' D2	334500
65417323223123	R B D2 B' R B' D2 R B2 R' D2	299800
72543163211111	R B2 R' B2 R' D R' B2 D2 B' R	371616
12365471211122	R B2 D B' D2 R' D R D' R D	555147
43675211221331	R B D R B D' R2 B R2 B D2	272343
76145232123332	R B R2 B R2 B' D2 B R' D' B2	500960
41725632322331	R B2 R' B D2 B' R D2 B' R' B2	341004
63752141122211	R B' R2 D R' B' R B R' B D2	628735
56423172112121	R B2 D2 R2 B R' D B2 R' D B'	671829
32146751232323	R B2 R D B2 D2 B' D R2 B' R'	759665
54367121113331	R D2 B D2 B' D R' D R' B' R'	679979
76345123311131	R B D B2 D' B' R2 D B2 D' B2	495296
72543612331331	R B R2 B2 R' B R2 D R2 D2 R	373905
52743611111213	R B D B' R2 B D' B D' B2 R	366144
17543261132111	R B R2 B D B2 R' B2 D R B2	482153
76145232233213	R B' R2 B D' B2 R D B D' R	793060
54261373123121	R B R D R2 B' R2 B R2 D' B'	263360
63752143123223	R B D R2 B2 R' B' R' D R2 D2	342175
76341251221121	R B' R2 B' D B2 R2 D B' D2 R	394098
12376543133132	R B R D' B2 D R' D' R2 D2 B'	289209
75412631223332	R B R D2 B R' D R2 D R' B2	378008
75314621133221	R B R B' R' D' B R D' R B2	369284
61352472233321	R B R' B D2 B R B R D2 B2	340033
34725612111113	R B R2 D' R' D R' D2 B D B	339077
74561233111112	R B2 D' R' B2 D B D2 B2 D' R'	443242
13276451233133	R B' R B R' B2 D2 B R' B2 R'	538768
41725633211111	R B' D B' D2 B R2 D' R D B	487550
56213743313333	R B R2 B' D2 R2 B R B' R B'	1223530
65174322313211	R B R B2 R B2 R B' D2 R2 B'	389454
36714252232223	R B R B2 D B2 D R' B R2 D2	463886
14763253132232	R B R B' R2 D2 R' D' B D2 R'	371690
21375463333211	R B' R D' R2 D' B' R' D B2 R	548396
25436712323231	R B R' D R2 D' R B R2 D2 B2	377822
67345211111132	R B2 R2 D2 B D' B' D R' D R2	760090
32147652331322	R B2 R2 B' R' B R' D B' R B2	823574
72563411111312	R B R' B2 R' B D B2 R' B R	360585
34127651121113	R B R2 B' R D' B R2 D2 B2 D	381022
12376542123212	R B R D' R2 B D' R2 B2 D B'	447619
54376211111132	R B2 R2 D2 B' R B D' B D' R2	717659
12347652123233	R B2 R' D2 R B' R' D R2 B D2	452362
72143651121113	R B R' D' R2 D' B2 D R' B' R'	446495
26435713333133	R D B2 R2 D' B' R B' R B2 R	488228
74523611131112	R B D' B' D2 B' D2 B D' B' R	580492
64325713121222	R2 B D' B R' D' R D2 R B R'	1251576
46513272332111	R B R2 D2 B' R B' R B R' D'	260328
15746322313112	R B R B D2 B D R2 D2 B' D'	490322
76245312132131	R B2 R2 B' R2 B R D' B2 R D'	525460
75264133331213	R B R2 D2 B D' B R B' R2 B'	679131
56213471111111	R B D' B2 D B2 R' D R D B'	802011
25134672313211	R B' R B' D' B D2 B D R D'	1389584
74165233132313	R B2 R2 B' R' D2 R' D' R D' R	1383535
31265471312213	R B R2 D' B2 D B D2 B' R2 B	509211
56132472333332	R B2 D2 R2 B D' R B2 D' B R'	340996
12467351231321	R B D B2 R' B R' B D' R2 B	427140
32547611131112	R B R2 B2 R D' R B2 R2 B R'	535215
32674152113333	R D2 R2 D B2 D2 R2 D' B2 D2 R	464322
72365413331333	R B2 R D' B D2 B' D2 R D' B'	815557
36725413131113	R B D2 R B' D2 B' D R' D R2	594892
45176231131313	R2 B R' B R' B D R2 B2 D2 R	1207166
74165233131113	R B R2 B2 R' D' B2 D' R' B D'	923044
46375211211332	R B R' B' R2 D' R' D R2 B' R'	327294
23756411222312	R B R' B R2 B2 D' R B' D' R	440767
36745213232213	R B R D' R D2 R' B2 D R' D	360922
15624732133313	R B D2 R2 B R' B D R' B2 R'	583596
36172452133133	R D R2 D2 R' D B2 R' B2 R B	524338
56347211222132	R B2 R B' D R' B' D R' B R2	334794
73615241113322	R B' R D2 B2 R2 D B' R B' R	715162
61235741313131	R B' D' B D R D2 R2 B' R B	1107848
12356741133131	R B R2 B D2 B' R B2 D' B2 D	383266
76245311121131	R B D' B D2 B' R D R2 B2 D2	260609
14765232232322	R B R' D R' B2 D2 R D R D'	341723
64572131122223	R B R' D2 B D' B' R' D B2 D'	382278
32417652132131	R B2 R' D B2 D B2 D2 R' D B'	347488
36125473323233	R B2 R' D B' R2 D2 R D' R B2	440197
34617252111212	R B R D2 R B D B2 R' B R'	461390
67254311131133	R2 B D2 B' D2 R D' R2 D B D'	592933
17426531313131	R B2 R D B' R B D B2 R D2	397211
56721343123331	R B R2 B2 R' B R2 D' B2 D B	425101
14527631133311	R B R B D2 R2 B2 R B2 R' B	346001
51623743313321	R B R' D B' D' R B2 R B D'	435609
37614521323232	R B D R' B2 D R2 D' R D' B	405074
23165741231312	R B2 D' R2 D B2 R' D R2 D2 R'	441779
34125672131312	R B2 R' B2 D B D2 B2 D' R' D2	665468
32175462233111	R B D2 R' B2 R B R2 B' D2 B	748533
16543721113211	R B R D' R2 B D' B' R D' R2	372854
74165231313131	R B D2 R B' R2 B' D R' B R2	256371
36725411313131	R B R2 B2 R' D' R2 D' B' R B'	383184
14725363223213	R B D' R B2 D' R' B R' D2 B'	346537
16547233332323	R B2 R2 D2 B D' R B' D2 B R'	448417
16537421223113	R B R2 D R' B R2 B2 D' R' D2	312296
13642573221221	R B' R D2 R' D R' D R D' B2	494799
74165233111313	R B2 R2 B' R D' R D' R' D2 R'	397408
74152363133132	R B R2 B' D2 B R' D2 R' D R2	250349
12374561121212	R B R2 B R2 D' R B D2 B R2	322325
34725611212211	R B2 D2 B D2 B R' D R2 D' R	445465
76325413222223	R B2 R2 D R B2 R D' B' D2 R	530332
74132563131221	R D2 B' R B2 R2 B' D R2 B' D2	432030
43675122222122	R B' D' R D R B2 R2 D' B D	714899
17425631322332	R2 B R D2 B R' D R2 D R' B2	640749
24615732213311	R B R2 D' B R D2 B2 R B' R'	826755
12543673231223	R B D B2 R' D' B R' B D2 R	306122
13246573221233	R B2 R B R' B R B D2 R B2	306470
56723411222312	R B2 R B' R D' B' D R' D R2	333082
76315241322122	R B D2 R' B2 R D B2 D' R2 D	359349
15643271221331	R B2 D2 R B2 R D' R' D' B2 D'	286150
76145231311331	R B R' B D' R2 D' R B R D2	374213
76342511111231	R B R B' D2 R B2 R' D R' D	353171
23165743331312	R2 B2 D2 B' R B' R2 D' B D' R2	591778
23165472311111	R B D' R D2 R' D B R2 D2 B2	384026
15267431223113	R B R2 D R' B R2 B2 D' R' D	307290
61452731311313	R B' R' D' R D' R' B2 R' D' B	416185
51724362122222	R B D' B2 D B R2 B R' B' D	435757
62543711211113	R B2 D' B' R' D2 B D' R2 D' R2	383309
16745232121313	R B2 R B' D B2 D' B2 R D' B'	777720
16745233333313	R D' B2 R B R2 B' D' B2 D' B'	650406
34561272122321	R B2 R2 B' D' B R' D R' B R2	715759
54367212332213	R B D2 R D' B' R2 B' D2 R D'	361550
74523611312111	R B R2 B2 R D' B D2 B2 D R'	446672
72543611221223	R B R D' R2 B2 R' B' R D2 B'	428404
72143653111211	R B R2 B R D' R B D B2 R'	542814
16543273221221	R B2 R2 B D' B R' D R' B R2	511751
56147232233213	R B R' B R' B D R2 B2 D2 R	776133
52741632123323	R D R2 D2 R B D2 B2 D' B2 R	813214
54671232221213	R B R2 B D R' B2 R' B' R2 D2	955103
71563243221221	R B D' B2 R D' R D R' B2 R'	430811
15246371332331	R B R' B2 D2 B R D R' D' R	369801
14325672323222	R B D2 B2 R D B' R D2 R B2	360671
34165271211131	R D B' D B R D' R2 D R' D2	575408
36745213121111	R D R' B D R B' D2 B R' B2	483164
74325613133333	R B D2 R' D R B R2 B2 D' B	633672
56743213331333	R D R2 D2 R' B' R2 D R2 D' B2	827508
35624712321212	R B' D R2 D2 B' D B' R' D B	1023365
74165231212121	R B R2 B D R' D B' R' B2 R2	368671
74325613121312	R B' R' B D2 B2 D R' B' R D2	496201
34165271131211	R B2 R B' D R D2 B2 D B D2	643698
76351423321232	R B R2 B' D' B2 R B' R D R'	413964
72163453121213	R B2 R2 D' B D' B' D R2 B' D'	502699
73456123231322	R B R D B' D2 B R' B R' B'	593734
36745212223232	R B D2 R' D' R D' R2 B D R'	648398
36725412121112	R B R2 B R D' R B' R' D2 R2	1317736
17423653213232	R B2 R' B R2 D' B R D R' D2	319970
45312762221111	R B' R' D2 R B R2 D' B2 D R2	360834
12564733323122	R B R B D' B2 R2 B' D2 R' B	317017
45327612222323	R B D2 R2 B2 R' B D' B' R B	308757
76325411111213	R B2 R2 B D' R D B' R B R	361982
26513471122121	R B2 R D' B2 R' B' R' D2 R' B	504399
56321742211112	R D R D2 R' B R2 D' B2 D B'	654473
12374651111222	R B2 D B' D' B2 R B2 R B2 R2	645784
53146272123233	R D R B2 R' D R2 B' R2 B R'	678852
53741621332112	R B' D2 R D' B D' B' D' R D2	447412
16475233132313	R B2 R2 D2 B' R2 B' R' D R' B'	434104
64231572311132	R B D R2 B' R' D2 R B R2 B	402687
52614372313211	R D R' B D B2 R' D B D2 B'	550947
53741621323112	R B' R2 D R' D B' R' B' R B2	720128
31572461122133	R B R2 D2 B R2 B R D' B R2	952718
32157641232323	R B2 R B' D2 R D B D2 R' D2	726889
43216573212311	R B R' D B2 D' R B' D' R D2	342001
62471532232133	R B R B2 R B D2 B' R' B2 D	473060
54167231333213	R B R' B D R B2 D' R D2 R'	360125
31462751113322	R B D' B' D R2 D B R2 B2 D'	426856
74365211312111	R B R B2 D2 B D B' D2 B' R2	463445
24561372111131	R B' D2 B R' B R B2 D' B R	591722
72165432111113	R B2 R2 B R B' D' B D' B' R	488305
52341672211112	R B2 D' R2 D' B D' B' D2 B R2	957150
17426532121211	R B R B' R2 D R' B2 D2 R B'	298195
14563272323222	R B R B' D2 B D' R' B D' R2	343756
72563411111213	R B R' D2 R' B2 D R' B' D R'	363484
12365472223232	R B2 R D' B R D2 B2 D R D2	359297
23167541233322	R B2 D' B2 R D' B' D R' D R'	420732
16725432211121	R B2 R' D R' D R2 B' D' R D'	378080
72541631111312	R B' R B R2 D' R D' B D2 B'	454591
31257643311122	R B D2 B' D B' R B2 R' D2 R	626565
32647512333233	R2 B2 R' D' B' R D2 R B2 R' B2	525782
74136522322121	R B R' D B2 R D' R2 D' R B'	440513
34127653111211	R B R D' B2 D R2 D R B' R	325250
61543271112311	R B' R2 B' D B2 D B2 R D B2	372551
54716232222113	R B D' R B' R B' R2 D2 B' R'	564223
36721453121111	R D2 R2 B' D' B R' D2 R D' B2	486276
12347653111133	R B2 R2 D B D2 B D' R' D2 B	560484
16534723211123	R D2 R B D2 B' D' B2 R B D	1055974
64275313312211	R B D2 B2 R2 D' B' R B' R D2	598504
36745212121223	R B R2 B' R' D2 B R' D' R2 B2	379089
71234563231322	R B2 D B' R D B' R2 D2 B D	612895
57321642311132	R B R' B D B D2 R2 D B2 R2	854594
34216572213122	R D2 R2 D R2 D2 B2 D' R2 D2 B	881596
76254313211111	R2 B D2 B2 R2 D' B' R B' R D2	884613
57214632212213	R2 B R' D R B' R2 B' R2 B R	1186688
57364212313211	R B R D2 R B2 R B' R2 D2 B'	1432191
52163471333123	R B R' D B2 D' B2 R D R B'	231298
43176252311132	R B D' B2 R B D R2 B' R D2	409367
32765411131112	R B R D2 B2 D B D' B2 D' R2	524596
76145232331313	R B R2 B' R' D2 R' B D B2 R2	464074
17463251313113	R B R' B' D' R' B2 D R' B2 R	452089
32561473323212	R B R2 B' D B' D2 R2 B' R' B2	478145
76231451123111	R B2 D' B R' D' R D2 R D B'	429588
76325411113121	R B2 R2 B D B' D' B R' B' R	545432
74156322122123	R B R' B R B2 R D' R2 B R2	448908
75613243133213	R B2 R' B R D R' D2 B D' R'	295185
36147251311121	R B R2 B' D B2 D R2 D2 B' D	473782
56741232111113	R B2 D2 R' D R B2 R2 D R D	684136
74125632121121	R B2 R' B D' B R2 D' B' D B'	577471
32741651211131	R B R' D' B D2 R' D2 R' B R'	652405
14765231111213	R B2 D2 R2 D' R' B R' B2 R D	733257
25763142223133	R B' D2 B R B2 D' B R2 B' R'	926482
52163473221323	R B R2 B' D R2 B' R2 B D B2	339085
32547611312111	R B D' R' D2 R' B2 R B' D' R	391938
32561471311121	R B2 R2 B R' B D R' B D R	396721
15324673113311	R2 B R' D' R' D R2 B' D B2 D'	464530
43571262122222	R B R D' B D' B R' D R2 B	652460
74513263121222	R2 B R D' B D' B R' D R2 B	889829
17462352213311	R B2 R B D2 B' R' B2 D R B	762568
62317453312211	R D' R2 D' B R2 B D2 R B D2	502409
57364213332122	R B R2 B2 D R' D B' D B D	355161
42561733323122	R B R D2 B2 R B R2 D2 B' R'	347750
47632513212332	R2 B2 R' B' D' R D2 R D2 R' D2	415758
42573613322231	R B R2 D' R' D' B R' B D' R2	388468
35624712121232	R B R2 B D2 R' D B D2 B R2	872313
45613272233111	R B2 R2 D' R D' B2 D' R' B R'	1008921
45362712122222	R B D' B R' D' R D2 R B R'	864849
46215372313211	R2 B2 R B' D R D2 B' R D R2	2108030
52741633313312	R B R' B D B2 D B' D2 R2 B	369115
17463251221331	R B R2 B D B' R2 D R B D'	257672
46375212132131	R B R D2 B2 R2 D B' R2 B D'	310473
14765232331313	R B2 R2 D2 R B' R2 D B R2 D2	328256
13762451321321	R B R2 B2 R B2 D R2 D2 B D'	237858
32165743311131	R B R B2 D2 R2 B R' B2 R B'	366583
76325412231212	R B2 D2 B D B2 D B R2 B' R	757518
16532471111222	R B2 R B2 R2 D B' R' B D' R	734453
72145633232231	R B R' D' R D2 R B' D' B D	276325
15246371331332	R B D' B R' B2 D R' B D B2	429127
35624712321332	R B R' B R2 D R' B2 R' B R'	458957
16524731113133	R B2 R B' D2 R2 D' B R D2 R	690713
76321452123323	R B' D R B2 R B' D2 R2 B R'	628567
73541262321212	R B R B2 R B R B2 D' R B	885401
54217632132212	R2 B R' B R' D' B R2 B D R'	891523
72145633312223	R D2 B R' D B R2 D' R D B2	1028846
21354673131113	R B' R2 B D B2 R' D2 B R B'	294454
61534721113211	R B D2 B R' B R' B D2 R' B	350276
62154733321121	R B D' R' D B2 D R2 B' R2 B	241793
23756413322312	R B D' B' D B' R2 D2 R B' R	278835
12374561211212	R B R' B R' B2 D R' D B D2	397141
35462173221221	R B' R' D' B2 R B R B' D' B	328526
67412353332221	R B D' B2 R2 B D2 B R2 D R	388570
74165232111212	R B D' B2 R' B R2 B R' B' D2	266310
76253141211332	R B R' B D B D' R2 B D B'	356421
12345672121232	R B D2 B R D' B D' B' R2 B2	600432
45713623223132	R B D' B2 R' D R D' B R2 D2	439436
34725613132223	R B2 R2 D R D2 R B' D' R2 B	474199
15236473231121	R B R' D2 B' D R D' R D2 B2	588581
74561233321313	R D R' B2 R' B' R2 B D' R2 D2	666031
54721632212222	R B2 R2 D R D' R2 D' B' R2 B	739110
36125473232222	R B2 D' B' R D2 R B R2 D2 R	930557
14367252322232	R B D2 B' R B2 R D2 R2 B' R'	334851
54231673123121	R B R' D R D B2 R2 B D2 R2	268673
34125673133333	R B2 R' D2 B D R2 D2 R' D' R2	400344
34127651131112	R B R B' R D' R2 B2 D R' B	495861
72365413121312	R D' R2 B R B2 R' D' B2 D' B'	492934
62135743312223	R2 B R2 B2 D2 R' B' D R' B R2	1126357
32657143121213	R B R B' D B' D R' D B2 R	824228
25163741112323	R B R2 B2 D2 R' B' D R' B R2	823267
56132473213211	R B2 R D B' D2 B D B2 D2 R'	299338
67354213313333	R B D R2 D B2 D B' R' B R2	589007
26741351232113	R B R B2 D2 R B D2 R2 B' R'	451967
36752143211132	R B D' B D2 R' B' D R' B2 R2	597016
24617532233321	R2 B2 R B' R D R2 B' R B D2	730532
27415632323231	R B D2 R' B' R2 B' D' R2 B D	602369
25731642232211	R2 B R' B D R' B2 R' D2 R D	916811
53672142221213	R2 B R B' D B' D R' D B2 R	1090347
63752411223212	R B R D' B2 D' B D R D2 R2	324504
23147651112323	R B D B2 R2 D B' D' R B2 D2	404331
36741252122123	R B' R B2 R2 D' R B' R' D R2	431537
21536742222131	R B2 R D2 B' D' B R' B R' D	484321
14763251221223	R D R' D' B R D2 R2 B2 R D'	503879
25714632223331	R B' R2 D R2 D' B R' D2 R' D	674190
54367213312133	R B' R B' R2 B R2 B' R2 B R'	644376
54321673313321	R2 B R' D B2 D2 R' D B' R' B	1084418
74532163123223	R B2 R' D R' D B2 D2 R2 B' R'	327061
23756143222331	R B' D B D2 B' R D2 B' D2 B	319666
13274651112323	R B2 D' B2 D' R D' R2 B2 D' R	576545
16753241221112	R B D' R B' D2 B R' B' R' D'	561187
65714323223123	R B2 R D' R2 B' R' D' R2 D' R	325502
46513273113221	R B R D' B2 D' R B2 D B' R	381131
54712362223322	R B2 R2 B D2 B D2 R' B R2 B2	512526
53162743312223	R' B R' B D R2 B' D R B2 R'	2095034
14527632212111	R B2 D2 B R2 B R' D B2 D' R	411970
74163252112211	R B D2 R' B D' B2 R D R2 D2	357281
75246131333312	R B' R' B D2 R' B R' D' B2 D'	404958
35462712322322	R B2 R2 B R2 B' D2 R B' D2 B2	399570
24615731122313	R B2 D' B2 D B2 R' B D2 B2 D'	725710
12376451221211	R B D2 R' D R' B2 R' B2 D' R2	606510
12364571112212	R B2 D2 R D2 R D' R' B' D2 B2	814494
73615243331312	R B2 R2 B' D B2 R' D2 R B2 D'	708567
21367451311331	R B D R2 B D2 B R' D B2 R2	279833
56743213121312	R B' R2 B' R D B D2 B2 D B	426250
13546271213213	R B D2 R2 B' D R' B D B' D'	269333
74163253133231	R B2 R' B D' R2 B2 R' D' B2 D'	209327
72163453133333	R B2 R2 D' R B' R' D R2 B' R'	349103
12456731233223	R B' R B' D R2 D2 B2 D' B D	490314
25743611233232	R B2 R D2 R2 B D' B' R D' B	353337
24157361313212	R B2 D B R2 B R2 D2 B D' R2	481646
14527633312133	R B D' B2 R2 D R' B' R B' D	278816
37256142321233	R B D' R B2 D' R B' R2 D2 B	364825
36241753212311	R B' R2 B' R D2 R D2 B R B2	363661
72561342313223	R D' B2 D' B D2 B R2 D R D2	382518
32615473332122	R D R2 B' D2 B' D R' B2 D2 B	374202
76315243323323	R B2 D R' D B R2 D' B R' D'	380488
71345262132131	R D B2 R' D2 R' D B' D2 R2 D	325183
16725431311121	R B R B' R2 B D' R D' B2 R'	493041
74123563323221	R B R B' D2 B' R B2 D R' B	399781
17463251331221	R B D2 B' R' B2 D R' B R D'	269521
14625732113321	R B' R D' R2 D B' D B D2 R'	446522
14527631211131	R B' R B R2 D' B' D B2 D' R'	609591
74125632131111	R B R D' R2 D R' B D' B2 R'	610172
74163252131111	R B2 D2 R2 D' B' R B' R2 B D	732858
15634722123332	R D' R2 B R2 B' D' B2 R2 D R'	787278
17526431231321	R B2 R B2 D2 R D2 R' D2 R2 B'	1268074
32156472312332	R B D' R B' D' R2 B2 D' R B'	249559
72513641232323	R B R2 B' D2 R2 B R' B' R2 B'	387429
25436712132122	R B' R D2 B' D' B D' R2 D R'	405243
67245131313323	R B D R2 D' R' D2 B D' B' R'	428898
16725433113311	R B D R B2 D R2 D B' D2 R2	360835
41725362313211	R B R2 B D2 B2 R2 B R2 B' D'	512984
31275461112233	R B' D R2 B2 D2 R B' D R' B	473275
16524731112212	R D R2 D' B' R2 D B' R D B'	757258
41735261323313	R D' R D' R2 D' R' B' D B2 R	296912
23165472111332	R B R2 B R B2 D B2 D R2 D	379228
16345273122323	R B' D B' D2 R B D2 R' B R'	448933
35162742213323	R B R' B D R2 B2 D' R2 D B	683031
23165472132332	R B' R B' R2 B R' D R B2 D'	400314
13276541323112	R B R2 D' B D' B R B R' B2	496935
14726531232122	R B' R2 D2 B' R D' B2 R D' R2	759916
21357462311111	R B' R2 D2 R B D2 B R D' R	686366
24173652323231	R B R B' R2 D R' D' R D' B2	327799
15243671331221	R B2 R' D B2 R' B D R B' D2	360242
36721452122321	R B2 R' D R2 B' D' R' D B' R'	403355
37624513231313	R B R2 B' D B2 D' B R D2 B'	416785
75346122133133	R B R' D' R B R' D2 B2 D B2	435293
71264533131323	R B R2 B R2 B' R D2 B' D2 B	569519
63472512123332	R B R B2 R' D B2 R' B2 R B'	374147
51723643131311	R B R' B D R' B2 R' D2 R D	604826
64351272132131	R B D2 R' D2 R B2 D' B D B'	342223
74152363132232	R B R2 D B D2 B2 R' B' D' B2	364928
36741252122333	R B R2 B2 R' B R2 D B2 D2 B'	571549
36217452131333	R B' R B' D2 R D' B R D2 R	625242
27615433313213	R B R B2 R2 B D' R B' R B	389967
37614522313322	R B' D2 R2 B' R B' R2 D R' D2	595351
24516732233111	R B D R2 D R' B' D R' B2 R'	581712
45367211111132	R B2 R' D' B2 R D' R2 D B' D2	764717
54367121113211	R B D' B2 R2 D' R' B R' B R	334715
12356741313131	R B R2 D B' D2 R2 D R' B' R2	325578
27614353311332	R B D' B R' B R' B2 D2 R' D'	462168
75264313231112	R B2 D2 R' D' B R' B2 D2 R D	517732
53714622233111	R B' R D2 R D' R D' B' R2 D2	503052
16527432333113	R B D2 R2 B2 D R B' R B' R'	420010
27643513311233	R D2 R2 D R2 D2 B2 D B2 D2 R'	549959
16547321113331	R B2 D' R2 D B D2 R2 B' D' R2	865235
76345122311111	R B2 D2 R2 D R D B' R D' R2	470491
34562172232313	R D R2 B' R D2 R' B D' B' R'	417787
36721452122123	R B R2 B' R B2 D' B' R D2 R2	326712
24571631121212	R B R' B R B2 D2 R' B2 R2 D'	514400
31475261322233	R B2 R' D2 B2 R' B D B' D2 B	527641
65742311212313	R B2 R' B2 R' B R2 D B2 D B2	530473
35172461232323	R B R2 D' B' D2 B' R' B2 D B	525228
67345211112233	R B2 R2 B' R B D' B2 R2 D' B	592828
54371621113322	R B R2 B' R2 D2 B D' B' D2 B	233109
63574212123131	R B R2 D2 R B' D' R2 D' R D'	466764
52741632232211	R B R2 D R' B' R2 B' D2 R D'	498959
76145231131112	R B D2 B2 D' B D2 R' B' D2 R	489199
45276131131133	R2 B D' R' D' R D2 B' D B2 D'	619238
15642372213311	R B2 R B D2 B' R' B2 D R B'	742089
17436521323232	R B R' B D2 R D' B' D' B2 D'	689010
25364173223231	R B R D' R' D' R B D' R B2	361584
32164571111231	R B D B' D2 R D2 R' B R' B	327711
45321671221121	R B' R B R2 D2 B R D2 R2 B'	342362
32765411112221	R B2 R' B R' B2 D2 B D' B R2	406101
36745211211221	R B R2 B D' B R2 D' R B R'	317554
73645211231111	R B' D R2 D' R D' B R2 D2 B2	370779
34275162112322	R B D2 B' R B2 D2 R B' R D2	613160
64275311222222	R B R D2 B2 R' B D' B' R2 D2	685286
63142573112123	R2 B' R2 D B R2 B R2 B D' R2	1113752
76321453233131	R B2 R2 B R2 D' B R2 B2 R' D'	385435
32147652113333	R B R B' D2 R2 D B D B' D2	335881
74512361322233	R D R' B' D B2 D B R2 B2 D'	468996
41635721212121	R D2 R' D' R D' B R2 B D' B	708200
35462173131311	R B2 R D2 R2 B D' B R2 B D2	351375
64275133231112	R B2 D' B2 D R2 B' R D2 R2 D'	611828
76254133311323	R2 B D2 R2 B' R' D B' D R2 D	1075243
36725412321212	R B2 R B R' B R' D B2 D2 B'	953896
76342513213112	R2 B R B2 D R' D B2 D B' D2	461185
76354121311313	R B R D2 B' R B D' B D' R'	411893
37651422312311	R D2 R' B D R D' R2 B D' B'	547424
76421351131121	R B R B' D2 B' R' B' R D2 B'	384784
61527431111111	R B' R B D2 R' D R' B D' R2	645301
61543271111111	R B' D2 R' B D R B2 R B' D	976735
34516271111111	R B D B' D2 B' D' R' B R2 D'	694961
65241371111111	R B2 R B' D R D2 B' R D R2	1532552
74156323133123	R B D2 R2 B D' R D B' R2 B'	255840
12346571111231	R B R' B2 R' B' D' R D2 B D'	228319
56723413222112	R B2 R D' B R' B' D B' D R2	241056
72563413121111	R B R D' B2 R B' D R' B D2	328741
46512371331221	R B D' R2 B2 R D' B2 D' B2 D2	389175
37516422333311	R B D R2 D2 R D' B R' D B	429439
65274131312213	R B2 R B' R D R2 B' R D R	540492
63471522332132	R B' R' D' B R2 B' D2 B' D R	347913
76521433232333	R B R' B2 D' B R' D' R2 B D	386154
36217543213112	R B D' R2 B' D R B' D R2 B2	365398
45167323322231	R B D' R D' B R2 B2 R B D	392954
72345613333331	R B' D' R D' B' R B2 D' B2 D	479857
34651271123111	R B2 D' R B D R2 D R' B' D'	397551
52167432131213	R B' D2 R B R2 B' R' D2 R' B'	598029
42516372233111	R B2 D' R2 D' R D' B2 R2 D' B	633825
34265712212132	R D R2 D2 R' D R2 B' R2 B R	666221
62135743222331	R B R' B' R D' R2 B2 D' B' R2	316796
34261572133121	R B R' B' R2 D2 B' D B R' D	310133
74361253211231	R B R B' D' B D' R' D R2 D	274226
71543623111121	R B2 R' B R2 B R2 B2 D' R D'	409666
13246571113232	R D' B' D2 R D R2 D' B' R2 B'	441990
13642571223221	R B R2 B2 R' B2 D' R' D2 R' B'	415817
32145671123333	R B2 R' B R2 D' R' D' B R' B'	299089
36527412221312	R B D2 B' R' B2 D R' D' B2 R2	509497
12345673132313	R B' D2 B' R' B D' R D' R2 D2	837870
13246752133211	R B2 D' B2 R D' B D' B R' D	593587
24615733311122	R B R' D2 B2 D R D R' B2 D	736420
65132472131231	R B R B' D2 B' D B R D2 R2	320065
34725613311113	R B D R B2 D2 R2 D B2 D' B	432829
47136252133112	R D2 R B R2 B R' D' B2 R2 D'	598642
31264573222223	R B2 R D' B2 R B R2 D' B' D	287097
71523463131311	R B2 R B' R2 B' D B2 R B' R2	644941
16527433312133	R B R B2 R2 D' B R' B R B2	334370
72356141232113	R B R' B' D R2 D R D2 R2 B'	358421
52471631223113	R B' R2 D R' B D' R' B' R D2	279994
42315673112111	R B R' B2 D' B D' R' D R2 D	384183
52761431111213	R B D2 B' D B2 D B2 D2 R' B'	376224
16374521112323	R B D B2 D B' D' R D' B2 R2	511365
54763212322232	R B R' B2 R' D2 B D' B' D B'	517832
43216573212332	R2 B R2 B2 D B' D' B R2 D B	636397
76315243211231	R B R2 B R2 D B D' R B' R'	273958
12763452322232	R B D R' D2 R D' B D' R2 B	331524
17425631223113	R B D B2 D B2 D' B2 R B R2	384476
17356242211331	R2 B R2 B R2 D B D' R B' R'	465684
32475163331222	R B R' B2 D2 B R' B2 R' B2 R2	331622
53126471231321	R B R' B2 D2 R' D' R D' B R	358985
31456722111221	R B D R B' D2 R2 D' B2 R' B	484581
34165273133312	R D B' R2 B' R' B2 R D' R2 D2	687611
32745612322331	R B R B2 R D B' D2 B' R' D2	380066
62374511322311	R B R' B2 D' B D R' D B2 R2	265718
56123471223221	R B R B2 D2 B' R' B2 D' R' B	286489
34621572132131	R B D R2 D' R D2 B' R2 B D'	346488
74361253112132	R D2 B R' B R B2 D' B R D2	358896
45671233112132	R B2 R' B2 R' D R2 B R2 B R2	480812
61734523222331	R2 B R B' R D B2 D2 R' B' D	585907
45612373112231	R B2 R2 B' D B D' R2 B2 D' R	493820
52134761232113	R B D' R' D R2 D B D2 B2 R'	440623
72143651312111	R B R B2 D2 B D B' R2 D2 B	550008
64531272132131	R B D R2 D' R D2 B' R2 B D2	404770
34127651213111	R B R' B' D2 B' R2 B R' D' R'	542599
71532463221332	R B R D2 R D' R B' D B D	350207
24351761212232	R B D' B' R B' D2 R2 B' D' B2	497015
24351673111133	R D B' D B2 D' B D' B R D2	772717
25314673111313	R2 B D' B R' B R B2 D2 R2 B	1146815
16537421111222	R B R2 B' R' D2 B R' B R B'	316492
54721633313321	R B2 R D' R D' B' R B' R D2	292692
14267351321321	R B D2 R2 B2 R' D B' D' R B	255259
53724612121112	R B D' R B R2 D2 B' R2 B2 D'	440446
41325762313223	R B D2 B2 R2 D' R' B R' B D2	321313
52741362313211	R B D R2 D B2 D R' D2 B2 R'	662963
24351761111123	R2 B D2 B2 R2 D' R' B R' B D2	566794
61234572231323	R B2 D R2 D' R D' B D' B' D	605121
36125471312111	R B D2 B2 D' B R2 D' B' D2 R	336469
53421671321231	R B R2 D2 B R2 B R' D' R2 D	312684
16342571331221	R B2 D B' D B D' B2 R2 D R	259385
34561273221233	R B R' D R' D2 B2 D R D R2	378419
51264732213311	R B R B2 R2 D2 R' D' R D' B	343570
46215372121223	R B D' B R2 D' R2 D' R B' R'	450027
31754621331122	R2 B R2 B D2 R B D' B D' B'	631107
67354212311132	R B D2 R2 B R' B R' D2 R B'	693999
76325412333233	R B2 D2 B R2 B D' R B2 R' B	553722
71432561323232	R B R D' B2 R B2 R' D B' D	357583
16725433333232	R B R2 B R' B R2 D' B D B'	351287
36725412121211	R B2 R B D' R B' D R2 D2 R'	416131
72435163333313	R D' B D' R2 D' B' D' B R2 D	605100
31265471111111	R B' D B2 D' B R' D R2 B2 D2	611291
73654122111122	R D' R2 B R2 B' R' D2 B2 R B'	678004
54716322313223	R B D B2 D2 R2 D' B' R B' R	650697
14752363232222	R B' R D R B' R2 B' R2 B' D2	333927
63725143122113	R B2 D' R2 D R2 B' D B2 D2 B'	434327
56123473223312	R B R' D R D2 R B' R2 D2 B	433753
16273541321321	R B' D R D' B2 R2 B R' B2 R'	345593
45213672221123	R B' R B2 R' B D2 R' B2 R D2	550446
36714523132322	R B2 R B D' R B R B2 D B2	283266
34561273311233	R B D B' R2 D2 R' D' R B2 D'	516990
32671453123313	R B2 R2 D2 B' R2 B' D' B D' B'	815413
37426513132313	R B R2 B' R2 B D' R2 D' B D2	328409
43527612312323	R B D R2 B' R D' R D' R2 B	373387
35614722321233	R B2 D2 R D2 R B' R' B' D2 B2	490725
62735143223213	R B' D2 B' R' B2 R' B D R2 B2	419447
35162473122221	R B D B2 R2 B' D' B' D R2 D2	349681
43216573132121	R B R2 B2 D' B R' D2 R' D2 R'	343468
67132541133311	R D' R2 B2 R' B2 D B2 D2 B D'	586213
25314673111331	R2 B R2 D2 B2 R B D' R D' B	878541
62135473132121	R B2 D2 R2 D B D B' R B' R2	339336
53721463223312	R B2 R B2 R2 B R2 D R2 D2 B	352028
41756233121231	R B2 R B D2 B R' D' R2 B2 D'	416919
32561472213122	R B R2 B' D R2 B' D' R B2 R2	508147
54321673323311	R2 B D' R' D B' R2 D2 R D' B	677239
74152363133222	R B' R B2 R' D B' R B D' B2	490831
72543613132232	R D R' D R' B R2 D2 B2 R B'	487965
24571362221213	R B R2 B D R' B2 R' B' R2 D	1041604
62317453112111	R B D B2 D B' D' R D' R2 B	388928
64713253112111	R B D R' B2 D' R B' D' R B2	310316
45312673231313	R2 B2 R B D2 B' R2 B R' B' D2	451265
64271533221212	R B2 D' R2 B D' R' B D' R D'	542919
62374513112321	R B' R2 B' R' D' R D2 B D' B2	547431
21354763312211	R B D' R B' D' R2 B' R2 B' D'	714322
34561721111111	R B2 R' D' R' D B2 R D' R D'	723909
71326451211311	R B2 R' D' B' R D2 B R' D B'	442328
32156742333131	R B R B2 R B R' D B2 R D2	511041
24536713231232	R B R D2 B D2 B2 D R' B2 D2	329664
72563412131111	R B R2 B' R D2 R B2 R2 D' B'	333977
32167451213333	R B2 D' R' B D' R B2 D' B D'	325092
54361272223232	R B2 D2 R' B D R2 D2 B R D	448003
35162473332131	R B D2 R' D' R D R2 B2 D2 R'	507401
64321572311132	R B' R2 B D R2 B2 D R B R2	910574
34725612121322	R B2 D' R D R' D B' D2 B' R	1246574
31452671332232	R B D' B D R D' R2 B R D'	357244
73516243332131	R B D B2 R2 D R' D R' B R'	352136
32765413223312	R B2 R D R2 D2 B D' R D2 R'	229343
43651722323132	R B' R2 B R' B D R2 B' D R	441623
36547212221222	R B' R2 D2 R D R B' R2 D R	493523
65723143321313	R B R2 B R' B' D B' D2 R B'	504410
43765212222122	R D B2 D2 B' R D2 B' D2 B R	850561
17426531232233	R D' R' B2 R' D' R2 D R B2 D'	919203
62147353123121	R B2 D' R' B' D2 R B' D2 B' R2	379035
41725361232113	R B R' B2 D2 B D R D' R2 B	483487
45312761113211	R B2 R' B2 R D2 B2 R' D' B2 D2	682938
52163472131222	R B D2 R2 D R B2 R B R2 B'	606107
45176231133113	R2 B D2 R2 B2 D R B' R B' R	722106
31265741233331	R D R D' B D' R B2 R B R	532704
76512343213313	R D2 B' R2 D R' B R' B D' B	795848
14567231312213	R D R' D' B D2 B D' R' B R	1430440
13462572213311	R B R2 D B' D2 B' D' R D2 B'	331565
31264752132122	R B2 R D' R B' R' B2 R' B2 D2	381451
14765231133131	R B D B D2 R2 B2 R B2 R' D	562632
71523463331312	R B2 R2 D' R B' R' D R B' R	726968
36725413111313	R B' R2 B' D' B R' B R' D2 R2	660188
45312673132313	R2 B2 R D R2 D' R2 D R' B' D2	791454
37624512121322	R D B' R2 B' R B D B2 D2 B	1369457
12345761111111	R B R' D2 B' D R' D' B D2 B	3273189
74523611121113	R B R' D' R2 D' B2 D R' B' R	321727
36127451333222	R B R B D' B2 R' D B D B	512224
67342512222113	R B R' B R B' D2 R D' B R'	329076
51264731113322	R B R' D' R D2 R B D2 B2 R'	364818
71264533231223	R B' D R2 D' R D' R D R' B2	622406
54367211132222	R B D B2 R2 B' R B' D' B2 R'	724682
72361542333233	R2 B D R' D R B2 R2 D' R' B	753274
35472163222313	R B D2 R' B D R2 D R' B' D	298989
25367411211122	R B D2 B2 R B' R B' R D R2	452884
23751461132123	R B R' D' R B2 R B2 D' R2 D	455198
54612372222131	R B D R B2 D B' D2 R2 B' R	337278
32547613111211	R B R D' B2 D R2 D R B' R'	449789
74523612111311	R B R' D2 B' D B' R' D2 B R	564570
32164572312323	R B' R2 D B R2 B R2 B D' R2	831913
32745612313322	R B R2 D B2 R' D' B' D2 B' R'	1244911
45321673113311	R2 B' D R B2 R' B R2 D' B2 D	926017
41625731222231	R B D' B' D2 B' R' D2 B R2 B'	391092
72143651131112	R B D' B' D2 B' D2 B D' B' R'	482210
14762351221331	R D R2 D' R' B2 D B' R B D'	426147
34562171321111	R B2 R B R' B2 D2 R D2 R' D'	386304
17425631313113	R B D R2 D R2 D' B2 R D R2	657166
35246171111111	R B R B2 R D' B' R B' R2 B2	1175501
72165433121333	R B2 R2 D2 R D' B2 R B D2 R2	683650
14763253133231	R B D' R D' R2 B2 R B R D2	392795
76215341231231	R B R D' R B2 D' R2 D B R2	207992
52147631311121	R B R2 B' D B2 D R2 D2 B' D'	394284
67354212111221	R B2 R' B R2 D' B' R' D2 B D	242215
16427532333233	R2 B D2 B2 R B' R' B D2 R D	603843
17642531112233	R D B' D' B R2 B R B2 R2 D'	478879
52471631323112	R B' D2 R D' R B' R' D' R B2	516350
14765232211211	R B R2 D' B R' D2 B D R2 D2	337654
45621373123331	R B R' D' R2 D' R' B2 D B2 D'	447872
16572433213223	R B D' R2 B2 R D2 R D2 B R	389649
74125632122111	R B R' B2 D2 B' R' D2 R D2 B'	301969
21367452112112	R B R2 D' R B' R2 B' R2 D' R2	270003
74156322122321	R B D R2 B' R2 D B D2 B D'	286276
52741633321223	R B' D B' R2 B R2 B' D2 B D'	712822
27134561131133	R B R' B' D R D' R D2 R' B	680465
65132472233321	R D B2 R2 D R' B R' B2 R D'	946411
65274133312223	R B R D' R2 B R D' R D2 R	928752
14736251111132	R B2 R D R2 B2 R' D' B2 D R'	412779
31257462312311	R B2 R2 D2 B' D' R D' R2 D B'	519901
74213652323132	R B R' D B R' D B' D2 B2 R	322889
47632153212311	R B' D2 B' R B2 R B2 D B R2	486583
52763413322312	R2 B R' B R2 B2 D' R B' D' R	706918
54612733322213	R B2 R' D R' B2 D' R B' D2 B2	625767
74561233233323	R D R B' D2 B R' D B' R2 D'	639805
14735621221112	R B R' D' B R' B' D B' D R'	383227
37624513131323	R B D R B2 D2 R2 D B2 D' B2	434638
14527632333332	R D2 R' D2 R D' B' R D2 B R2	339002
12543671211212	R B2 D R' D2 B' R B D' R B	389723
54163271133221	R B2 D R' B R D2 B' D R D2	568191
53426171112233	R B R2 B2 D' R B' D' R D2 B'	651123
41723562313211	R B R' B R2 D R' D' B' D2 B'	1511305
24731561111111	R2 B R' B R2 D R' D' B' D2 B'	2104363
46135272133313	R B R B' D2 B D' R B R' B2	802123
16573241123123	R B' R D R2 D2 B2 R' B' R B2	471716
76354123313333	R B2 R2 D B' D B' R2 B D2 R2	1093961
14632571111111	R2 B R' B2 R' D' B' R D2 B R'	1417369
52641733212311	R B R' B' D' R2 B2 D' B D' B	537010
15236471111111	R B' R2 B' D' B' D R2 B R' D2	1622561
17543261111111	R D B' R2 B R' B D R2 B2 D2	2782223
14673251111111	R B' D' R D2 B' D B R B' R2	2688337
56123473322312	R B D' B D R2 D B' D2 R2 B	378741
63247511123132	R B D' B D' B' D' R B2 D B'	538501
47163522131222	R B R' B2 R' B' D' R D2 B' R	432144
14625731131121	R B' D' B' D R2 B' R2 B R' D	567409
73615242223133	R B2 D' R D R B2 R2 D' B D	838805
56423171231231	R B R' B' D B' R2 D2 B' R' D	457301
76354122212222	R B R2 D2 B R' B R B' D2 B'	1074387
54126371331221	R B R' B' D R D' R D2 R' D	338769
32465172132131	R B R B' R D' B R2 B' D2 R	515494
32165742211112	R B' D2 R D' B' R D B' R D2	432469
37614521111111	R B' D R2 D' R2 B D' R' D' R	577998
32417562113321	R B' R D' B' D B2 D R D' B	648030
63745123122212	R B R2 D' B R2 B' D' R2 B2 D	494991
63574212313211	R D' R B R B2 R D' B' R B'	641357
26743512121232	R B' R2 D' R' D R D' B2 D B	806279
76341251112131	R B2 D' B' R2 D B D2 B2 D' R'	892300
47156322313232	R B R2 B R' D' B R' B' R2 B	238510
63452712333221	R B2 R B D' B2 D B D2 B2 R'	294822
45376121331311	R D B' R D2 R' D B' D B R2	378841
76312543322222	R D2 B' R D2 R2 D' R D2 B' R2	422691
76342511323112	R B D2 R' B R' B D R B' R2	317859
61257343232123	R B D' B2 D B' R B' R2 B2 D2	328674
75243611113232	R B2 R B' R2 D R B D2 R' B2	369011
34567212223232	R D R2 D' B R B2 D' R' D B	811045
54367211333213	R B2 R' D B' R' B R B' D R'	415333
12543672121121	R B D2 R2 D B2 D' B R B2 D'	312250
26153473132121	R B2 R' B2 R B2 D2 R' B' R2 B2	375122
46527133111121	R B R' D2 R B' R B' D2 B2 R2	401939
13275643212221	R B2 R2 B' R B2 D' B2 D R2 B'	451278
21376541122211	R D R D' R B' R B2 R' D2 B'	492989
36752142123221	R B D2 B D2 B D' B' R B2 R	298993
56123471331332	R D B2 D2 B D B2 D2 B' R2 D	481807
24715631122121	R B' D2 B R B2 D2 R2 B R' B'	389228
15367421223113	R B D2 B D R2 B' R2 D R D2	280962
63752142332132	R B R D2 R' D' R2 B D2 B' D2	506971
12543673233323	R D R' D B R B' R2 B D' B2	580569
31265471122133	R B2 D R' B D R2 B' R D' R'	534965
12567433232333	R B R' B' R D2 R' B D R B2	439310
34715262221123	R B' D' R B' D R2 D R' D R2	544590
25736141233232	R D2 B D2 B' R D' R D' B' R'	629157
15642372231332	R B D' B R B2 R B' D2 R B2	319192
25736411331113	R B' R B D2 R' D2 B R D2 R'	357703
32147651213333	R B' R D R' B D2 R2 B' R D2	392091
75314623113122	R B2 R' D2 R' D B2 R B2 R D2	384198
67245311133233	R B D' R' D2 R' D' B2 R D2 R'	364672
47321651311133	R B R B R2 D' B2 D R2 B' D'	438506
74561232221111	R B' R2 B' R D2 B2 R B' D2 R	406644
56712343211123	R B2 R' B R2 B' D R2 B' R' B	498448
17426531121212	R B2 R D B2 R' B2 D R D B'	355012
72143563222331	R B D' R' D R D' B R2 B' D	347001
16725431211122	R B R' D2 B2 D' B' D2 B R2 D'	360202
12365472321233	R B' D2 B' D B2 R2 D R' D2 B	469630
62134572321323	R B' R D R' B2 D2 B D' R2 D'	408923
37246511112233	R D R' D' B D2 B D R2 D2 B'	510327
12354763211123	R B2 D' B R' D R2 D R D' R2	485332
74126352333122	R D' R B D2 B2 R2 D' R' B R2	588392
12367451123333	R B2 R2 B R D' R D' R D' R2	371671
76321453321133	R B R' D' R B D2 B2 R2 B R'	429868
35162473323131	R B R' D B2 R' B' R D' R2 B'	375056
13764252323231	R B D2 B D' R B' R B2 D' B	357575
27534161111123	R D' R2 D' R B2 R D2 B D R2	515552
31247651113232	R B R2 D2 B D2 B R' D' B2 D'	421742
46273513221212	R B R' D2 R' D' R' B D2 R' B	522936
63724153121213	R D B R2 D2 B D' R D' R D'	1396417
12543672331232	R B R2 B D' R B2 R D2 B D2	336673
65132473111331	R B' R2 B R B2 D' B2 R B R'	521728
12637451332112	R B R2 B R B2 D' R2 B R D2	275842
32561471131211	R B2 R2 B R D' B' D B' D' R	423859
32167452211121	R B D2 R2 D R2 D' B D R2 B'	360953
54376121322233	R B D2 B2 R' B R' D' B R2 D'	582032
71462533221113	R B2 D' B D2 B2 D' R D2 B' R2	591784
17265433111313	R D2 R B R' D R' B2 R' B R'	863016
76324151112233	R B D B' D2 R B2 R' D R' D'	255822
14735621223113	R B R' B' R D' B' D R' D R'	313664
17356241212313	R B R' B' R D2 R B R' D2 R2	465240
42367153111121	R B R' D2 R B' R B R2 D2 B2	483711
47653213232111	R B R B D2 B R' B' R' D2 R2	456520
17324561211323	R D2 R B' D B R2 D' R B R2	454827
56174232323333	R B' D B R2 D2 B R B2 R2 D'	591912
46257313312211	R2 D R' D B R2 B R2 D2 B D	1084832
47621532232331	R B R' D R' B' R' B D2 R D'	224567
54376211111222	R B R B2 R' D' B2 D' B2 D B2	395575
54362171113133	R B R B D' B2 D R' B R' D'	345215
32147651123333	R B2 R D R D2 B D' R2 D' R	388105
67345212111122	R B R D' R D' B D2 B' D2 R	471171
35617423131332	R B2 R2 D2 B' R' B D' B2 D B'	525768
31275463311122	R B2 D' B D R D2 R2 B' R B	733085
41725631111111	R B' D' R' D R2 B' D2 B D' B	724434
14725362211121	R B' D2 B D R2 B2 D2 R B' D'	452612
73615423213211	R D2 R' D R B D' R2 B R' B'	443601
21376541112311	R B D B' D2 R2 D B' R' B2 R2	432921
26153471122121	R B2 D' R' B2 R D2 B' D R B2	427628
32157642231323	R B D2 B R B' D2 R B D B'	407613
72541632131111	R B R D' R2 D R' B D' B2 R	354945
56347212123233	R B2 D' R B2 R' B' R B' D2 B2	426968
32164572232313	R B' R D' R B2 D' R' B D2 B'	555354
45376211333123	R B' R2 D2 B D' R2 B D' B' R'	304342
54721632133232	R B2 R' B' R2 D2 B R D B' D2	363276
61453721311112	R B D2 B' D B' D2 R D2 R' B2	342331
14527631131211	R B D2 R' D' B R' D2 B R B	545372
52174633223123	R B' R' B' R D' R' D2 R' D' R	370832
56123473222112	R B R' D R' D' B R B' D B2	408070
73645213333112	R B2 D B' D B R2 D' B D' R'	557589
74561232111113	R B2 R D' R D R2 B2 R B D2	654765
32156471113211	R B R' B D2 B' R B R2 D2 B2	303556
63172452312323	R B R B R D2 R B' R D2 B2	457170
52761432131111	R B D' B2 D' B2 R D' R' B R'	384072
54367211213333	R D B2 D2 B D R2 D2 R' D2 B	541337
14752631112311	R B' R B' D2 B D2 R' D R B	500634
71263541333222	R2 B' R2 D B D2 B R2 B R' B2	598777
15762342122213	R B D' R B' D R2 D R' D R'	1000835
64357212313211	R B D B2 D R2 D B' R2 D2 B'	1469805
21354761112311	R B D B' D2 R2 D B' R B2 R2	420471
27613543333133	R B' R B R2 D2 B R' B2 R B2	540507
46375213123121	R B' D2 R D' R' D B D' R B2	375427
56123471333123	R B2 R' D R' B' R B R' D R'	429405
21376541111123	R B D B' R B2 R' B D' R B2	322970
75264133121333	R B R D2 R B D' R B2 D B2	993120
47165322132212	R B2 D' R2 D R2 B' D R2 D2 R'	1142719
27314652313211	R B' R B D B2 D B' D' R D'	2425136
76523413223231	R B2 D R' D R D2 B' R B R2	432815
25763411332322	R B D' R D2 R' B D' B D R2	387228
36725411212121	R B R2 B D R' D B' R' D2 R2	274431
23657142121112	R B' R D R2 B2 D R' D2 R D2	801798
35721642221213	R2 B D' R B' D' R D2 R D R'	1232855
54163272233111	R D R B R' B2 D' B R D R	1383578
46123571111111	R B R' B2 R D' R D' R2 B2 D2	1676800
74165232121112	R B R2 B R D' R B' R' B2 R2	686148
16537421113331	R B D2 B D R' B2 D R D B'	319777
16523741112212	R B R D2 R2 B' R D2 R' D2 R2	306913
52741633323311	R B D' R D R2 D B' R2 D2 B	392293
14762351331221	R B2 R B' R2 D2 R' B R D2 R	384791
12463751231231	R B2 R B2 R2 D R' D' R D' R	353165
23165471311133	R B2 R B2 R2 D B D R' D2 R'	592943
76245313123121	R B2 R D2 R2 B R D R' D2 R'	518031
76321452122333	R B R2 B2 R' B D2 R D2 R2 D	480004
76354123211132	R B R' D R2 B' D' B R' D2 R2	508871
54712361323313	R B2 D2 R' D' R D' B2 R2 D B	495541
74312652333332	R B R2 B2 D B' D B' D R B2	331359
14752363222121	R B R2 B R2 B D' B' D R2 D	349331
45312672223331	R B2 R' B' D R2 B' R' D' R D2	648298
51642371122313	R B2 D2 R' B' D R' B2 D2 R D	869645
37624512231212	R B R' B2 R' D B D B2 D2 B	1060065
16275341312213	R B2 D' R2 D' B D' B2 R2 D' R	1834686
13627451332112	R B R' B' D' B D2 B' D R' B'	303191
56347122333233	R B' R B D2 B' R B2 D' B2 D	442803
14763253221221	R B R' B R' D B2 R2 D2 B R'	455227
36741252122321	R B2 R2 B R B' R D' R B' D2	708995
72561432213122	R B' R D2 R2 B' D B' D' B R2	699138
16527431312222	R D R' B' D R D2 R2 B2 R B'	948396
27536412332312	R B2 R2 B' D R' D R2 D B D2	471420
47265312313211	R' D R' D B D2 R' D R B2 R'	1383326
16243571132132	R B R2 D' R D' B2 D' R2 B' R2	256425
27416532133232	R B D2 R' D B' R2 B' R2 D' R2	278220
12546371221331	R B2 D2 R B2 R D' R' D' B2 D2	277913
21345762223322	R D2 B' R2 B R2 D' R D2 R2 D'	528443
76512343332311	R D2 B' R2 D R' D R' B D' R	557565
32561472133313	R B R' D2 B2 R' B D R B2 D2	674727
32167451333111	R B D B2 R' B2 R B2 R2 D' B	399315
63725143123313	R2 B2 D2 B' D R' D2 B' R D' B2	916072
12543673111331	R B D R' D R2 D' B2 R B' R	292233
65132741223323	R B R' D' R B' D B2 R2 D' B'	275387
74561233131233	R B D' R2 B D B2 D R2 D2 B	410755
25436712123122	R B D2 B R B2 D B2 D B2 D	394058
75346213132121	R B D R' B2 D2 B R' B D2 B2	487112
76543212132323	R B D' R D' B2 R2 D R B D'	358875
21345762312323	R B' R B' D R2 D2 B2 D B R'	632116
12357462211112	R B' R B R2 B2 D2 R' D' R D2	555138
46375213333121	R B R2 B D' R D' B' R' D R2	334824
14736521132222	R B2 R D R' B R D B2 R B2	477132
36527411131133	R B R2 D2 B' D2 B D' B' R D2	408331
63725141112323	R D R2 B' R B R2 D2 B R' D'	578273
14726531223122	R B' D2 R2 B' D B' R2 D B' R2	403671
13276541323322	R B D2 R' B D' R D B R' D2	510129
32165742331112	R B R2 B R' D R' B' R' B R2	636719
41735622313322	R B R2 D2 B D2 B R D' R D	1008659
76245311213312	R B D' R' D R2 D B' R B2 R'	360658
41736522332231	R B D2 R2 B' R D' B D R' D'	411742
35426713131113	R B R B2 D' R B R' B D' B'	463744
12367541331131	R B R2 D2 B' D R' D B D' B'	573724
36145272131213	R D' R2 D' B R B R2 B2 R B	627382
74325612221222	R B R2 B2 R' D' R2 B D2 B' R2	522831
67245311112311	R D R' D B R2 B R2 D2 B D	796930
14735621223332	R2 B D' B2 R' D R D' B R2 D2	660601
32476513232231	R B' R D' B R2 B2 D2 B' R D	308081
54326711112212	R B D' B R2 D' R B' D2 R2 B	490118
67435123123121	R B D2 R' D2 R' D R' D2 B2 D	301907
56324171221331	R B R' B R2 D' B D' R2 B2 D	473105
54167233232333	R B' D' R B2 R B D' B' R2 D	447360
67435121332112	R B D2 R' D2 R' B D' B2 R2 B	277698
14632571321132	R B' R B' R' D B R2 D' B' D	624760
35162472122231	R B R' D2 R' B D2 B2 D' B2 R	448164
76145233232333	R B R2 B2 D R D' B D2 B D2	343245
47256133212311	R B D' R' D' R2 B2 D' R B' R	438389
14763521113211	R B2 R B2 D2 R B2 R' B2 R2 D'	418838
14327653121213	R B2 R' D2 B D B2 D2 B' R' D2	368225
14765231111312	R B' R D R' B2 D B2 D B' R	569932
14723651111213	R B D B' R2 B D' B D' B2 R'	534574
52167433331333	R B' R B2 D' B2 D R' B D2 B'	972640
37614522113321	R B' R2 D2 B' D B' D2 R B' D2	1028289
12745633131131	R B2 D' B' D B2 D R B2 D2 B	451146
72345611331332	R B2 D' B' D B' R D2 B' R B'	269632
65132471323121	R B' D' B D2 B R' B' R D2 R2	419397
16534271111132	R B R B2 D' R B' R B' R2 D	364641
32174652332132	R B D B' R B' R D2 R' D2 B'	377707
71432563323113	R B D2 R' B R2 D R' D' B' D	531340
37615421113322	R B2 R' D B' R B' D R' D2 R2	748158
12345673131323	R B R2 D B' D2 B' R B' R D2	719681
17452363213232	R B2 R' B R2 D' B R D R' D'	410519
32165741111132	R B D2 B D' B' D R' D' R2 D	306636
76315241113112	R B D2 B D' R B R2 D' B R'	376601
32167453222313	R B R D B2 R B2 R B' R2 D2	346645
27453161123111	R B R2 D B2 D R2 D2 B' D R	381046
76354212312233	R B2 R D' R D R2 B' R B R	786725
41625373121213	R B R D2 R' D' R2 B D' R' D'	1180713
23165742131333	R2 B2 D2 B' D B' R2 D' R D' R2	1516232
36725413131311	R B' D2 B' D' B D' B R' D2 R2	332452
17362451231321	R B D R' D2 B D' R' D B' R2	421810
46375212113111	R B D2 B R' D' R D' B' D2 B	367692
34725612231332	R B D2 B' R D2 B' D' B D2 B2	386419
17463251122112	R B D2 R D' B R2 B2 D' R' B2	474106
14325673311131	R B2 D' R' D B2 D B D2 R2 D	885915
42615372213311	R D B2 R' B D R2 B2 D B' R'	755076
65174233331213	R B D R' B2 D' R D R B2 R2	1156953
32175461113112	R B D2 B R' B R B2 D' B R'	327583
56723413331111	R B R B' R2 D2 R B R2 B R2	349553
16257433223123	R B D B2 R2 B' D' B2 D' B2 D	345479
23165742131321	R D2 B' R2 B D2 R' D R2 D2 R'	674930
34275162213221	R B' R B' R2 B' R' D' R D2 B	631752
12357461113331	R B2 D2 R D2 R D' R' B' D2 B'	706923
67321451212211	R2 B R' D' R D R' B R2 B' R	940384
76325411111312	R D2 R2 B' R' D B' D2 B D' B2	1139899
24531673123121	R D B R2 B' D R2 B' D2 B D'	331993
74265312333233	R B D2 B' D2 R D' R2 D B D'	396108
14536273311311	R B D2 B2 R D' B' D B2 R B	462166
14325673232333	R B R2 B2 R' D' R2 B R B2 D'	374529
53742612323333	R B2 R B' R2 D' B' R' D2 R' D	401815
45736121122211	R D B D2 B' D R2 B' D2 B R'	709767
71362453113311	R B R' D' R D R' B R2 B' R	629430
31564272212111	R2 B D2 B2 R D' B' D B2 R B	764541
16245371231231	R B2 D R' D' B2 R D2 R D2 R2	368528
16423572112121	R B D2 B2 R D' B D' R B R2	331336
73625141112323	R B R2 B' R2 D2 B D B' D R2	436617
67321542232133	R B D B2 R' B' R2 B D R2 D	542474
26547313131323	R B2 D2 B' D R' D R2 D' R2 D	485196
63741522123131	R B R D2 R B R2 B' R' D2 B	546357
36547212121313	R B' R D2 B' D2 B R' B D2 B'	748533
24315762213323	R B R' D R B2 D' R D R2 D'	1691328
24761531221223	R D R' D2 B R' D B R' B2 R'	425770
72143652111311	R B R D2 B' R D' B' D2 R B'	328357
74123653133231	R B R D2 B2 D' B R' D' R2 B	366709
34561273313321	R B' R' D2 B' R D' B2 R2 B' R	496122
76321453323311	R B' D' R2 D B2 D' B D2 B R'	446771
74523611213111	R B D2 B2 D B' R D2 R2 D R'	417385
52167432122222	R D2 R' B2 D R D2 R2 D' B' D2	534688
34527613312133	R B2 R2 B' D2 R' D B2 D2 B' R'	371266
36745212131111	R B R' B D B D' R2 D R' B2	550656
34165271311121	R B R' D R D B' R2 B R' D2	466050
12765433121213	R B' R D' B2 R2 D R B' D B2	517660
25413763121222	R B R B' R B R2 D' B D B2	553974
14523673121312	R B' D' B D2 B2 D B' D' R D2	633258
72165433233323	R B' R B R' B2 D R2 D R' D	870570
12765432222212	R D' B2 D' B D R D2 R2 D R	1097447
56743212221222	R D B2 D2 B' D' R2 B R2 B' D2	1225512
52163472111311	R B R D2 B' R D' B' D2 R B	326807
16327453232333	R B R2 D2 R' B2 R' B D2 B' R'	387978
72361453232333	R B R B2 D' R D' B' R2 D B'	405974
34165271121311	R B2 D' R' D2 B D B2 D2 B' R'	442919
36147251121311	R B2 R2 D2 B R' D B' D2 B D	437668
74163253121111	R B' R D R2 B' R' B D2 B' R'	561696
63125743131233	R B R' B D' R B2 R2 B R B	517528
71453623311122	R D B2 D' B D' R B2 R' D2 R	925492
15647233213232	R B R B' R2 D2 B D' B' D R2	321283
46321752111131	R B' D2 B D' R B R2 D' B R	295990
74125633133222	R B D2 B D2 B' D2 B' D R D2	298732
54721631122121	R B2 D' R D2 R' D' B R' B2 R2	455697
47632152233321	R B R D2 B' R B' D R' D2 B	368659
32765413231223	R B2 D' R' B D2 B D B2 R2 B	333733
12374562111212	R B' D B2 D2 R' D R' B' R B	419377
43572612312323	R B2 R' D2 R D' B D' B2 D R	777838
16537421332112	R B R2 D' R' B' R' B R' B2 R	306342
37561241311112	R B2 D' R B' D' R D2 R B D'	401565
32145671132222	R B2 R' D B' R2 D2 R' B' D2 B'	345705
52341671122211	R B2 D' R2 D' R D' B' R2 B R2	406307
74163253131332	R B R' B2 D2 R' D B D B2 R2	607364
26517343333313	R B2 R2 B D2 B2 R2 B' R2 B2 D	692179
12745633313333	R B D' R' B R' D' B D2 R' D2	681398
24315673311311	R2 B D' B' D' R D2 B' D R2 D'	884045
52743613121111	R B' D B R2 D' B R' B R2 B'	396812
72541631113121	R B2 D2 R' D B R2 B2 D R B	410361
52761433121111	R B R' B' R B2 D' B2 D' B R'	356181
14527631311121	R B2 D2 R2 D' R' D R' B2 R B	614468
36527412322232	R B D' B D R D' R2 D B' R2	514479
37415622333221	R D2 R' D B R D' R2 B D' R'	592517
45367122223133	R B' R2 B R B2 D' B D2 B' R'	677416
23174652123131	R B R2 B' R D2 B' R' D2 R B'	896509
73542613132322	R B R B2 R' D B2 R' B2 R B2	281165
27534162311111	R B D B' R2 D B' R' B D' B2	348973
32167451222222	R B D' B2 R D B2 D B2 D2 R	437429
73625412222323	R B D2 B2 R B' R2 D B R2 D2	483673
16725432232223	R B R B' R D2 R' D2 B R' D	348934
27546312231122	R2 B2 R D2 R2 D B2 R' D2 R2 B	806679
23756413222112	R B D' R B2 R2 D' R D' B' R	393226
67452313321232	R B2 R D2 R2 B R' B' R B' R	726845
63174522332132	R B R2 D' R2 D B2 R' D R B'	272769
67354213111313	R B' D R B2 D' B2 R D R2 D'	383864
41765231233232	R B2 D B' R' D2 B R2 B D2 B2	268714
16534273211111	R B' D2 B' D B2 D R2 B D B2	383542
36745212122312	R B' D' B D' B' D B2 R' D2 R	544261
54367122311111	R B2 R' B2 D2 R' D2 R' D' R2 D2	456948
71264533231313	R B D2 B' D2 B D' R2 D' R D2	712284
74251633111313	R B R' D R B' R2 B' R2 B R	889484
15672433312133	R B D B' D B' R B' R B2 D	354432
71625433213133	R2 B D B' D B' R B' R B2 D	564546
27615431312333	R D B D2 R2 B D' B R' D R'	507881
36741252123323	R B2 R2 B' R D' B R' D R B2	805464
14625732213323	R B R2 B D R' D2 R' D2 R' B2	741654
57264132111323	R B2 R2 B R2 B R2 D' R B2 R2	907464
45176233131113	R2 B D' R B' R B R2 D2 B2 R	1257528
46721533123313	R B R2 B' R D' B R' D R B2	934391
56347213111211	R B' R' B R2 B D B' D' B2 R	566817
16574231113133	R B R2 D2 B2 D' B R' D' R D	305596
65314272311132	R B R B' R2 B' D' R B2 R2 D'	417461
52741632212213	R B D2 R D' R' D2 R' D2 B D'	605421
25471631312213	R B' D R2 D R' D R' B' R2 D2	585142
32164571232323	R B R2 D' B R' B R B D' R2	723140
21354762213311	R B R' D2 R B R' D R' D B2	689156
12346751113133	R B2 D R' D B D' R2 B2 D R	866025
71562433123232	R B D B' D2 B' D R2 B R' B	336778
31265471321111	R B R2 B D' B D B2 R' D R'	365499
52741632212231	R B2 R' B R' B' R D R' D B'	405105
16527432231122	R B R' D' B D2 R' B R' D' B	340832
31267542222233	R B2 R D R' B R2 D' R D B'	488962
75641323232111	R B2 R' D2 R' B R2 D B2 D R2	464085
73642511113322	R D R' B2 D R' B' R' B2 R2 D	858988
24615731132333	R2 B R2 D2 B2 D' B R' D B2 D'	813063
63752143212323	R B R B2 R2 B D R' D B' R'	287033
14325673123232	R B2 R' D R' B2 D2 B R' D B2	390787
74512362313223	R B R B' D2 B' R' B D2 R' D2	343937
76543212323213	R B D2 R' B R' D2 B D B2 D2	345435
37612453122233	R B R' B2 D B' R' B' D R2 D'	372781
31452672322331	R B D' B' D B2 D B2 R' B2 R	396437
25471362323132	R B' R2 B D' B D B2 R' D R	584557
35462171131313	R B R D2 B2 D' B' R2 B' D2 B2	488552
76524313331222	R B2 R D2 R2 D B2 R' D2 R2 B	503608
56723413221212	R B D2 R2 D B R2 B R B2 R'	681481
45613271331221	R B R' B2 R' B D2 R' D2 R B'	214302
15763242323132	R B D R2 B2 R' B' R2 B' D2 B	338200
26415731322323	R B R B' D2 R B D2 B' D' B'	446955
14736521321231	R D' R' D2 R' D' B2 D R D2 B'	566231
37615422211133	R B2 R D' R B' D R' B' D2 B2	813685
34716522223211	R B2 D' R2 B D' B R' D B' D	899900
52714633213223	R B2 R' B' D2 R D' R2 D R' B2	337900
12345673231313	R B' R2 B' R' D B' R D' R2 D2	319892
14567231321123	R D R' B' D B2 D B' R' B R	482232
24651731113223	R B D' B D' B D2 B2 D R D	373461
32756141233121	R B2 R2 B D2 B R2 D' B D2 B2	411631
32145671333333	R B2 D' B D R' B R' D2 R' D	453863
43176252123131	R B R' B2 D R B R2 D' R D2	566966
36527412211322	R B2 D' B' R D' R B2 D' B R'	808945
23156471333132	R B R B2 R B R D' B2 R' B2	338668
26371453112111	R B2 R' B' D' R D2 B D' R B'	447298
64321572132131	R B' R2 B R D2 B2 R B D R2	451584
54276132233312	R B2 R' B R' B2 D' B R' D2 R2	492347
27516341111111	R B R B2 R B2 R B R B2 D2	676426
43572161111111	R B2 R' B' R' D R2 B D' B D'	651302
27534161111111	R B R B2 R D' B' R B' R2 D	911829
25137461111111	R B' R B R' D2 R' D' R' B D'	1137845
32546713323212	R B D B D' R2 B2 R' B2 D' B	311585
14735621332112	R B R D2 R D2 R' B2 D B R2	301718
12745632222221	R B D2 B' R' B2 R' B D R2 B2	402840
52147631211131	R B R B' D2 R B' R B' D B2	402434
37614252221123	R B2 R' D R' B' R B' R2 B R2	474773
32451762331121	R B R' B' D B2 D R2 B' R2 B	390672
14752633223231	R D R B' D R' B' D2 R2 B' D	409057
53126471321321	R B' R' B2 R D R2 B' R2 B D2	549566
34127651312111	R B D' R' D2 R' B2 R B' D' R'	341605
14652733321331	R B R B D2 R D' B2 R2 D' R	349815
72143651213111	R B R2 B' D B' D R2 B2 D2 B	315174
32754163211123	R B R2 D B' R2 B' R' B R2 D'	467351
73645213112231	R B D2 R' D R D2 B R B' D'	330061
73645122222311	R B D B D R' D2 B D2 B R2	462910
47653213211231	R2 B D2 R' D R D2 B R B' D'	464455
25314673131311	R2 B R' D B' R D B2 R2 D2 B	906646
63714521112323	R B D2 R' D' R' B R' B R' B2	679744
17364251231231	R B2 D' B2 D R D2 B2 R' B' R2	372006
17362452213311	R D' B2 D' R B2 R B2 D B D2	505378
45273162222122	R B2 D2 B' R B' R D2 R' B2 R	600579
63741252222323	R B2 D B2 D' R D' R B' R' D	495879
15642373221323	R B D B D R' D' B R2 D' B	489044
36754123232222	R B' D B2 D' B R' B D R' B2	611995
12375461111222	R B2 R' D R2 B' R D R D' B2	769813
74321563311131	R B D2 R' D2 R D2 B' D B D'	466070
41657321222312	R B R' B R' D B2 D R' D B2	415383
43615271333312	R B R' D R2 D R2 B' D B' R'	204696
72546311323112	R B2 R D R2 D2 R' B R2 D' R'	357077
13642571221223	R B R2 D B R2 B2 D' R' D' B2	367449
76315241323313	R B2 D B' R D R2 B' D B' R'	544940
43576211123222	R B2 R D B2 D R' D' B2 R2 D'	565184
54321673313312	R2 B R' B' D B' D2 R2 D R' B	864851
73645211321111	R B R2 B R' B D R2 B' D R'	359164
45612373132121	R B D' B R' D' R2 B2 D' R D'	298382
34561273321223	R B D R2 D2 B' R B' R D R2	376989
65174232123131	R B R2 D2 B R' B D' B2 D B'	448858
52463173212332	R2 B R' B' D' R B2 D' B D2 B'	499098
25134672312323	R B R' D2 B R D B2 R' D B2	476708
74163253332323	R B D2 B' D B R D' R D' R2	542901
75312463333133	R B R2 B' D2 B' D B R' B R2	1154842
73615243332311	R B2 R2 B' R D2 B' D2 B D2 R'	431605
36714523132223	R B2 R B' D2 R B D2 R' B' D	438484
41762533123331	R B2 R B D' R B2 D' B R D'	519677
72543611332331	R B2 R D B D2 R B' D2 B' R	387663
34561273321133	R B2 R2 B D2 R' B R2 B2 R' B'	642688
54621372211121	R B' R D R2 B2 D R B2 R2 D'	621608
51724363121213	R B D' R2 D B R2 B D' B' D	1201780
32164571111111	R B' R D2 R' D2 B D' B' R' B	1737468
13675242331313	R B2 R' D R D R' B2 D B' R'	293228
75321461311112	R B2 D' B R D R2 D R' D' B'	255633
36217541223311	R B R2 B' D B R2 B2 R B D'	410886
54167232112112	R B2 R' B' D2 R2 B R D R' D2	386700
34165271112212	R B' D2 B' R B2 D2 R D' B2 R	439185
73246153312211	R B D R2 D2 B2 D' R' D B' R	362900
32167453313333	R B D2 B' D' B2 R B' R' B2 D2	416044
26573413331312	R B R2 B2 R' B D2 R' B2 R B	526640
15734622331223	R B R B D B' D2 R B2 R B2	327659
45637123332122	R B R2 D B2 D B2 D2 R' B R	324413
14723652322121	R B R2 D' R2 D B R2 D' R2 B'	271316
47152631322131	R B2 R2 B' R B' R D2 R D R2	432545
32765412221312	R B D' B' R B' D' B R2 D' R2	318753
71435263211123	R B2 R B' R B' R B' D' B2 D2	513710
12376541232233	R D' B' R2 B' D' R2 D B R2 D'	771346
67321451111123	R B R' B R' D' B2 R2 D' B R	663590
36725411131313	R B R2 D B' R2 B' D B' D R2	278958
47621533231121	R B2 R B' R D R2 B' R B D2	396051
47512632312323	R B R2 D2 R D' R' D2 R' D B'	420120
24651731333333	R B R2 B D' B' D B' R2 D B'	341242
76154323333112	R B2 D2 R' B' R D' B2 R2 D R	508533
43561271111111	R B R D' B2 D' R' B' R B2 D'	669813
47632153232321	R B' R2 D' B R B R2 B D' B	507450
56721432312233	R D R B' R' D R' D' R B2 R	777504
73516243323113	R B R B2 R2 D' B D' R2 B2 D'	193795
14735621333111	R B R B2 R D2 R' D2 B D R2	368704
23674153232321	R B D R' B2 R' B' R' D R2 B'	315915
41236753232321	R B' R' B R' D2 B' D R D B2	523817
51324763113332	R B R' B' D B D' B2 R2 B R2	451671
63471522123131	R B' R' B' R D2 R' D2 R' D R	535273
47156233233113	R B' R' D R2 D R' B' D B2 D2	523510
52761431111312	R B D B' D2 R D' B D' B D2	389594
71264533221323	R B R2 D B' R2 D2 R B' R' D2	448275
65271432231233	R B R B' D R' D R2 D B D	422950
25134672233321	R B D' R2 B R D R2 B' D B2	503965
76345123312211	R B R B' R B' D' B2 R2 D' R	527526
52367142211121	R B2 R B' D2 R' B' R' B2 R' D	591217
25137461211323	R B R2 B' R D R2 D2 R B R'	574444
54367121112212	R B' D' R2 D B R2 D' R2 D B2	608702
72165433331213	R B D' B2 R2 D' R D R B2 D2	725807
32547612111311	R B R' D' B R2 B' R B D B2	428348
24715363311332	R B R' D' B R' D2 B2 R' B' D2	440294
35461271111231	R B' D2 B R' D R2 B' D2 B R2	492449
14763253133222	R B2 R2 B R2 D' B D2 B2 D' B'	467972
74523613111211	R B R D' B2 D B' R' B D' B2	371760
13254761322233	R B' R' D2 B D' R' B D' R2 D'	681515
54312673311311	R2 B' R D B2 D' R B2 D' R2 D	510117
35762142222113	R B2 D2 B' D R' D2 B' R D' B2	571103
12745632232211	R B' R2 B R' B2 D B D R' B	321331
13246572331232	R B R2 B D' R B2 R D2 B D	292140
25736411133113	R B' D B D2 R' B2 D R B2 R'	356450
42673512232133	R D B R2 B R B2 R' D' B2 R	483844
71456321322323	R B2 R D R' B2 D2 R D2 R' B'	428003
37624511232233	R B' R' B2 R' B' D2 B D B2 R'	484119
56732143122113	R B' R' D R2 B' R B' R' B2 R'	455356
32561471122211	R B2 R' B2 R D' R' B D2 R D2	586520
74165233131323	R B R' B D' R' B2 R' D' B2 D2	414081
12376543133231	R B R D B2 R2 D2 R D2 R' B2	286736
12347651122112	R B' D R2 B R2 B' D B' D2 B2	490747
31247651323232	R B' D2 B D' B D2 R' B2 R B2	339709
54367212333113	R B2 R' B D' R' B R D' B R'	419516
34562171321231	R B R B' D2 R D2 R' B R' B'	494343
65123471112311	R B R' D' R' D2 B2 R' B R' B	449965
25631741212121	R2 B R' D B' D' R B2 R B D'	647236
47156233322312	R B R' D R' D' B R2 D' R' D'	303443
72165433221233	R B2 R' B R' B2 D2 B' R' B2 R'	377369
15672341113232	R B' D' B2 R D' B' R B' R2 B'	502015
15642373212311	R B R' B D2 R' D' R D' B2 D2	629928
26714531212133	R B R' D B' R D' R2 D R2 B'	756028
52341673323212	R2 B R D2 R B' R D2 R B2 D	633705
25716431212223	R B D' B D' R2 D R B2 D' R	822091
15637423211123	R B R2 B' D B' D R2 D' R2 D	855497
75234161322233	R B D R' B2 D B2 D' B R' D'	245015
54261732231233	R B R' D B' R D' B2 R2 D' B'	438083
63251743133231	R D R' B2 D R' D R D' B2 D'	540111
47251363131113	R B' R2 B R' D B' R2 B' R B'	505364
16345271222111	R B' R B2 D R2 D' B D' B2 D2	883967
54217362233213	R2 B' R2 B R' D B' R2 B' R B'	739557
74165231131313	R B R' D R' B' R2 B' R' B2 R2	923065
64357213312211	R D R' B' D' B2 R2 D' B R' D	809453
53761242121211	R B R B2 R2 B' D2 R B D B2	466499
56347212111221	R2 B2 R' B R2 D' B' R' D2 B D	378129
12354762121112	R B2 R' D R2 D R B' R' D R2	463174
31265471122112	R B D2 R D' B R2 B2 D' R D2	330255
15463271313113	R B R2 D R' D R2 D2 B' R' B	537835
12537461332112	R B D2 R D' R D2 R2 B' R' D	301123
74132562121121	R B2 D B2 D R B D R2 D B'	512355
63752143223123	R B' R2 B D B2 R2 D2 B D' R'	369992
35416721113112	R B2 R D B' R2 D2 B R2 B' D'	294707
76342513322111	R2 B R' B2 D' B D R' D B2 R2	439646
14763521113223	R B R2 D' R' B' D R' B D' B2	385876
72513641233322	R B' R2 B R' D B2 R' D2 R D2	451521
17526431131121	R B D2 R' D' B' D R' D B' D2	456173
36125471212112	R2 B R B2 R B' D B2 D R2 B	509819
32175462312323	R2 B R2 B' R D R2 D2 R B R'	1044366
34675212222122	R B' D R' B2 D B' D B D2 B	1159919
14726532232313	R B2 D B D2 R2 B D' B D2 B'	431874
36547213331333	R B2 R' B D' R2 D B2 R' D R'	352618
63752141123213	R B R' B2 R' D B2 D2 B' D2 R	439986
35126741232212	R B2 D2 B' R B' R2 D' B D' R2	346287
76253413322312	R B2 R D2 R2 D B2 R D2 R2 B	437548
54716321112323	R B D' B2 D B' R B D2 R2 B'	582876
26435713311122	R B D' B2 R2 B R B D' B2 R	800727
56347211312111	R B R B' R2 B' D' R D B2 R'	463294
73542613132121	R B D R' B2 D2 B R' B' D2 B2	293771
13246572321332	R B2 D R2 D R D B R2 B R'	346936
76345122211112	R D B D' R B' D B2 D' B2 R	644940
47156321133311	R B' R D2 R D R B' D R2 D'	650772
75241632222323	R B D2 B2 R B' R2 D B D2 R2	599304
15627431332112	R B D2 R D' R D2 R2 B' R' D2	371381
24563711121212	R B R' B2 D' R' B2 D B D2 B2	605668
74561233321133	R B R2 B D2 B' D2 B' R D R2	501200
32156473223123	R B R B' R B2 R' D2 B R' D	299514
76341253233131	R B R2 B R2 B' D2 B' D B R2	311045
47156322332132	R B R D2 R' D R2 B' R2 B' R2	488784
36125472111311	R B R2 B2 R' D' B2 R B D2 R'	571051
16745233121213	R B R2 B2 R B R D' B2 D' B	508505
53642171111111	R B R' B2 R D' R D R2 B2 D'	665693
26435712311132	R B R B2 R2 B R B D' B2 D'	904092
24715631122133	R B R D2 B2 D' R' B' R B2 R2	898357
32174652312332	R B R2 B2 D' R D' R2 D' B2 D'	248073
47156233223312	R B D' B D' R' B D2 R' B' D'	317926
45612373332122	R B2 R2 D2 R' B D B2 D2 R2 D'	334166
62371453311311	R B D' B' D R B' D R2 D' R	332692
14753261221112	R B R2 D R' D R2 D2 B' R' B2	444247
32147653112222	R B D B2 D2 R' B D' R D B2	348802
16427531211311	R B D R2 B2 D R' B' D B2 R2	466547
23157462131123	R D B' R B' D R' B2 R D2 B'	645059
17426531223221	R B R B D2 R2 B2 R B2 R' B2	242018
17426531331332	R B D2 R' B' R' B2 D B' D2 B	256538
21357642221132	R B2 D B2 D R B2 D' B R' B2	539842
72165433321223	R B R' D2 B2 R B' R' B D' B	365576
72643513212311	R B D' B R2 B' R B' D' B D2	812022
52341672323312	R2 B R2 D B2 D R' B D2 B D	423934
24637512311132	R D R B2 R B R2 B' D' B2 R	958432
73642511113232	R B' D' B2 R D R2 D' R' B2 R'	713670
74165233131311	R B2 R2 B' R B' R D' R' B2 R'	403013
32657412111212	R B R D2 R B D B2 R' B R	385085
14723652331232	R B2 D B' R2 D' R B D' B R	315941
52741362313223	R D B' D' B' R2 D2 B' R B' D	341049
23176453332233	R B D' R D' R2 D B R2 D' R	498306
14736251112332	R B R D2 B2 R B' D' B D2 R2	380848
27634512233321	R B2 R B R2 D2 R' B' D2 B D'	424505
72543611223221	R B D' B D' R2 B2 R D B D2	406458
14736521133131	R B D B D2 R2 B2 R B2 R' D2	323884
76341252323333	R B2 R' D B' D R2 B' R' B D'	282477
14736521211212	R B R2 B R' D B2 D B2 R D	313353
32147562313223	R B R D' R D2 R' B R' D B2	331487
12745632212213	R B' D2 B R' B2 D B R D' B	588647
76213543311332	R B D' B R' B R' D2 R B2 D'	518348
67354213211132	R B2 R' D' R D2 B' D' R' B R2	871772
62453713311122	R B' D B2 R' B D B' R B2 R2	1012173
32145671221112	R B' R D2 B R2 B' R B' D2 B2	459740
36152742131321	R B2 R2 B D2 B' R2 D R' D2 R2	603240
75634123323122	R B D2 B' D2 B R' B R B' R2	331452
47132562311111	R B2 R B2 R' B2 R B2 D2 R2 D'	512756
73645211332112	R B D2 R D' R D2 R2 B' R B2	608636
35461271321231	R B R2 D2 B R2 B R' D' R2 D'	544231
15624732123212	R B' D B' R2 B D2 R D' B2 D	456504
74165233231313	R B2 R2 B' R' B2 R' B' D B' R	1394175
73542163321133	R B2 R2 B D2 B2 R2 B D2 B2 R'	360965
65132471222111	R B R' B D' B' D B2 R' D' R'	283583
71542633132322	R B R2 D' R2 D R2 B' D B R'	321422
76354212333332	R B2 R' B R' D2 B2 R' B' R2 D'	414046
73564213321322	R B2 R B2 D' B' D R' B R' B	384278
12543672321332	R B2 R' B R' D B2 R' D' B R'	337123
74653213133222	R B D' R2 B D' R D B' R2 B'	328803
76145231122112	R2 B2 R' B D2 R' B' D' B2 R D	673260
32465172332321	R B2 R' D R2 D' R D2 B' D' B2	537764
75143263231313	R B2 R2 D2 B' D2 B' R' B R' B'	433516
23157461231333	R B R' D2 B' R D R' B2 D2 R2	422463
21473563331312	R B R2 D2 B D' B D' R D' B'	564040
31765242322121	R B' D B' D2 R B' R D R2 D	460386
36547212131312	R D R2 D2 R D B R' B2 R' B	578834
21354761112233	R B2 D2 R' B' R D' R2 B R' B2	640522
47165321232113	R B D' R2 B2 R B R D' B2 R	924724
54721632212231	R B R' D R B R2 D' B D2 B'	360052
15672342323312	R B2 R' D' R' D' B2 R B2 R' B2	331667
17426532331331	R B2 D R2 D R' B R2 B R B	287069
56723411121113	R B D B' R2 B' D' B D B2 R'	328216
76354212213323	R B D2 B D R2 B D2 B D2 B	409796
47652132231323	R B R2 D2 B2 D' R D' R' D B	626058
16537421233112	R D2 R D R2 D2 R' B D2 R' D'	671748
62135473123121	R D R B' D B' D R2 D' B2 R	615399
14725363213121	R B R B2 D2 B' R' B' R D2 R2	365941
23156473323332	R B R' B2 D' R2 D R' D2 B R'	289043
74561233311233	R B R' B2 R' D2 R B2 R D R2	261705
12365473332323	R B R2 B' R D B2 R' D' B D'	457238
72365412222212	R B R2 B R D2 R' D' R2 B D'	616349
47165322232133	R B R D2 R2 D B R B' R2 B'	782157
35126742231233	R B2 D2 B' D B' R2 D' R D' R2	947628
17463251323112	R D2 R B D2 B2 D' B D2 R' B'	982422
15724632323333	R B2 R2 B' D' R B2 D' B R D2	511587
65174323223123	R B2 D' B' D2 B R2 D' R D R2	351744
32765411121113	R B R2 B' R D R2 D2 B D' R2	337376
41563273113311	R B R2 B2 D R' D' B D2 R B	439043
12367451132222	R B D B2 R2 B' R B' D' B2 R	367777
56147232333113	R B D2 R2 B2 D R B' R B' R	450709
52163473111211	R B D B2 R' B D' R' B2 D B	574514
63751423122311	R B D' R B' R B' D2 B D2 R'	393748
75132463233233	R B R2 D2 B' R D' R' B2 D2 R	327140
54367211222132	R B R' B D' B' D B R' B D2	346208
73652413331321	R B2 D B2 D B R2 D' B D' R2	389813
16527432331322	R B2 R B R D2 B R' D2 R' D	370907
34527612231332	R B' D R2 D2 B' D B' R' D B2	550261
24376512222122	R B' R D2 R D' R D' R2 D B2	538491
32416753121222	R D R2 B' D' B2 D' B D R2 D	622576
24751362321113	R2 D B2 R2 D' R' D R' B R2 B	735936
52163471213111	R B R2 B' D B' D R2 B2 D2 B'	317630
74123653132232	R D2 R2 D B' R B' R B' R B2	515547
56147231222132	R2 B D' B R2 B2 D' R D' R' D	598490
74125633332323	R B2 D' B' D2 R B R2 B2 R' D'	601787
71534262122222	R D R D2 B2 R D' R B' R D'	496515
12347653332323	R B2 R2 D2 B' D B' R B2 R' B	490520
16543271223221	R B R B2 D2 B' D R' D' B2 R	577512
73625143121213	R B R B2 D2 R D' B R' B D'	1191718
74365211213111	R B R2 B' D B R2 B2 D B' R2	469657
62174533311212	R B D' R2 B' R B D' R2 B2 D2	507663
56123471222312	R B D' B D' R' B D R' D B2	404009
41673252212222	R B D2 B' R2 B' R B D' R D2	384372
65243712121322	R B2 R D2 R2 D B2 R D2 R2 B2	388339
72543611331332	R B' D B R' B R2 D2 B' R B2	477723
45621732233333	R B R2 D2 B2 D' B R' D B2 D'	554694
35174262231113	R B2 R D B' R B2 D' R D R'	571819
37645122312221	R B R D2 R2 D R' B R' D R	352798
16543272331331	R B R2 B2 R' B D2 R B2 R2 B'	298908
74365212111311	R B R2 B2 D B D' B R2 B R2	474285
76345122213311	R B R' B R' D' B2 R' D2 R' D'	529332
54612732112223	R B2 R' B D' R2 B' D B' D2 B2	624382
54167231131112	R B R D2 B2 D B D' R2 B2 D'	459577
42351763231133	R2 B D2 R2 B' D' R B' D R2 D	811761
52763411222312	R2 B R' D' R B' R2 D2 R D' R	741468
13275642131333	R B D R' B2 D' R B' D B' D'	402470
46275312132212	R B2 D' B2 D B2 R' B R2 B2 R'	437954
35714623111322	R B D' B2 R2 B' R' D B' D R'	476807
21354761122211	R D R D' R B' R B2 R' D2 B	491345
12367451312222	R D2 R2 D B' D R' D B' D R2	480416
15724631322233	R B2 D2 R' B' D R' D2 B R' B2	909926
26435712222122	R2 B R2 D2 B2 D' R D' R B2 R'	1368705
36725412111212	R B2 R D R' B R' B R2 B2 R'	1434205
73645211223113	R B R D' B2 D B' D2 R D' R	282240
36725411121212	R B R2 B D B2 D2 B' R' D R'	389602
12367452113333	R B' D B2 D2 R' D R' B' R B2	488560
71432563323122	R B2 D R B2 D2 R B' D B2 D'	687179
67345211211122	R B2 R2 D2 R' D R D2 R2 B2 R'	692887
31267542313133	R B' R D2 R' B D2 R' B2 R B2	859645
56147232332213	R B D' R B' R B R2 D2 B2 R	821276
46275313121222	R B D' B D' R B2 D B' D' R'	1195200
32147652231332	R B R D' B2 R2 B R D B' D2	407472
36725412123212	R B2 R D B' R B' R B2 R2 B'	423340
37614523232213	R B' R D' B R D' B R B' D'	430208
14725361322332	R B2 D2 R' D' R D' R2 B R' D2	505105
67345213111133	R B2 D2 R2 B' R D' R D2 B' R	796807
34527612211322	R B2 R2 B' D R' B R' D B R2	879954
16527431222132	R B' R D' R B' R D2 R2 D' B2	895352
36725412121232	R B R2 B R B2 R2 B' D' R B'	925304
45612373322111	R B R' B' D R2 D R' B R2 B'	298740
76342513323212	R B2 R' B' R' D R2 B' D2 B R2	381267
71463523331222	R B D2 R2 B' R B' D' B2 R2 D	517205
74123653133132	R B2 R2 B' R2 D' R D2 R2 D' R'	527026
46275311123222	R B R2 D2 B' D' R D' R D2 R	476002
46275312112232	R D R2 B2 D' B' D B' R D2 R	526704
26435712322322	R D2 B' D2 B R2 D' B R2 B2 R'	675279
47165321322131	R2 B2 D2 B' R D' R2 B' R B' R2	667463
32465172112121	R B2 R2 D2 R' B R D2 R2 B2 R'	555700
15724633132322	R B R B2 R' D B2 R' B2 R' D2	356669
31265471313113	R B R B' D2 B D' B2 R D' R	307809
16543271221223	R D2 R2 D R' B R' B R' B R2	514500
74123652322121	R B D2 B2 D' R D2 B R2 B2 R'	480561
14752633222223	R B2 R D' B2 D' R2 B D2 B' R	546159
52763413223312	R2 B D' R B2 R2 D' R D' B' R	604765
41762532221333	R B' D R2 D' B D2 R' D2 R D2	568379
74125632321332	R B R2 D2 R B2 R' D B R2 D'	290803
32465173133111	R B2 D2 R2 B' D R' D R2 B' R	354862
54721633333331	R B R2 D2 R B R2 B D R2 D'	383451
74365212333332	R B R2 B D2 B' D2 B D' R' B2	391963
14763251222312	R B' R' B2 D' R B' R2 D2 R' D	359553
56123472331331	R B R2 B2 R D R2 D2 R' B2 D	388606
36721452122213	R B2 D2 B R B2 R D R2 D' R	692303
65174232133313	R B R B' D2 R' B D R B2 R2	1054395
74132563132112	R B2 D' R B2 R2 B' R D2 B' D2	409631
16725433122212	R B R2 B' D' B2 R B' D' B2 R2	392038
73642513223222	R D2 B' D B2 D2 B' R D2 B' D2	433422
12347652111221	R B R2 B' R D' B2 R2 D' B' R2	407811
76341253221212	R B' R' B D' R' B D2 R' B2 R	525011
67354212212222	R B D R2 D B D B' R2 D' R2	559595
76543211212112	R B' D B2 R B2 R' B D' B2 D2	903466
36721452121322	R B2 D' B R D' B R' D2 R' B	773153
76543211333333	R B2 D' R B D' B D' B2 D' B	364987
52743611113121	R D B2 D' B D R2 B' R' B R	477304
76345123311113	R B2 R2 B' R D' R2 B R' B' D2	422271
36527412131222	R B' R' D R' B' R D2 B' D2 B	508120
62135473131131	R B2 R2 B' D B' R2 D R' D' B2	373376
45612373132223	R B2 R B' D2 B' R2 D R2 D' R	545328
32765413122212	R B R' D' B R' D' R B2 D' R2	604933
32164572232223	R B' R B' D R D' B D B' D'	802790
62135473122131	R B R B' D2 R2 D R' D R2 D2	343467
16743252323222	R B R2 B D R' D B D R2 B'	344993
45612373332221	R B2 R2 D2 B D' R' D R' B D2	399717
34761252323222	R B R B' D2 B R2 B D R' B	362253
32741653111112	R B2 R2 D2 B D' B R' D2 R D'	559769
15724632323231	R B2 D2 R2 D R B R' B D' B2	495596
36147253111112	R B D2 B' R B R2 D' R' B R	423870
52761431112131	R B2 R2 D2 B R' B R' D2 R B'	429437
64531273122131	R B R B' D2 R2 D R' D' R2 D2	306719
76345123211111	R B R D' B2 R2 B D' B R2 B2	500904
56741231131211	R D B2 D' R B D2 R' D' B R	471889
52147631121311	R B2 R2 D2 B R' D B' D2 B D'	462855
16725431211131	R D B R' D2 R D' R B' D2 R'	662913
76321543211111	R B R D' B2 R2 B D' B' R2 B2	666788
14723651111312	R D B D' R2 D R' D B' D2 R'	711990
16735242122213	R B R2 B2 D' R B' D' R D R'	577441
12347652223232	R B2 R2 B D R' B' D B' R' B	358680
21654373332221	R B2 R' D' R2 B D' B2 D R' B2	353590
47162351322122	R B D B2 D2 B R' D R' B D	424381
13265742131312	R D R B2 D2 R B' D R' B D'	576499
74125633121111	R D R D' R2 D B' D B' D2 R'	600143
52167342121232	R B R' D B R2 D2 B' R2 B2 D'	653917
36542712121322	R B2 R D2 R2 D' B2 R B2 R2 D'	822614
51742632323231	R B2 R' B2 D2 R' B2 R' D' B2 D2	657565
26135742332312	R B' R2 B' R' D2 R' B D B2 R2	399146
32567412122222	R B R2 D' R B R B2 R2 D' R	513870
27365412321212	R B' R D2 R D' R D' R2 D B'	598849
24563712121232	R B R' D2 B' R' D2 B R D2 R2	671841
13276451113211	R B' R2 B' R D R2 D R' D2 R'	678039
53761242221213	R B2 R' D' R B' R D2 R D' R	662919
23164752131312	R B D R2 B2 D B' D B' R D'	1256262
46512372113321	R B R2 B' D2 R2 B R B' R D	687789
52361472121313	R D B2 D2 B' D' B2 R B2 R' D2	437243
24716532323231	R B' R2 B' D B R2 B R' D2 R'	687534
32567413131212	R B R2 B2 R' D' B2 R D2 R' D2	616065
32741651121311	R D2 R' B R D B' R D' R2 B	638106
76541233333313	R B' D' R D2 R2 D R' B' D R2	535364
24563713121222	R D2 R' B' R D' B D2 B D' R	995879
53761242321212	R B R B2 R B R B2 D' R B'	922843
16273541122133	R B' R2 D2 R D R2 D R B' R	1095369
45671231132231	R B D R' D' R' D B D' B D2	229260
46572312132122	R B R2 B' D B2 R2 D R' D R2	312572
67354211333111	R2 B2 R' B D B' R2 D2 R D2 R	356858
14537622231323	R B R2 B2 D R' D2 B R B2 D2	363870
45612371133221	R D R' B2 R B R' B D' B D2	425495
27543611111132	R B R' B2 D2 B R2 B D2 R B	380735
32145673112222	R B R' B2 D2 R D' R' D B' R	291183
72165432111122	R D2 R' B2 R B' R' B D2 R D2	705149
72165431113331	R B R' B D' R2 B2 D R B R'	362438
63721541233322	R B D' R2 D' R' D' B D2 R' D	364773
32765413322312	R B2 R B D2 B2 R B' R B2 R'	315695
76354121313131	R B D R B D' R' B D2 R' D	364207
12563472131213	R B' R2 B' R' D2 R B R2 D' B'	388185
15634722321233	R B D2 B R' B D' B' R2 D R'	363467
65132472212231	R2 B2 R B R2 B' D2 B D' B' R2	539243
13275641112233	R B2 R' B D' R B' R B' R2 B2	673666
76325411122121	R B2 R' B2 R B' D' B D2 R B2	280028
21364753212212	R B R D B D' B2 R B2 R B2	411053
12673542331133	R D R' D R' D B' R2 B R2 D'	364150
76354213222223	R B2 R D2 R2 B D R D' R2 D'	419561
52741633313321	R B D' R D' R' B R B' R B2	524708
74321653233323	R D R B' D2 B R' D B' R2 D	498782
12543673221323	R B2 R D2 R2 B' D R D' R2 D	558222
47265312122222	R B R B2 R' D' B2 R D' R' D'	1214921
76543211223221	R B2 R' D R' B2 D2 B' D' B2 D'	335746
65132743222331	R D B' D' B' R D2 B' R B2 R'	456149
36752143132232	R B R B D B' D' B D2 R' B	420580
54362711323112	R D R' D' R D' B R2 D2 B' R	401415
24715632313223	R B R D' R B' R' D2 B2 R' B	668742
36125743222331	R2 D B' D' B' R D2 B' R B2 R'	598841
13275641112323	R B2 R' B R' B R' B D' R2 D2	693625
24731562311231	R B2 D R B2 D2 R' D2 R D' B2	640887
76325411331311	R B' D R' B2 D B R2 D' R D'	397482
76143252221222	R B2 R B' R B2 R' D2 B D' R'	390727
75316241231231	R D R B' R B' R D2 R D R	407437
75146321323331	R B2 D2 B' R D' R2 B' R B' R2	466828
36527412231122	R B R2 D' R2 D R D2 B' R2 D'	650773
34725613111133	R B R2 B' D B2 D' B R D2 B2	443002
76321452122321	R B2 R B D B2 R B' R2 B' D	409139
45721363321313	R B2 R2 B D' R2 B R2 B R2 B2	510286
74365211333111	R B2 R' B D B' R2 D2 R D2 R	213309
31564272213311	R B D R' D R2 D' B R' D R2	343122
75642132213311	R B R' B R' D' B2 R' D2 R' D2	352113
52163473111331	R B2 R B R2 B' D2 B D' B' R2	367685
14725363311113	R B' D R2 B' R2 B D' R B R	551841
46257132211133	R B' D2 B D R2 B' D R2 D' R'	662183
45312762311111	R B R' D2 B2 R' B' R B' D B	511458
26453172211133	R B' R2 B D B2 R' D R2 D' R'	907190
24367511323112	R D' R2 B D' R D' R' D' B R2	480280
25741632312323	R B2 R2 D2 B' D B D' R B' D2	364443
56712341232113	R B R' B' D R2 D R' B R2 B2	474413
52167433133333	R D B2 D2 B R D R' D2 R' B	531075
13265741112323	R D R2 D' B2 R2 D R B' D B2	645303
62543711311112	R B R D2 B' R B' R D' R' B2	681450
34125672131213	R B R2 B D R2 D' R' D2 B D'	1026967
13572641122133	R D R2 D' R2 B2 D R D' B D2	1996216
64531273312211	R B R B' R D2 R' D R' D R2	323208
54721633231322	R B D B' R2 D2 R B D2 B D2	495364
67321451112311	R B D' R B2 R' B R' D' B R2	524835
46127353131323	R B' R' D R D B2 D2 R' B R	711486
13246571111111	R B2 R' B' R D2 B' R' B D' B2	715305
65213741111111	R B D' R2 D B' R D' R2 D2 B2	810154
25714632123131	R D R2 B2 D R' D B' R2 B R'	631598
75346213332122	R B2 R2 B' D R' D2 B R' B' R2	374233
72643513212332	R B2 R' B' D' R D2 R D2 R' D2	285587
51367241211113	R B D' R2 D B2 R' B D B D'	308557
36721451131331	R B D' B D' B2 R2 D B D R'	343480
42751632323231	R B D' R2 B2 D' R' B D' R B	517783
45312672233321	R B D2 R2 B D' R B' D2 B R'	620681
72546313323212	R B2 R' B' R' D' R2 B R2 B' R2	669230
45367211211122	R B2 D2 R2 B D' B R2 D' B D'	723019
12376541112323	R B2 R' B' D R2 B' R' D B' D2	2462246
72165432211112	R B2 R' D2 R D' R' D B2 R D2	293082
52147633111112	R D2 R' D B D B' D R' D2 B	563816
16275343122221	R B D' B2 R D' R' D' R B2 R'	452707
75346213132322	R B R B2 R' D' B2 R D2 R' B2	619295
12365741113331	R B D' B R D2 R2 D' R' B2 D	657174
12357461111222	R B' R2 D B2 D' B2 D' R' D R2	637574
64357213231322	R D2 B R2 B' R B' D R' B' D'	883881
31264573132313	R B R B' D2 B R' D' B2 D2 R'	245071
62135473232231	R B2 R D2 B2 R' B D' R2 B2 D2	295095
54167232333113	R B R' B R2 B' R2 D B R D'	352638
62173543232132	R B2 D R B2 R B2 D2 R B' D2	373959
12354763131131	R B2 R B2 R2 D R' D R2 D R2	391293
14325672231323	R B D' R D' B2 D' B R D B2	493216
26435712233321	R B' R D' B R2 B2 D2 B R D'	602126
56124371232323	R D R' B' R D' B D2 R2 B' R	483249
32761453121312	R D' B2 R B D2 B' R' B2 R' B'	730971
14765233113131	R B R2 B' R D2 R' D R B2 D2	291910
63752412333113	R2 B2 R' D R D' R2 B2 R D2 R	516750
24715633131131	R B' D B2 R' B2 R B' D B R	398277
45721363322231	R B D R2 B2 D' R D' R' D2 B2	406858
46157321331233	R B D' R' B R' D2 B2 R' D' R2	352774
76543211332331	R B2 R' B D2 R' D' B' D R' D'	237867
34561272213122	R B D B' D2 R2 D R B R' D2	599117
65423713321322	R B R2 D2 B2 D' R D' R B2 R'	813538
36752143133222	R B' R' B' R2 D B D R' D' B	335177
15643271331221	R B' R' B' D B2 R' B D2 B' D	297311
13542671231231	R B R' B R D2 R2 D' R' D2 B	308712
42137653132121	R B R2 B R' B D' R D2 B' R	297254
74125633132232	R B R B2 D' R B2 R' D B2 D2	225618
72563411113121	R B2 R' D B R B' D R' B2 D	379746
76325412112121	R D2 R' B2 R D' B' D B2 R B2	499090
26534713333313	R D' R B' R B2 D R' B' R' B2	708988
32145672113333	R B D2 B' D R2 B' D' B R2 B2	273409
76321452122123	R B D R' B2 D2 B D B R' B2	386690
75431263133213	R D2 R2 B2 D' R' D B' R2 B R'	455169
34165273222322	R B R2 B R2 D2 B R' B' D B2	354119
32164572233321	R B' D2 R B D2 B R2 B D' B2	687283
74521633133333	R D2 R' D2 B R B2 R2 B' D' R2	514616
63142571132321	R2 B' D2 R B D2 B R2 B D' B2	965075
47165322313211	R B D2 B R2 B2 D2 B R2 B' D'	562329
32765411331113	R B2 R' D R D' R2 B2 R D2 R	339666
47126351233232	R D R' B R D' B2 R D' B D'	265571
12347653132223	R B R D' B2 D R' D' R2 D2 B2	399607
71432563232213	R B2 D B R2 D2 B D' R B2 R'	443778
56347212232223	R B2 R D B2 D' R2 D B' R' D2	391773
35417622223133	R D R2 D' R B' R B2 R' B2 R	716824
75213642223133	R B D2 B' R B' R D2 R' B2 R	734661
24736512222332	R D B' D R' B R' B2 R D2 B'	652205
47352612311132	R B D R' D' R D2 R D2 B' D2	429912
32417653132121	R B R B2 D2 B' R' B2 R' B2 R	321500
27453161132111	R B2 D' B' D' B2 R D' B2 D' B2	395833
34125672221222	R B R2 D2 R' D' B' D B2 R' D	501071
57642311113322	R B D' R D2 R2 D B D2 B R'	508032
56274312313211	R D R' D B D2 R' D R B2 R'	792249
14327652131213	R B D2 R' D' B2 D R D2 R D'	625531
26135742213323	R B R' B D R2 B' D R B2 R'	978756
13276543323122	R B' R B' R B2 D' B' D B2 D'	355672
32561471113133	R B' R B' D2 R D R2 B' R B'	452571
21654372233321	R B2 R2 D2 B' D R B' D B' D2	367402
56271433132313	R B2 R2 D' R D' B' R D B' D	497376
54367122211121	R B2 D' B' R2 B D2 R' B R D2	437343
76354123211123	R B2 R D B2 D' R' B2 D B D'	494170
75246311111111	R2 D R' D B D2 R' D R B2 R'	1164569
57123461111111	R B R' D2 R B2 D' R D R B'	1703006
24367513111121	R B R' D2 R B' R B' R2 D2 B2	305785
71456322111221	R B2 R' D' B' R' D2 B D2 B' R2	384987
15672343213232	R B2 R D' R2 B2 R' D R B2 R	389716
76312453211111	R B R' B R2 B' D B' D' B R2	520531
36721453113113	R B' R D' B2 R D R2 B' R D'	418746
71462531113322	R D B' R2 D R' D' B' D2 B2 R	835361
32156741112323	R2 B R' B D R2 B' D R B2 R'	1792070
25436711311313	R B2 D2 R2 B' D B' R B2 D' B	420048
27634511131133	R B2 R' D' B' R D2 R B2 R' B2	349961
13246573321223	R B2 R B' R2 D B D2 R' D' R	463710
51426733312211	R B2 R' B D2 B' R D2 B' R' B	393306
75346212323333	R B' R2 B R B2 D2 R2 B R' D'	423062
32576142313223	R B2 R' D R2 D' R D2 B' D' B	419121
25436712123332	R B2 R2 B' R2 B D R' B2 D B'	568020
41756231321213	R D2 R D R2 D B' D' R2 B2 D'	603196
14736523112222	R B2 R D' R2 B R D2 B' D' R	310621
13546271321321	R B' R' B2 R D' R2 B D2 B' D2	293358
36521472331121	R B D R2 B' D' R2 D' B R B2	258180
23456173212332	R B R' B' D' R B2 D' B D2 B'	339932
64531273123121	R D R B' D B' D R2 D' B2 R'	382333
21654373332122	R B2 D2 R2 B R' B R2 D' R B'	447498
43576212112232	R D2 R D B2 D B' D' B2 R2 D'	519111
23165471312132	R B D R' D2 B R D' B R2 B	416726
25634713321232	R B2 D R' B' D2 R D2 R B2 R2	425098
72345611133113	R B R B2 D' R2 D R2 D2 B' D	288577
71452363213232	R B2 D R' B D B' R2 D2 B R	260435
54123673233323	R B' R D R2 B' D R' B R2 B'	425676
74563211232332	R B D2 R B2 D' B' D' B2 D' B'	564148
46375212332222	R B R2 D' R' B R D2 B2 R2 D'	633911
12347561112212	R B D' R D R2 D2 B' R' B D2	616588
31624751112233	R B R2 D' R2 B D' B' D B' R2	378412
52761431113121	R B2 D R' D B' R2 B R' B' R	393109
13645271221331	R B D2 B2 R D' B2 R B D2 R2	301415
31624753312211	R B R D R D2 B R' B D2 R2	636126
25436713332122	R B2 R' D B' D2 R2 B' D' B2 R'	551134
14726533323122	R B2 R B' R B2 R2 D B D2 B'	350401
12543671331113	R B D R2 B' R2 B D2 B2 R' D	804038
35426713111313	R B2 R B2 R2 D B' R B2 R D2	489867
46375212132221	R B D' B R2 D' R' B D' B2 R'	363162
21374653333121	R B2 R D R2 D R' B' R2 D2 B'	371197
56247132333233	R B D' R' D' R D2 B' D B2 D'	392914
75264311223122	R B2 R2 B R2 B D2 R' D B2 D2	479917
45376213131323	R2 B2 R D B2 D' R2 D B' R' D2	563119
51742632323333	R B2 D' R' D2 R D2 B' R B D2	427249
12367541112212	R B' D' R2 D B' R2 D B2 D' B2	826806
76321542211112	R D B D' R B' D B2 D' B2 R'	831987
15346271321321	R B R' D R D2 R2 B' R' D B2	287770
23456713212332	R B R2 B' R2 D B' R2 B R B'	312443
12365471313113	R B R D2 B' R2 B D2 B2 R' B	395575
14527633132322	R B2 R D R' B D2 B' D2 R D2	426606
76245313122122	R B D B' R2 D R B' D B2 D	347573
32741652111113	R B2 D B' R D' R2 D R' B' R	470165
26715433231322	R B D' R B D2 B2 D' B' D2 R	399652
52147631131211	R B2 D B' D B' R2 B D' B' R	604252
12643571321321	R B D2 R2 B' D B R' B D2 R	297008
47123651233232	R B' R D R' B D' B2 R B R2	315942
47152361233232	R B R' D B D2 B2 D' R' D2 B	314202
16542371221331	R B R2 B D' B R' D' R2 B R'	339542
12356471113133	R B R2 D2 B' D B D' B D2 R	630356
12357641113331	R B R2 B2 D B' D2 R D B2 R2	768008
56147322333233	R D R' D' B' D R2 B' R D2 R'	464265
45176321131133	R2 D R' D' B' D R2 B' R D2 R'	673360
12364751112212	R B D2 B D' R D' R' D2 B R'	611633
75234162221111	R D B2 D' B' D2 R B' R B R'	513552
76312452212111	R2 B D' B' D R B' D R2 D' R	508606
21654372231323	R B2 D R2 D' R D' B D' B' D'	561759
42751632321233	R B' D' B2 D B R2 D' R2 D R2	669649
35461272222323	R B R2 B R B' R2 D B D R'	587361
64531273311311	R B R D' R D B2 D2 R' D' R	411117
64531271212211	R2 B R2 B2 D R' D' B D2 R B	738505
76312453311311	R B2 R' B' R' D R2 D R2 D' R2	326497
71432562111221	R B2 R' D' B' R D2 B' R2 B R2	371578
14752633213223	R B2 R2 D2 B R' D' R D' B D2	398154
76345122211121	R B2 R2 B' R' D B2 R' D B D2	410684
67345211111123	R B R' B R' D' B2 R2 D' B R'	448642
21354761113211	R B2 D2 R2 D B R B' R D' B2	571655
62135471122121	R B2 R2 B' D' B R2 D' B D B2	524529
15724632123233	R D B R' D B' D B2 D' R2 B	865072
36527412111113	R B R2 D' R' D R' D2 B D B'	340358
56321473233323	R B R' D2 R' D R B2 D' B D	377398
16725431121311	R B R2 B' D B D2 R' B' D R'	508126
32465172133121	R B R' D B' D' R2 B2 D' B R'	346422
36147252111113	R D R2 D' R B R2 D' R' D R	458450
21354761113322	R B2 R D2 B2 R' D R' B2 D2 R2	577410
16345273233323	R D2 R2 B' D' R B' D2 B R' B2	673440
14723651112131	R B D2 B' D B R2 D' B' D R'	712129
56741231121311	R B R2 B' D B D2 R' B' D R	404701
52743611112131	R B D2 B' D B R2 D' B' D R	372027
73652413211312	R B R' B R' B D' B2 D B2 R'	335770
25641371213132	R B D2 R2 B2 R' B D' B D2 B'	376361
45621732212123	R B D2 R2 B2 R' D B' D B2 D'	511781
37654212311222	R B D' B2 R' B R D' R2 B2 D2	576708
14752631323223	R B2 R2 B' R D B' D2 R2 B' R	508910
14625731322233	R B2 R2 B' D R B' D2 R2 B' R	869359
32465173233221	R D R D' R D' B' R2 D2 B' R	340417
74365213121333	R B R2 B' D' B2 D' B R B2 D2	372526
74365212222323	R B R' D R' B2 R' D B D R2	369429
14723653313111	R B R2 D2 B' R2 B R' D' R B2	415503
74125631313311	R B R2 B D2 R2 B R' B' R B2	344790
74125633133312	R D R' D2 R' B' R2 B R' D2 R2	537600
14723653321313	R D B' D2 R D B2 D R2 D2 B	872469
54167233331213	R B2 R2 D R B' D2 B' R' B2 R	1225876
36527413311311	R B R B D2 R B2 R B' D2 R2	397515
37642513122221	R B2 R' B D' B D2 B2 R2 D' R'	333807
34172562313331	R B2 R B' R B' D' R2 D' R2 B2	484129
71643252231212	R B D2 B2 R' B R' D' B R B'	607744
23416752121211	R B' R B' D' B D2 B R D' B2	599481
32716452123212	R B' R D' B' D B2 D R D' B2	715190
65172431132333	R B2 R B R2 B D' R' B2 D2 R'	816683
63512743313333	R B D' B R B2 D2 R' D2 R2 B'	860261
56124371111231	R B R' B2 D B R' B R2 B' R	336879
76341252232313	R B D B' R B2 R' B2 D B' D	383035
76543212222221	R B2 R2 D2 R D' R2 B R B2 D2	429437
34172562132332	R B2 R D' B D' B' R2 B' R2 D2	508824
65132471231321	R B' D2 R D2 R' B R' D2 R' B	701903
35426712131132	R B2 R2 D B' R D' R2 D R2 B2	493644
53421671321111	R2 B R D' B2 D B' D R B2 D2	606597
17435622211133	R B2 D' B R D R2 D2 B' R D	829108
56173421113112	R B D2 B' D R' D' B2 R D' R	336146
54371621113112	R2 B D B' D2 B R' B R B2 D2	573927
46275312232133	R B D R2 D2 R B R B' D2 B'	806936
32456711233133	R2 D B2 R2 D' B' R B' R B2 R	631365
17426531213123	R D R' B2 R' B R D B2 D2 B	603554
74125633131233	R B R' D2 R' B' D2 B R' D2 R2	665724
74132561321231	R B' D' R2 B D R2 D' R' D2 R'	712227
54721631311133	R B D2 B' R D2 B' R2 B R D2	838168
53726143333121	R B R' D2 R B R2 B R' D' R	354614
37452162323312	R B R D B' D2 R2 D' R2 B' R	320427
71436253333112	R D' B R' B R2 D R' D' B' D2	297046
64275131312123	R B R' D R' D B2 R D' R' D'	501135
17643251122112	R B R' B R' D2 R B' D' B' D'	554865
31275462133211	R B R2 B R' D2 R D2 R' B D'	551139
47126532133133	R B D' R2 B2 R' B' D B' D B'	872131
37615422313331	R B D B' D2 R' D R' B D' R'	516711
32167451312222	R B R' D2 R' B2 R D2 R D B2	254085
72165432323312	R B D2 B' R B' R2 D2 B' R' B2	401063
52341671311313	R B R2 B' R B2 D' R2 D R B2	474892
31564273113311	R B D B' R B R2 B2 D' B' R	423678
52341673133111	R B D2 B' D R2 B' R2 B R B2	400487
42613572313211	R B R' B2 R' D' B' R D2 B R'	820606
24615733113323	R2 B D2 R2 B2 R' D B' D B2 D'	788954
13675241112323	R B D2 R2 B2 R' B' D' R D2 B'	1480754
36125473111211	R B D2 B2 D' B' D2 R D B2 R'	344860
32647153132121	R B R' D2 B2 D B2 D B2 R D	305344
67412353132121	R D2 R' B2 R' D B' R2 D2 R' D	384308
56723411131112	R B R D' R2 D' R' D B D2 R'	548936
14325672112121	R B D2 B D2 B' D2 B R' B' R2	488803
25741632222323	R B2 D B2 D' R D' R B' R' D'	572158
76145232332213	R B' D2 B D' R2 B D R B' R	834909
54362711111231	R B D' B2 R D R' B D2 B' R	368997
53467211321111	R B R2 B' D R' B' D2 R D' R	357842
14736521332121	R D R' D2 R' B R B D2 B2 D	355106
25736413123112	R B D B2 D R2 D R' B' D B2	353511
32145672212222	R B D' R2 B2 D' R D B R2 D2	377000
12354762311123	R B D B D2 R' D B' R' B2 R2	412757
17435623211123	R B2 D' R B D R2 D2 B' D B	996958
23165742123131	R B D B2 D2 B D R D' R2 D'	932722
54167232133313	R B2 R2 D B D' R2 D' R' D2 R	1252022
42615371313332	R2 B D2 R2 B2 R' B D' B D2 B'	577732
31276452313313	R B' D R' B R2 D R' B' D' B2	479183
63725141233121	R B R' B D' B D2 R B' D' B'	421218
31276452133322	R B R2 B' R D2 B2 R D' B D2	401525
16357421223113	R B D' R' D' B D2 B' R D' B'	307709
13247563212131	R B R' B2 D2 B' D' B D' R D'	424361
32174561232233	R B' R' D2 R' D' R2 D B D2 R'	927102
64157321133212	R2 D R2 B2 D' R' D B' R B2 R	969106
32714652332132	R B R D2 R' D R2 B' R2 B D'	303480
74163253133132	R B D' R2 B2 D R' D' B D' B	289690
73615243213313	R B2 R2 B' R B2 D' B2 D B2 R'	434224
41725363121231	R B R2 D2 B' R' B D' B R2 B	388482
67321453113311	R B2 R' D' R' D B2 D B2 D' R2	653733
13257641112233	R B R2 D2 B2 D' R' D' R B2 D'	591561
26415732233321	R D R' B2 R' B' R' D R2 B D'	610931
34165272323333	R B R2 D2 R D2 R' B D B2 R'	809289
37652143231322	R B2 R D' B2 R2 B' R D R2 D	308475
72345613221221	R B D2 B R2 B' R2 B' D B D2	214424
72543162311111	R B R2 B D' B D' B R2 D' R	369493
12745632111122	R B D2 B R2 B' R2 B R' D' R2	382218
61534721112311	R B2 R' D2 R' D B' D2 R2 D' B	413570
15642372331322	R B R D2 B' R2 D R B2 R D'	305188
56347211213111	R B D R' B D R' D R2 D2 R	474074
34725612322232	R B2 R2 B R' D R B' R D B	523492
14763253133132	R B R D2 R2 B' R D' B R D2	436872
52743612131111	R B R2 B' R D2 R B2 R2 D' B	328192
13546271231231	R D2 B R2 B' D R' B R' B' R	472497
54312671131331	R B R' B D2 B' D R' B R B2	310430
12364753311131	R B D2 R' B R B2 R D' B' R	532647
14723651113121	R B R2 D' R' B R' D2 B R D'	507947
32765412323222	R B D2 B2 D' B' R2 D R D2 B'	664837
41576322212222	R B D B' D2 B R' D B R' B2	590607
71462532111212	R B D R' D2 B D' B2 R2 D R'	300525
67341252222323	R B D2 R2 B' R B R' B R2 D	297341
13267541232212	R B R D' B R' D B2 D R D	451638
41357622313112	R B D B' D2 B R' B R B2 D2	368013
24763151111111	R B R' B2 R D' R D' B2 D2 R2	652810
54127633131212	R D R2 D2 R' B' D2 R D2 R' B2	864007
31462751111111	R B D' R2 D B' R D B2 R2 D'	1228039
32167451111111	R B' R B R' D2 R' D' R' B D2	1898511
43512671313332	R B R' D R' D2 R B R2 D' B	361581
56147231333213	R B R2 D2 B2 R B R' B D' R	418691
35162472123233	R B' R2 D R' D' R B D' B D2	639492
45176231331113	R2 B R2 D2 B2 R B R' B D' R	691709
64125371131313	R B' D2 B R' D R' B2 R' B R'	698379
26154372332213	R2 B' D2 B R' D R' B2 R' B R'	1012055
75243162211322	R2 B2 R B2 R2 B R2 D' R2 D2 B	949222
35624712331232	R B R' D B' R2 D B' R B D2	448000
25436713232321	R B' R' B' D R2 B' R2 B D' R	287310
13276542323312	R B2 R' D' R' D B2 R' D2 R B2	389566
16345271133131	R B2 R B D' R D2 R' D2 B R2	366954
32761452222212	R B D2 R' D' R2 D B D2 B D'	334376
52714361232113	R D B2 D2 R' B R' B' R D2 B'	548993
76354213312223	R B R B' R2 D B D' R B2 R	385358
46275313312211	R D R2 B' R D R2 B2 D R' B'	730585
32165741111111	R D B' D B' D B2 D2 B R' B'	1862048
63752411333213	R2 B2 R' B R D' R2 B2 R B2 R	528893
15426371112233	R B D2 R' D2 B D' B' R D' R2	389770
63125743133312	R B D2 B D' R' B D' R2 B R'	597104
16527432113333	R B R B' D2 R2 D B D B' R2	591226
76321452212231	R B R2 D2 B2 R B D' R D' B'	597941
32156472333332	R B2 R2 D2 R' D B D2 B2 R2 B'	766856
21345762313223	R B D2 R' B R D2 B2 R D' R'	840971
31265472312233	R B R2 D' B2 D R D2 R' D2 R	906215
52163471112122	R B2 R' D' R2 B2 D R B R' B2	413983
31452671323211	R B R D' B2 D B' D R B2 D2	400620
36145273333313	R B' R' D R2 D2 R D' B' D R2	509763
15724631211311	R B D B' D R' B D2 B2 D B'	540311
12734561322233	R B R2 D' R2 B D' R' D B' R2	650843
43167251232212	R B R' B R' B D' R2 B2 D' R'	557621
41263751312222	R D2 R2 D B2 D2 R2 D R2 D2 B'	834013
41237561313131	R B2 D2 B' D B' R B2 R' D2 R	986436
15624732333332	R B R' D B R2 B D' B2 R D2	214824
36527413111112	R B D2 B' R B R2 D' R' B R'	375544
16573241312312	R B D R2 D R' B' D' R2 B R	402398
54621371133311	R B D' B D2 B' D B' D R D2	509588
34517622231323	R B2 D2 R D2 R B' R' B' D2 B'	462491
32147651312222	R B D R' D2 B2 D' R' B R2 D'	347720
34521672223232	R B2 D R' B D' R2 D B' R' B	492761
61274351313131	R B D2 R B R2 D' B D2 B2 R	684209
76354121122121	R B R B2 D' R2 B D R2 D R'	254944
32456173212332	R B D B D2 R B' D2 R2 B' D	267609
34721653333313	R B' R2 B' D B D R2 D2 R B	376592
13527461211113	R B' D' B D2 R' B D R D' R2	462448
16725431131211	R B D2 R' D' B R' D2 B R B'	535820
12536741112323	R B R D2 R D' B' D' B2 D2 R	490351
12543671111111	R B' R D R' D2 R' D' B' D B2	603875
52314673311311	R2 D B' R' D' B D2 R' B D2 B'	868000
52763411333123	R B D2 R2 B2 D R D' B D' R	317530
37614522111221	R B2 R B' R D' B' D R2 D' B	325539
23176452132221	R B2 R2 B' R D' R D2 R B D2	483911
71365423331312	R B2 R2 D2 B' D2 B' D' B R' B'	519068
65732411333123	R2 B D2 R2 B2 D R D' B D' R	456898
47251632131312	R B R' B R' D' B R2 B D R'	683247
46375213112111	R D R' B D' B R2 B2 R B' D'	460242
71326543333313	R B2 R2 B R2 B2 D2 B R2 B2 D'	706555
15246372331331	R B R2 B D B2 R D2 R2 D' B'	237773
32145673311113	R B2 R D B' R D2 R' B2 D R2	372847
71432563332113	R B R2 D' B R2 D B' D' B' R	364084
32156472332132	R B D B' R B' R D2 R' D2 B	383573
76143252131312	R B D2 B2 D R B D' R2 D' B	541559
46275312313211	R B R2 B R2 B2 D2 B D2 B' D'	629242
51642731113322	R D B2 D2 R' D B' R' B R2 D'	860377
32156471111111	R B D' B D' B D2 B2 D R' B'	1683685
14763251332331	R B2 R2 B' R' D B' D R' B D2	401320
14725363211213	R B R2 D' R' D R D2 B2 R2 D'	432896
12734562313223	R B R B R D2 B D' B D2 R2	353180
47156323223123	R B2 R2 B' R' B R2 D' R B R2	335134
67354211313113	R2 B2 R' D B D' R2 B2 R B2 R	368215
21365742221312	R B R D' B2 R B R2 B' D' B'	448498
34561272212213	R D B2 R2 D2 B R D' B R' D'	759535
71435261322233	R B2 R' D R' B R' D R' B2 R2	739481
12765432121313	R B D2 B2 D' B' D2 R B2 R' D2	331631
72136541322233	R B D2 R' D2 B D' R' B D' R2	347059
54167231221211	R B2 R' D' B2 R2 D B D R' D2	387397
42136752131312	R B D R' B D' R D' R D2 B	838259
63752141111111	R D R' D B' D R2 D2 R D' R'	740024
42167532131333	R B2 D2 B' R D' R D2 R' D2 R	907760
34162752132212	R2 B D R' B D' R D' R D2 B	1102052
76342512232223	R B2 D R D2 B2 R D' R D2 R'	458089
12745633313312	R B2 R B R2 B2 D B' D B2 D'	343077
54326171321231	R B D' R2 D' R2 D R' B' D' R	323126
57214361323232	R B R' D2 B D B' D R2 D' R	336418
67312452233321	R B D2 B' D B2 R' B' R2 B R'	645295
35462171212121	R B D B2 R' B2 D B R2 B R'	509913
42573612323231	R B2 R B2 R' B2 D2 R' B2 R2 D'	484616
26317451212211	R2 B2 R' D' R' D B2 D B2 D' R2	992022
53614721212121	R B2 R B2 R2 B' R2 D B2 D2 R'	539970
65274133132223	R B2 R B2 R2 D R B D' R2 D'	319503
54326171112233	R B R' D2 R' D2 R D' B' D' R	245990
21354671221112	R B R2 D B2 D R' B D2 B D	258123
51632741323232	R B D' R2 B D R' D R2 D' R	373118
61534272311132	R B2 R' B2 R D' B R' B2 R B	478854
63541271212211	R2 B D B' R B R2 B2 D' B' R	774434
57364212213311	R D B' R' D' B2 R2 D' R B' D	847336
36745212122333	R B R D' R2 B D' B2 D B2 D2	526165
12345672321212	R B D' R2 B' R B2 R B' R' D2	293374
31475262333221	R B2 R2 D2 B' D' B D' R2 D R'	383055
56723411113313	R B D R' D2 B2 D B R2 B R2	333346
12563473131212	R B2 R' B R' B2 R D2 B' R D'	417141
53147262123131	R B R2 D' R2 D' B D R' B2 D2	595838
13267541111132	R B2 R2 D' R B' R2 B' R' D R'	634443
76541233121213	R B R2 D' R D B R2 B2 D' B	924564
72345611111111	R B' R2 B' R' D' R D2 B D' B	591463
56347211331131	R B R D' R2 B2 R D R2 D R2	353745
74165232121211	R B R' D2 B' R D2 R D' B' D2	257777
26543171123111	R B R2 B' R D' R2 B R2 B' R2	366300
54127632222212	R B' R D R' D' R D B' D B2	441098
72356141112323	R B R' D2 R B' R B R2 D2 B'	509234
41726532312233	R B2 R2 D' B R' B2 R' B' D R'	738383
74521633333313	R D R2 B' D' B2 D B R2 B R'	1091929
41325763131233	R B R B2 D2 R' B D' R' B2 D2	472791
57241631322113	R B R2 B2 D' B R2 B' D R2 D'	311975
65274131311313	R B R D' R B2 R' D2 B R' B	311313
52731641323112	R B R' B' R B' D B2 R2 D' B	296611
41752632312323	R B R2 D2 B D' B D' R2 D R'	603587
36714521232113	R D B' D2 R D' B' D' B2 D2 R	585076
13462571111111	R B D R2 D R' B' D' B2 D2 R	2164316
12365471111111	R B' R2 B' D' B' D R2 B R' D	3458787
35162473332122	R B' R B2 R D R D' R D2 R'	680737
32156471232332	R B R' D' R D2 R B' R D2 R'	311183
53762413322123	R D R' D B2 D' R D' B D B2	353498
52463713212332	R2 B R2 B' R2 D B' R2 B R B'	463178
13276541213312	R2 B D' R2 B' D R B' D R2 B2	536553
12364751113133	R B2 R' D R2 B' R D R D' B'	681420
13267451311133	R B R D2 R D' B' D' R2 B R	546110
56341273121213	R D B2 D2 B R B R' D2 R' B	598802
21364752311111	R B R2 D' B' R2 B' D' B2 R D	560881
76312542321212	R B D B' R2 D B' D2 R2 B R'	300970
14726531333312	R B R2 D' B D2 R B' D' B' D	343446
21354671122112	R B R D2 R B' R D2 R B2 D	411564
76143253331333	R B R' D2 B R2 B' D R' D2 R'	608734
47156322132311	R B D2 R' D' B R D2 B2 R2 D'	408896
13576241312213	R B2 R2 D' B D' B2 D' R' D R'	1025054
32517463131311	R D2 R D R' D B' D2 B' D R'	745616
71546233331213	R B D R' B2 R D' R D R' B2	804879
24167353132232	R D B' R2 D R' B D B' D2 B'	541727
65432173232321	R B' R2 D' B R B R2 B D' B'	486635
65417323232123	R B D' B2 D B' R B D2 R2 B2	484691
76341251111213	R B D' R D R B' R2 B R' B2	575834
31275461322233	R B' D B2 R2 D2 B D' B D' R	848091
16453271111111	R D R' B2 R B' R D R2 B2 D2	2708126
23417563232123	R B D' B2 D B' R B' D2 R2 B2	398384
12354671111111	R B' R2 D' B R' B' D R2 D B	3414813
63742511232221	R B R2 D2 B' D B' R' D2 B2 R	327523
13764251211311	R B R B' D2 R' B R' B' R B2	298097
41752631222123	R B R B2 R B2 R D' B' R D2	527620
74325613131212	R B R2 B2 R' D' B2 R D2 R' B2	883081
34617252123212	R B R B R2 D2 R' D' R2 B' D2	908012
56347213131332	R B2 R2 D B R' D2 R' D' R2 D	417382
34261573123121	R B D' R' B D' R B2 D' R' B2	338035
72543613322312	R B' D' B2 D B2 D' R D2 R D'	535054
16243571321321	R B2 D R2 D' B D' B R' D' R	259598
57236141113232	R B D' B2 D' R2 D B' R' D' R	341556
74156322313223	R B2 R B R2 B' D' B2 R B R'	402884
32751643321232	R B D B' R2 D2 B R' D' R D2	334060
16527431123333	R B2 R2 B' D' R B' D R' D B2	858197
14753261323112	R D2 R D B2 D2 B' D B2 R' B'	988591
71432561232323	R B' R B2 R' D2 B R' D' B' R	478454
65174233323212	R B2 R' D B2 R' B' D' R2 B D	448723
36145272122222	R B' R B' D2 R2 B D R' D R2	386776
16542371331221	R B2 R' D B2 R' B D R B' D'	410985
65471231132213	R B2 R B R' B R2 D' R B R'	569457
16572431111111	R B' R' D B' D2 R' D B R D2	742746
34617252132212	R B2 R' B' R B' D B2 D B' R	659693
36714522122213	R B D' B2 D' B R D R2 D2 R	1061433
74163253133213	R B2 R2 D2 R B' D2 R B R2 D2	337532
52341673232333	R B R B2 D' R D' B' R2 D B	396910
45312761133311	R B R2 B2 D B' D B' D R B	354261
32156742313223	R B2 D' B D' R D2 R D R' D2	417538
13254761323322	R B2 R B R2 B2 R' D R2 B' D'	554659
56123472322121	R B D2 B2 D B R2 B2 R' B2 D	487817
45376121131133	R2 B' R B D2 B' R B2 D' B2 D	652726
54367212211322	R D R2 D2 R B R2 B2 R' D2 B	727506
41725362313223	R D B2 R' B R B2 D2 R D' R'	893473
15763241111111	R B' R' D R2 B' D B D B' R2	2614048
57236141322233	R B R' B2 R' B2 R D' R' D' R	235553
65132473323311	R B R2 D B2 D B' R D2 R B	290939
25734162221111	R B R2 B2 R B2 D R2 D2 B R'	439117
54367212233213	R B R2 D R' D' R2 D' R2 B D'	335785
24537613231322	R D2 B R2 B' R B' D R' B' D	507790
25341673113311	R2 D R' B' D' B R2 D' B R2 B'	1036329
15724631111111	R B R D2 R2 D R B' D R' B'	2391658
76354122112121	R B D' R B R2 B R' D2 B D2	437866
13576241321321	R B R' D B R' B2 D R' B D'	305284
61234573232213	R B R D2 B D2 B R' B R2 D2	546162
36147251211131	R B' D R D2 B' D R' D R2 D'	538229
12347651133311	R B2 R B R' B D2 B' R2 D R2	581118
54127633333313	R B' D2 B' D B R D2 R2 D B	675946
12367541113331	R D2 B D2 B' D R' D R' B' R	1148424
37642152213311	R D2 R B R2 B' R' D2 B R B	852085
23165741112323	R B R2 D' B D R2 B2 D R' D'	547868
14625732112121	R B2 R' B D' B2 R2 D' R' B2 D'	438045
76245311131121	R B R' B D' R B2 R2 B R' D'	245812
23756413223312	R B R' D' R B' R2 D2 R D' R	409364
74152363133231	R B R2 B2 R' B2 D' R' B2 R' B'	414477
74123653133222	R B2 R2 B R' B R' D B' R B2	610264
51732643121213	R B D' R B' D' R D2 R D R'	851745
47156321111111	R B D R' B R' D B2 D2 B D'	510012
25716433223213	R B2 R2 B' D B' R B2 R B D2	364184
74365211121221	R B2 R' B D' R2 B2 R B' D R2	392422
12354763133111	R B R B2 D2 B' D' R2 D' R2 D2	370082
76125343333133	R B2 R B2 D' B' R B' D R' B	592796
14725361111111	R B R B' D R' D B2 D2 B D'	647859
76321453311233	R D R' B R' B R2 D2 B2 R B'	537933
72163453131212	R D R2 D2 R' B' D2 R D2 R' D2	818797
23167542131222	R B2 D' B2 R D' R' B R' B D'	820992
36751243222322	R B D B2 D B' D' R' D2 B D	314076
72541631111213	R B D2 B' D B2 D B2 D2 R' B	382347
41736521233232	R D2 B D2 B' R D' R D' B' R	326891
72543613221221	R B2 R2 B D2 R' B D2 B2 D' R'	408696
56274132331133	R B R D B2 R D' B2 R2 D' B	437232
61274532231323	R B R2 D2 B' R D B' R B2 D	520074
71462532121112	R B2 R B R2 D' B2 R D B R'	503405
76543213113131	R B2 R2 D B R2 B D' B' R2 D	325019
34721652121313	R D B2 D2 B' D' B2 R B2 R' B2	1055411
72534163211123	R B2 R D B2 D' R' B2 D B D	487795
41725631211122	R B2 R' D R' D2 B2 R' D' R2 B'	438407
12367453112222	R B2 R2 B' R2 D' R B2 R2 B' D'	407887
36152741231312	R B' D' R D2 B' R D' B' D2 B'	471541
12356743113131	R B D2 B' R2 B D' B2 D' B R2	409270
67154233323332	R B D' B R2 B2 D' R D' R' D	412315
23671452122333	R2 B' R' B R' D B2 D R' D B2	828874
23165742312323	R B' R' B R B2 R2 D2 R B' R	619192
52741633221233	R B D R2 B2 R' B' R2 D' R' D	368866
75346211211311	R D B' R D' B D2 B2 D R' D'	481176
14752363233131	R B2 R D2 R2 B R' B R2 B R2	351126
26175432331133	R B2 R D2 B' D' R B' R B' D	489421
72163452122222	R D R2 B' D B D R2 D2 B' R	677029
16345272333212	R B R2 D' B D' R2 B D B2 D2	329170
75613243131332	R D2 R' B R B R' D2 B R' B'	570805
23165471111111	R B R' D R' B R2 B2 R D' B'	506206
24715633112111	R B R D' B R' D R2 D2 R B'	304958
32761452121313	R B R' B2 D R2 D' B D' R2 D'	363520
52731641233112	R B R' D' B D' B D2 R2 B' D	310714
54723613333313	R D B2 R' D' B2 D B D2 B R'	623607
21354672311132	R D R2 B2 D B' R D' R2 D R'	623061
13276541322311	R2 B R2 B' D B R2 B2 R B D'	630492
32156472332321	R B2 R' D B2 D' R D2 B' D' R2	538839
35462172213311	R B2 D' R B' D R2 D R B' D2	714739
32175461333111	R B D R' B2 R D' B2 R B' R	378589
76315241332112	R B D B' D2 B R' B2 D B' R	290520
12637451132111	R D R' D2 R B' D B R2 D2 B2	576876
57241631323112	R B R2 B2 D' R D2 R' B R2 B'	299067
47156322332312	R B R' B R2 D' B' D B' D2 R'	358384
14726531233313	R B D2 R' B D2 R D' B' D' B	656233
12645371131121	R B' D2 R' B R B D2 B R' B'	471017
21345671111111	R B' D2 R' B R' B' R D2 R B	991496
14625733133111	R B D B' R D2 R' B2 D B' R	415260
51623471321111	R B R2 B' R B' D' B2 R B' R	320919
34625172111212	R B' R B2 R D' R B' D2 B R'	502776
56132473211111	R B D' B' D' R2 B2 D' R D' B	516997
12745633323311	R B2 R D B2 D2 R B' D R2 D'	400857
41725633111133	R B D R' D B2 D' B2 R B' R	523196
61572432312323	R B R2 B' D B2 R' B' D2 B R'	620597
26543171111111	R B R' B2 R D' R D R2 B2 D2	637440
54317261113112	R B D2 B' R D' R' B2 D B' R	370764
36745212123323	R B2 D' R' D B' R B2 D' R B'	299674
23147652312323	R B2 R B D2 R2 D' R' B2 R D'	416697
36125471111333	R B D' B D' B2 D' B D R B2	385499
63714252123131	R B2 R' B2 R B' R D' B2 D B	462360
65417321232113	R B D R2 B2 D R D2 B2 R' B'	600557
12345672123212	R B R' B2 D' R B2 R D' R' D2	587463
16347252131312	R D R2 B' D R B D2 B2 R' B	693112
12365473232312	R B D B D2 R D2 R B' R2 D2	362105
62475131322323	R B R' D B2 R' B2 R' D B' D'	412515
16453272111131	R B D' R B R' D R' D2 R2 B	327548
34721652222212	R B' D R D' R' D R B' D B2	458399
46125731333123	R B D R' D B D2 R' D R B2	325123
36721452223232	R B D2 R' D' R D' R2 B D R	458748
31475262331313	R D2 R2 B2 D' B' R D' R2 D R'	454545
74165231121212	R B D2 B D B' D B' R' B2 R2	726820
15627431322113	R D2 R B R2 B2 R' D B2 R' D'	320242
35426713312211	R B2 D' R D' R D2 R B R' D2	440567
56743212122222	R B2 R2 D' B R' B' D R2 B' D'	629459
35174262213131	R B' D B2 D' R D2 B' R2 B R2	595356
16527341111111	R B D R2 D B2 D R B R2 D2	621666
67215343333133	R B R2 B D2 B' D R' D' B2 R2	705905
72345611222222	R B R' B2 R' D' B2 D B' D2 B2	601719
36714522121322	R D B' D2 B' D R D R2 D2 R	827470
14263751131121	R B' R D B2 R' D B' D B' R2	345896
23475162121112	R B R2 B R2 B' D R' B' D2 R2	633904
67321451311133	R B D' B' R D' R B2 D' R' D2	495442
76341251111312	R D B' R D R D' B2 D R' B2	503850
24715631111111	R B D B2 D2 B R D' B D' B'	514836
24751362221231	R2 B R2 D2 B' R' B D' B R2 B	568469
12376451113133	R B2 D B2 D' B R' D B' D' R	852941
54367212231122	R B D2 B2 D B D2 B2 D' R2 B	795131
15672341323112	R B2 R B D2 B2 D' B R2 D' B'	319509
52763143222331	R2 B' D B D2 B' R D2 B' D2 B	536894
35462173123211	R B D2 B R2 B R' D' R D2 R	308185
76145233133213	R B D2 B' D' B2 D' R D B2 R2	480130
72543613223312	R B' R' B2 R D2 R' B D2 B D'	423611
52714633223123	R B2 D2 R2 B D R' D2 B R' B	470954
75246313312211	R B2 R D R2 D' R' B2 D B R'	590564
14523672121313	R B D2 B2 D' B' D2 R B2 R' B2	789219
13275463213211	R B2 R2 D2 B' R' D R' D2 R B'	374839
54761233322321	R B D' B2 R2 D' B D' B' D R2	308099
46372511221331	R B2 R' B D' R' B R' D2 R D2	299736
14725361111123	R B D R2 D2 R D B' D R' D'	418518
36241573212332	R B R2 B2 D B' D' B R2 D B	467310
71426353312211	R B2 R D R2 D' R' B2 D B R	696065
36521472113321	R B D2 R B2 D' B' R' D2 R' B'	670213
63725142223133	R D R' B2 D2 B R B R' D2 B	941366
32465173123121	R B2 R D' R2 D' B2 R B2 R' D	324712
54327612223232	R B2 R' B D R B' R B' D2 R	550229
56423171321321	R B2 D R2 D' B D' B R' D' R'	408695
54371261113331	R B R2 B2 D B' D2 R D R2 B2	470186
56723412323222	R B D R2 B' R B' R' B2 D R	610725
31246753312211	R D2 R D R2 D' B' R2 D B R	713789
15724632313223	R B D' R' B2 D' B' R D2 B' D'	567109
67345122223133	R D B' R2 D2 R D B R' B2 D	754568
26453711333333	R B2 R2 B R' D2 B R2 B D2 B2	302117
21376541131133	R B D R' D R B2 R2 D' R' B	480650
52743611111312	R D B D' R2 D R' D B' D2 R	483221
21354761133311	R B2 R2 B' R B' R2 D B' R' D2	544867
34725613111112	R B2 R2 D2 B' D R' D R2 D' B	389741
23175463211222	R B R' D2 B2 D B' D2 B' R2 B2	470363
62135473322321	R B2 D2 R' D' B R' D2 B D' R2	391431
41765322313211	R2 D2 R B' R B R2 D' B D B2	1595455
56123473133231	R B R D2 B2 D' R' B2 D' B' R	375491
64275133312211	R B D2 R' B D B2 R2 D R' B'	378002
41752632311123	R B2 R' B' R D2 B' R' B' R D2	611583
21347562312323	R2 D2 R B' D B R2 D' R B R2	783870
21354672311123	R B' D2 R D2 R' D B' D2 B' D	695309
37615422313121	R B R B' D2 R' B R' B D' B'	648425
73615243123313	R B2 R2 B' D R2 B' D2 B R2 D'	711169
32147652233213	R D B2 R2 D2 B R B' D R' D'	858626
73615241112323	R B' R B2 D2 R2 B R' B R' D	601196
13725642332132	R D B2 R' D2 R' B R' D2 B2 D	390665
65123471233232	R B R' B D R2 D R' D' B' D2	268801
14735621323112	R D R2 B' R D' B R D R' B2	663434
17425631322113	R D R2 B' R B' D R D R' D2	287191
32567413133333	R B' D B' D2 R2 B D B' R B2	433750
16347253121312	R B' D2 B' R B R D2 R2 D B	475295
32147562333233	R2 B R' B' D R D' R D2 R' B	1003273
42165373223123	R B R2 D' R2 D' B D' R2 B2 R	254617
42137561123333	R B2 R2 B R2 B2 D2 B' D2 B2 R	374733
76321453313312	R B' R' D2 R B2 R' D R2 D R'	671169
52741632122333	R B R2 B2 R D B2 D2 B' D2 R	636823
76143253333313	R D' R2 B R D2 R' D' R2 D' B'	627039
54723612222212	R B' R2 B' D' B2 D B R2 D' R'	921896
54723612131312	R D2 R' D2 B R D2 R2 D' R' D2	836935
13754262123323	R2 B' D' R B' D R2 D R' D R2	746433
73125463133132	R B R' B2 D B' R B D' B2 D'	420070
34721652131213	R B' R B R' D' B D B' D R2	457564
67231543323122	R D' R2 B D' B D' R' D' R D2	516255
76541232221222	R B R2 B2 R' D' R2 B D2 B' D2	605684
76143253131212	R B2 R D' R B2 R' D2 B D' B'	784514
32567412131312	R B' D R' B2 D2 R D R' D B2	599868
35167242132212	R B R2 B R D' B2 D' R' B2 D2	936665
32567412222212	R D' R2 D' R B R B2 R2 B R	1071688
76123453233323	R B D R' B2 D R' B R' B R2	374307
75231463211123	R D B2 D' R B' D B2 D' R2 D	502022
15627431223113	R B R' D' R' D' R2 B R' D2 R	366105
37651242211133	R D R2 D' B R' B R2 B' R2 B	566534
36147251131211	R B2 D2 R' B R B2 R2 D B D	687471
67231541323112	R D' B2 R D' B R' B' D' R B2	880562
47132652233321	R B2 R' D2 R B' D B' D2 B R	805265
15273641112323	R B2 R' B2 D2 R' B D R' B2 R	1567692
34617522221333	R B2 R' D B' R' B R' B2 R B2	472235
54367213112222	R B' D R' D2 R B2 R' D2 R D'	473586
14753261333111	R B R2 D' R' D' R' B R' D2 R	458724
25734613113323	R D2 R B D2 B D' B' D2 R2 B'	665143
13275461112233	R B2 R' B2 D2 R' D B R' B2 R	639418
21375462312233	R B R D2 R D' B' D R' D2 R'	564017
56174321232113	R D R2 D2 B' D R' D' B D2 R'	1074059
76145231121113	R B R2 B2 R' D B2 R' D' B2 R	471051
54321761211221	R B R B' D B' D2 R' D R2 B'	298821
14736521221313	R B2 D' R D2 R2 D' B D2 R' D2	293729
76315241112113	R B' R D2 R' D R' B R2 D2 B2	351089
42651372213311	R B R2 B2 D2 R' D' R D' B D2	412725
45612372331121	R B2 R' B R2 B' D R2 B' R' B2	317108
54612371112311	R2 B R2 B2 D2 R' D' R D' B D2	735442
13245671321111	R D R' B D2 R D' R' B' D2 B'	743152
16534271111111	R B' R2 D' B D B R2 B R' D	985672
12375641113112	R D R' B2 R' D' R' D B2 R D'	302723
14763251333123	R B D2 R2 B2 D R D' B D' R'	313419
34651272332132	R B2 R' D R2 D B2 D2 R' D R'	249598
56723412122312	R B R2 D2 R D B2 D R D2 R'	404111
75246313212311	R B D' R D2 B' D' B D' R2 D2	285361
53274163211222	R B2 R B2 R2 B R2 D' R2 D2 B	569796
41735262312233	R B2 D' B2 D' B R' D2 B2 R' B	684152
64275132232133	R D R B2 R2 B D R B' D2 B'	963469
72543613133222	R B R' D B' D R2 B2 D2 R B'	392286
16723451322311	R B D' R2 B2 D' B R' D' R D2	405534
45623713322321	R B R' B D' R' B' R B2 D R'	257535
13254762321233	R D B2 D' R' B2 D B' D R B'	410569
41735621233232	R B R B' R B2 D' B2 D R B2	300952
76324151112323	R B2 R B D' R2 B2 D R2 D' B'	664312
24351673311311	R2 B D2 B' R2 D R' D2 R B D'	900136
12576343212221	R B2 R' B R' D R2 D2 B2 R' D'	456863
73645121113211	R B D2 R' B' D2 B' D' R2 B D	391771
12543672322232	R B D R' D2 R D' B D' R2 B'	328887
73651241113322	R B2 R' D2 B2 R' D R D' B2 D	343524
75261432123233	R B' R2 D B2 D' R' B2 D2 R B'	563834
12467351131121	R B' D2 R' B R B D2 B R' B	469177
65274131111111	R B' R D' B2 D B2 R' D B D	628184
17426531132312	R B2 D' B R2 B2 R' B D2 R' B2	604531
31265472233321	R2 B R' D2 B' D R D' R D2 B2	964709
75321463132121	R B2 R' B D2 B D2 B2 R' D R'	436189
73146522113231	R B D B D2 B D B2 D2 R' D'	476934
62435172311132	R D B R2 B2 R D R D' B2 D'	606769
16527431333213	R B R2 D2 B2 R B R' B D' R'	727907
32156742311123	R B R D B2 R' B R' D' B2 D2	671611
51726433123313	R B D2 B2 D' R B2 D' R2 D B	674274
34725612231212	R B2 D2 B R D2 R D R2 D' B	1176109
16723451122133	R B R' D2 B2 R' D B' D' R B2	1226053
61472533112111	R B R B2 D2 R B' R' D R2 B2	373628
51423671221331	R B D2 B2 R D' B2 R B R2 D2	332237
64257131113223	R B D B2 R2 D' B R' B' D2 R2	466815
47132563222331	R2 B D' R' D R D' B R2 B' D	550341
72516342313223	R B2 R B R2 B' D' B2 R B R	675438
14752633223123	R B2 D2 R2 B' R B' R D2 B' D	552585
37641252222323	R B2 D2 R B2 R B' D' R' D2 R'	678010
62435172211133	R D R' D2 B2 D R B D' R2 B	886956
67412531131133	R B D2 B2 R B' R' B D2 R D	384191
41765323122212	R B D' R B2 D' R2 D' B D' B'	534750
67345211311133	R B2 R B' R2 B' R2 D B2 D' B	488894
14765231112131	R B2 R2 D2 B' R B' R D2 R' D	548647
34516722313223	R D2 R D B2 D' B' D2 R B R	725580
14763523222331	R B R B' R D B2 D2 R' B' D	442960
56741231211131	R D B R' D2 R D' R B' D2 R	561036
64275132211133	R D B' D2 R2 D B R B' R2 D	740876
54376211113133	R B2 D B2 D' B R' D B' D' R'	445660
24615732111323	R D2 B' D2 B D2 R' B D2 B2 D'	528956
72541633121111	R D R D' R2 D B' D B' D2 R	483890
56123473133132	R B' R D' R2 D B2 D' B2 D R'	557307
75264132223331	R B R B D2 R' B R' B' R2 B2	496127
14527631121311	R B2 R2 D2 B' R D' R D2 R' B	559480
35462172223331	R B D R B2 D' R B' D' R2 D2	581821
32147652332213	R D R2 B2 D2 R D B' D B' D'	970651
14275633323122	R D R2 B' D2 B' R D' B2 R2 B	343257
24615732233321	R B' R' D B R2 B2 D2 B R' D	637371
42615372313211	R B D2 B D2 B2 R2 B D2 B' D'	535833
71435262222122	R B R D' B2 R' B R' D R' D'	618997
14735621233112	R D B2 R' B R' D R B R' D2	623051
17425631323112	R D B2 R' B D' B D B R' B2	604606
76541232131213	R D' B2 D' R B D R2 D2 R B	636074
34721652221222	R D B2 D2 B' D' R2 B R2 B' R2	682686
32761452122222	R B2 R' B2 D B R2 B2 R' B' D2	434740
26345711223113	R B R2 D' R2 D' R D' R2 B2 R	284250
42651733311122	R B' R B2 D' R D R' D B2 D2	633826
76321452213122	R B D B' D2 R2 D R B R' B2	443161
74521633121213	R D2 R' B2 D R B2 R2 B' R' D2	502821
25741361232113	R B' R D2 B' R D R' B D2 B2	678317
56341273131212	R B' R2 D2 R B D R' B2 D B	752466
74521632222212	R B' D2 R B D2 B' D' B2 D' R'	1088940
52361472131312	R B2 R2 D' R D' B' R D2 B' D'	430909
56741233111112	R B2 R2 D2 B D' B R' D2 R D	447576
43617521223221	R D B' D2 R D' R B D' R2 D'	451589
54127632131213	R B' D B R' D' R B R' D R2	652127
76541233331333	R B D2 B2 D' B' R2 D B2 D' B2	713790
76215433333133	R B R' D2 B D' B R B' R2 B'	587630
34561272122123	R B D R' B2 D2 B D B R' D2	382616
54127633133333	R D B2 R' D B D B2 D2 R' B	1318845
67312541121221	R B D R' B2 R' B R2 D R' B	318145
72541631112131	R B2 R2 D2 B R' B R' D2 R B	437016
13254763323122	R D R' B' D' B' R2 D R' D2 R	406544
63452711311313	R B2 D2 R2 B R B' R2 D B' R	311654
56347212111311	R B' D' B R2 B R D' B' D2 R	579753
27534612311132	R B D2 B' R B2 D' R' B2 R B'	924443
53462711113322	R D R2 D2 B' R D' R' B D2 R'	869015
31264752313121	R B2 R B' D B' D' R2 D' B2 R2	804072
17324561232332	R B R D B2 D B R2 B2 D' B'	381725
76342511111321	R B' D B2 D' B2 R B' D' R' D	367050
25736411231321	R B2 R' D' B R2 D' B' R' D B2	435927
74156323132331	R B R' D2 B' D B R D2 R2 D	350081
31627452221333	R B' R' B R' D B2 D R' D B2	514497
36125472121223	R B R' B' R D' R' B R2 D' B2	650301
67345122232133	R D R D2 R2 D R D B' R2 B'	861801
16543721111111	R B D R2 D R' B' D R' B2 D	915004
51324671211122	R B R' B' D B' R B2 D2 R' D'	559295
76351421112323	R B' R2 B D' R B2 D' B2 D R2	715462
71426533333223	R B2 R' D B' D B2 D2 R2 B' D'	585370
14527632122213	R B2 D2 B D R2 D R D2 R' B	417047
36125471213111	R B R2 B2 R' D R2 B' D' B2 R	549056
51324673113311	R2 B R2 B' D2 R B' D2 B R D'	702012
47216352131333	R D B2 D2 B' R B2 D' B2 D R	678217
32175461111111	R B' R B2 R' D B' D R2 B2 D2	1766616
17362451211311	R B R D2 R D' B' D R' D2 B	385026
35472163231322	R B2 R' B D2 R' B D B D' R'	313998
52641733232321	R B2 R D R' D2 R B R2 B2 D'	488648
47156231332313	R B' D' R D2 R D' B' D B2 D2	540430
63725142123131	R D B D2 B2 D B R D' R2 D'	609846
15746321323211	R B D R B2 R D R2 D2 B' D'	569978
47156233211132	R B' R2 D R2 D' R B' D2 B' R	637655
36417522123311	R B R' B2 D' R B D' B2 R2 D2	721992
13765422121211	R B D B2 D R D B2 R' D R	421786
14356721112323	R B D B2 D B' D' R' B2 R2 D	514667
71452632222131	R D R' B R' D R' D2 R B2 D'	621471
14762351321231	R B' D' R2 B D' B' D B' R2 B'	494183
17453262211133	R B R2 B' R D' B R2 B' R2 B	394972
16537421113322	R B2 R D' B2 R D B R2 D' R2	600305
65147321232113	R B' D R2 B' R B D' R D2 R2	964668
17642531111111	R B R B2 R D' B' R' D2 R2 B	660615
26714532121133	R B2 D R2 D R D2 B' D R' B2	536008
42163751121212	R B' R2 D' R' B R D' B2 D R	450224
16524731112233	R B' R' B2 D B' D' R D' R2 D'	404106
23164753333313	R B R D2 R2 B' R B' R2 D2 B'	470019
76213543213133	R B2 D R2 D B R2 D' B R' D2	553823
17463251321231	R B2 R D' R2 B D R D2 B' R2	831906
23147562123131	R D R D2 R D B2 D' B' D2 R	972881
47123562232133	R D B D2 R' B' R2 B R D2 R	1019598
71546322231212	R B R' B R' D B2 D R' D B'	375821
56432713122122	R B2 R' D B' R2 D' R B' R2 B2	537323
16345272322232	R B2 D2 R2 D' B' D R' D2 R D	352295
54167231121113	R B R2 B' R D' B R2 D2 B2 D'	466692
52163471312111	R B R B2 D2 B D B' R2 D2 B'	559238
26135742132221	R B' D2 B' D' B2 D' R D B2 R2	413504
74365213111211	R B D2 B2 R B R' B D2 B R2	500178
27435612122222	R B R D2 B2 R D' B D' B D'	1228713
43126572133313	R B R2 B' R2 B' R D B' R D2	368783
34527612331322	R B2 R2 B D R' D R' D R' D2	448937
52763413222112	R2 B D' B' D B' R2 D2 R B' R	474357
46572311223122	R B' D B' R2 B' R' B' D R2 B	409631
23517462131333	R B' R B' D' B D2 B R D' B	543271
62157342132212	R B R2 B R D' B2 D' R' B2 D	447264
12367451213333	R B2 R2 B' R B' D R' D B D2	409708
16543271331332	R B2 R2 B' D B' D R' B D B2	605656
74365211313113	R B2 R' D B D' R2 B2 R B2 R	222925
45637123132121	R B2 D' R' D' B2 R B' R2 B' D2	373516
36541272323222	R B R B' D2 B R2 B D R' B'	362342
32765411133113	R B2 R' B R D' R2 B2 R B2 R	357761
52147632111113	R B2 R' B R B D' R D' R2 B	503179
57164322131312	R B R' B2 R D R2 D R' B' D	1232346
54723613121312	R D B2 R' D' R2 D R B2 R D'	1249048
46123573232123	R D' B2 R D' R D' B' R' D R2	1099356
32741651131211	R B2 R' D R B R' D R' D2 B	442725
32761453133333	R B D2 B2 D R D R' B2 R' B	425421
47135622132332	R B D2 B' D B2 R2 D B' D R2	448770
12347653132322	R B R D B2 R2 D2 R D2 R' B	389757
72563411112131	R D2 R' D R D B' D B' R2 D	509580
14723653232222	R B D R2 B' D' R D' R D2 B	314379
47265312131312	R B D B2 D' B' R2 D B' R' D'	478966
71523463231313	R B2 R2 D' B D' B' D R B' D	633445
16243571231231	R B' R B R' B D' R2 B R B2	375159
62147353132121	R B R B2 D' R B' D B' R' D2	318092
76324153323122	R B2 R' B' D' R' D2 B R2 B' D2	375896
71543622111131	R B R D2 B2 D' R' B2 R' D2 R	367442
71423653213232	R B' R' D' R B2 D' B R2 B' D	313547
27415363131113	R B R' B D' R' B R B D2 B2	474636
74521633121312	R D R2 B' D' R2 D B R2 B D'	697246
54723612221222	R B2 R' D B' R2 B R2 D' R D'	543669
56327411211332	R B R' B' D B R2 D2 B2 R D	253974
34261572132131	R B R B' R D' B R2 B' D2 R'	375793
32745611223332	R B R2 D B2 R' D' R' B2 R' D'	518908
61472532123332	R B D R' D R' B D2 B' D2 R'	374539
67321452111122	R B R D' R D' B D2 B' D2 R'	493553
27416533321232	R B' D B R' B R' B2 D R D2	508861
54326171111231	R2 B R B' D2 B D' B R B2 D2	600562
12376451111222	R B' D R D' B D' R2 B R D2	795731
25736411321312	R B R D2 R B2 R D' R' D B2	243301
57236141323232	R2 B D R' B2 R D' B R D2 B2	546634
45673212212132	R B R' D2 B2 D' R' D B' R B'	295153
45376213333322	R B D R' B2 R' D R D B2 D2	538927
21345763332233	R B D2 R2 B' D' R B' D R2 D	594382
35426712311312	R B R2 B D2 B D' R' B R2 B	438185
31275462311213	R B D2 B D' B2 D B2 D' B D'	555361
45673213211222	R B D2 R2 B' D B' D' B2 R2 D	856731
76253141123132	R B D R' B2 R D' B R D2 B2	338946
75246313332332	R B2 R2 D R' D B' R2 B R2 D2	364351
71435263333223	R B2 R2 B' D R2 B' D2 B D2 R'	442022
74256311321222	R2 B R2 D2 B' D' R D' R D2 R	760722
71453262222221	R B2 R' D B D R' D2 B D' B'	651450
34627512232313	R B D B2 R D2 R B' R B2 D2	532835
41725361321213	R D B2 R2 D' R' D R' B R2 B	553081
74256313111232	R2 D R2 B2 D' B' D B' R D2 R	744464
71326453132121	R B2 R' B2 R' B R' B2 D2 B' D	351934
15643273223111	R B R B2 R D' B' R' B2 D R	395313
17452363322132	R B R2 D' R' D' R B2 R B R	281631
72365413131212	R B R2 D2 R' B' D' B D2 R' D	378359
46352172113231	R B R B' D2 B D' B R B2 D2	394547
26415732121223	R B R2 D' B D2 B' D' R2 B2 D	454791
67254313311113	R B R' D R2 D' B D' R B D2	556105
36547212122222	R D R2 D2 R D R B' R2 B' R	1145890
14736521322233	R B R' D2 B D' R' B' R2 B2 D	375421
61453723111121	R B D B2 R2 D B R2 D2 B' D'	393585
53476121323322	R D R2 D2 B' R B2 R' D B2 D'	387775
72163453331333	R D R2 D2 R' B' R2 D R2 D' R2	490128
42367153211123	R B R2 B' D B' R2 D R2 D' R2	597852
35476122221111	R B R' D B2 R' B R' B2 D2 R	635887
36514272212111	R2 B R D' R D B2 D2 R' D' R	772255
36145272131312	R B D2 R' D B R B2 R2 D' B	975108
17426531112233	R B D' R2 B D' B' D' R2 D2 B	362909
62435711222222	R B R' D R' B R2 B2 R D R	443524
34516272312332	R D2 R' B2 R' B D' R2 B2 R' B	445981
52167432121313	R B2 R' D R' B2 R B2 D' R D'	363454
17326452212111	R2 B2 R' B' R' D R2 D R2 D' R2	510503
24153672321233	R B R B2 R2 D' B R2 B' D2 B2	433250
16745232122222	R B R2 B2 R B D B' D2 B' R	525012
26437512122312	R B2 D' R2 B D' B' R D' R D'	820655
12376541322233	R B D' B2 R D' B' R' D2 R2 B	401149
52673413232123	R B R2 D' R2 D' R D R' D2 B2	317724
12765433331333	R B D2 B2 D' B' R2 D B2 D' R2	373966
13246571112233	R B R' B2 D B' D' R' B2 R2 D	572108
53476121323112	R D R2 D2 B' D B2 D' B R2 B'	425440
15367423211123	R B D' B R B' D R' B2 R2 D	642377
56743213121213	R D B2 R' D R D B2 D2 R' B	715858
34165271311133	R B2 R B2 R2 D' B D R' D2 R	530371
52341673232213	R B2 R B D2 B' R2 B R' B' D2	269919
64321572111131	R D2 B' R B R D2 R D' B' D	329434
46153273131131	R D' R2 B2 R' D2 B D2 B2 D B'	447024
46523711331332	R B R2 B' D B' D R' B D B2	316749
75346213112132	R B R' B2 R D R' B D' R D2	322146
65271341332331	R B R2 D2 B R' B D' B R' B'	409799
14735621333222	R B R2 B D2 R B D' B D' B'	387041
27456133132223	R B R' B' D B R2 D2 B2 D' B	484727
56423173133111	R B2 D2 R2 B R D' R2 B R' B	423749
54231671123111	R B2 D' R B D R2 D R' B' D	416641
27154632311132	R B R' D R2 D R D B R2 D2	371884
32165741233223	R B2 R B2 D2 R' B D' B2 R2 D2	373742
45621373211111	R D R' B D R2 D B2 R2 D B	499278
16374523211123	R B R' B' R2 D' R' D R2 B' R2	566015
32475161232323	R B R2 D2 B R2 B R D' B R	515367
43216573132223	R B R' B' R B' D B2 R' D' B2	602628
34165273311131	R B R D2 B' D' R B' D R2 B	254243
13276541321123	R B' D2 R B R2 B D2 B R' D2	452332
52341672232313	R B2 R D R2 D' R2 D R' B' D2	550975
72531463321232	R B' R2 D B2 D' R2 D' B' D B2	647732
36712542121211	R B' R B2 R2 D' R B' R' D R	722128
24351671212211	R D B' R' D' B D2 R' B D2 B'	594884
71435263333133	R B2 R2 B' R D2 B' D2 B R2 D'	728690
41352671212121	R B R' D B2 D2 R' D B' R' B	723402
36712542121121	R B R2 B R B2 D B2 D2 B' D'	521752
51624733323113	R B' D' B D2 R' D B' D' R2 D'	535076
73624513332131	R D2 B' D2 R D' R D' B D' B	454702
72561433221233	R B D R2 B2 R' D B' D' R2 B	378530
41725363121222	R B D' R D' R B2 D B' R' B'	650682
43721653231313	R B R2 D B R2 D' R B2 R2 D	508708
51426731111111	R B D R2 D R' B' D R' B2 R2	671654
34275161312213	R B R B2 R D' B' R B' R2 B'	939909
62531472321233	R B D' B D R2 D2 B' D' R D2	597679
54321672212213	R B D' B R' B R B2 D2 R2 B	802818
75346211133122	R B2 R B2 D2 R' D B' D2 R2 B2	479987
15426371111111	R B D R2 D R' B' D R' D2 B2	673004
32146752232223	R D R2 B' R B2 R' B D' R' B'	891833
51472633331312	R B R2 D2 B D2 B R D' R B'	1151392
32174561112323	R B2 R' D' B R2 D' B' R B' R2	1551138
51342763312223	R' B R' D R B2 D' R D R2 D'	3592577
41352671222111	R B D' R' D B' R2 D2 R D' B	475436
51472361131313	R B2 R B R' B D' R2 D' B D'	437409
23165473233221	R D R' D2 R B D' B D' R B2	444408
54321672212231	R B R2 D2 B2 R B D' R D' B	601221
43751623123313	R B R2 B' R2 D2 B D B' D B'	1048364
72561433321133	R B2 R2 B D' R B' D R' D B2	609446
12354761112323	R2 B R' D R B2 D' R D R2 D'	2966014
54367123311113	R B D2 B2 R B' R B' R D R	415427
24765313222112	R B D' R B' D R2 D R' D R2	464811
14352672212111	R B R2 B' D2 R B' D2 B R D'	473826
52376413222223	R B R' D' R B D2 R2 B2 R' B	311904
35127462331331	R B' R D' B2 R D' B D R2 D	384299
56243173133111	R B' R2 B D2 B2 D R2 B D2 B'	505157
63471522323132	R D2 B' R B' R' B D2 B D B	527099
57321641311112	R B2 D' R B' D' R D2 R B D	251421
42615372221213	R B2 D' B2 D R2 B' R B2 R2 B'	791613
52314761322122	R B2 R2 B D2 B' D2 R D' R2 D2	298247
63754213122122	R B R' B D' B2 D B D2 R' D	442179
76514321232113	R B D' R' D R2 D B' R B2 R2	576306
41725362221213	R B2 D' R2 D B2 R' D B2 D2 B'	733084
75462132123212	R B' R D2 R2 B' D B' D' B R	717383
36712542121112	R B R' D2 B2 D B R D' R' B	720422
21734652123131	R B R D R D2 R D' B R2 D2	350262
14736253222223	R B R' D' B D' B D2 R' D' B2	367739
51324761111123	R B R' D R B2 D2 R' D2 R D	393352
26153473131131	R B D2 B2 R D' B D' R B R	605526
73654122221111	R B R2 B R' B R' D' B2 R B'	422085
72561433321223	R B2 R2 B' D2 R' D R2 D2 R' D'	645197
51324672212111	R D R' B' D' B R2 D' B R2 B'	750732
73654211111132	R B R2 B' R2 D2 B D B' D R	504578
36712542122111	R B D' R B' R2 D R' D R D2	462206
36741253233131	R B2 R2 B R' D B' D R' B D2	419028
41352671212112	R B R' B' D B' D2 R2 D R' B	531391
13276541133122	R B' R2 D B D2 B R2 B R' B2	414624
54172633132313	R B D2 R B D2 R' B R2 B2 D	432825
63712542221111	R B R' B D B2 D2 R' B' R D2	475959
35416723232213	R D R' D' B' D' R2 B D' B2 D	509329
54321672232211	R B R' D B' R D B2 R2 D2 B	593184
74325163131323	R B R D' B2 D B' R B D' B2	495994
17425631323223	R B D2 R' D R' D B D2 R D'	515270
35462171332331	R B2 R' B R' B' R B D2 B D2	478857
45312671222312	R B R' D2 R B' D2 R D R B2	437707
41325671212211	R B D2 B' R2 D R' D2 R B D'	607162
45367213111133	R B2 D2 R2 B D B' R2 D R' D	785092
63542713121333	R B' R B2 R D' R B' R' D2 B2	985323
72561433311233	R D2 R2 D R' D R' B R' D B2	929813
41726352313322	R B R2 D2 B R' B' R' D2 R2 B'	593034
76354121121212	R B2 R' B R2 B D R' B' D B2	270008
76312542322121	R B2 D B2 D R' D B2 D B R	321945
75264132321212	R B' R B' R2 B D2 R D' R2 D	313144
76341251311313	R B2 R B2 R2 D' R D R' B2 R	425041
43615272113321	R B R2 B' D2 R2 B R B' R D2	566636
45312673222112	R B R' D2 B' R2 B R' B2 D B'	286014
71643523331213	R B D2 B' D2 B' R D R' B D2	1304146
36745213133111	R B2 R D2 R2 B' R B R' D2 R	430703
36745213131131	R B R B2 D' B' R B' R B2 D	260086
32561473222223	R B R B' D2 B R' D' B2 D2 R2	258561
75264132121232	R B2 R' D R' B' R D B2 D B2	383876
41367253111133	R B' R2 B R2 B2 R B2 D B2 D'	549000
72146352232223	R B R2 B' R2 B R' D R B' D2	445238
76354122111212	R B' R D' R2 D R2 B D' R2 D	459137
75416323232213	R B R2 B' D2 B D' B R B' D2	559850
14367523311113	R D' R' B' R B' R' D2 R' D' B	790467
31275462223211	R B R2 B D' R2 D R2 D' B D'	375232
37615423121132	R B2 R2 B' D B2 R' D2 R D2 B'	416995
67312542221111	R B' R' D2 R B' R2 D R2 D' R2	361028
64275131212223	R B D2 R2 B' R' D B' D R2 D	691310
31275462312212	R B D2 B R' D2 R B2 R' B D'	767996
35267141321132	R' B D R' B2 R D' B R D2 B2	775576
32145671111111	R2 B' R B' D' B D2 B D R D'	2333885
12347651111111	R2 B' R B D B2 D B' D' R D'	4155843
35246171113322	R B R' B D2 B2 D B R2 B D'	410523
25413672323111	R' B R D' B2 D B' D R B2 D2	768494
45321671212211	R B D' B' D' R D2 B' D R2 D'	636767
43621752213323	R B2 R B2 R2 B R2 D R2 D2 B2	464800
25364172311231	R' B R B' D2 B D' B R B2 D2	761826
75314621313212	R' B D B' D2 B R' B R B2 D2	799103
23576412233321	R B D B' R' B D2 B D2 R' B2	344006
23576412312323	R B R B' R' D B2 D B2 R' B2	332577
54312672212111	R B R' D' R' D R2 B' D B2 D'	306596
35246172213311	R B2 R' D B2 D' R D2 B' D' R	454453
51267342312233	R B' D B2 D B' R D' R' B2 D2	698953
31654272313322	R B' R B2 R D' R B' D2 B R2	534218
62571432321233	R B' D' B2 D B' R2 D B2 D' R2	682087
16254733312223	R D R2 B' D' R2 D' B R B2 R	828862
37624152311213	R B2 D' B2 R D' R B' R B' D	872198
52374161112323	R B R D2 R D' B' D R' D2 R2	500824
51342672212111	R B' D R B2 R' B R2 D' B2 D	605915
12734561112323	R B R D2 R D' B' D R' B2 D2	497105
73642511111111	R B2 R' D' R D2 B' D' R D' R2	522220
73614251112323	R B D B2 D B' D' R D' R2 D'	440393
15642371111111	R2 D R' B D B2 R' D B D2 B'	822975
73624513121132	R D2 B' D2 R D' B R' B R' D	971134
41625372313211	R' D R' B D B2 R' D B D2 B'	1030850
42351671212211	R B' R D B2 D' R B2 D' R2 D	334067
34175263321232	R B2 R' B D2 R' B D B D' R2	316669
51624731312123	R B2 R2 B R2 B' R2 D B' R2 B2	497335
37612542221111	R B2 D2 R B2 R B' D' R' D2 R2	597268
72134562312212	R B2 D' R2 B D' R B' D B' D	579343
27615432113321	R D R2 B2 D R2 D R B' R B2	749200
21346752313322	R D R2 B2 D R' D' R' B2 R2 D'	753501
76543211111111	R2 D' R B R B2 R D' B' R B'	942768
35271461322233	R B R2 D2 B2 D' B' R' B R2 D'	432115
24615372213311	R2 D R' B D R2 D B2 R2 D B	653204
25341762313223	R2 B R' D R B2 D2 R' D2 R D	544615
41532672313211	R2 B' R D R' D2 R' D' B' D B2	803971
47352612313211	R2 B' R2 B' R' D' R D2 B D' B	788775
16345271111111	R2 D' R B' R' D R2 D B D B'	946327
63172452313211	R2 B' R B R' D2 R' D' R' B D2	2174289
61352472313211	R2 B' R2 B' D' B' D R2 B R' D	4108573
73615421113322	R B D2 R2 B2 R' D' B' R D2 B'	432337
25714632313211	B R2 B' D' B D2 R' B' D R' B2	1517990
45312672313211	B R2 B' R' D R2 B' D' B R' D2	1516044
52341671111111	B R' B2 R' D' B' R D2 B R' D	1511470
12745631111111	B R' B R B' D2 B' R' B' R D2	1503844
41752632313211	B2 R B' R D R2 B' R B D2 B'	1772107
21354672313211	B2 R B' D R D2 B' R D R2 D'	1757452
14325671111111	B2 R' B R D B2 D R' B' R D'	1780729
54721631111111	B2 R' B R' D' B R2 B R B D'	1789076
