54317621111222	R B D R' D2 B2 R D' R' B D2	276148
17452633213232	R B D' B2 R2 B D' B2 D' B2 D2	309034
12456733223321	R B' R D' R' D R D2 B' D' B	204533
74163251121122	R B2 D2 B D2 B D' B D2 B' R	346719
35267141223233	R B D B' R' B' D R D' R D2	284263
15724362212132	R B D' R' D B R' D2 B2 D R2	276250
65174232323312	R B2 R' B D2 R' B' D' B2 R D	338468
46127352131333	R B' R' B D B D2 B2 R' B D	632559
17642533312211	R B R D' B2 D' R' B D2 R' D2	261623
14723651211212	R B R2 B R' D B2 D B2 R D2	419579
12753462231323	R B R2 B2 D R' D2 B R D2 B2	238201
14736521213333	R B2 R D R2 B' R2 D R B D'	360611
76514321112323	R B D B2 D B' D' R D' R2 D2	401418
65321472111122	R B D B2 D' B R2 D' R2 D B'	387951
34167252213323	R B R' D' R B D2 R2 B2 D R	488579
63752412312323	R D B2 R2 D B' R B' R2 B D'	658236
56271433123313	R B2 R2 D' B R' B' D R D' R	487532
31264572122213	R B D' R2 D' B D B R2 B2 R	527295
37652141113232	R B R D' B2 R D2 R' D R' B'	379760
32174562231212	R B R' D2 R' B D R B2 R2 B	425966
52736141322233	R B R2 B2 D' B D' R' D R2 B'	498468
56243713121333	R B R2 D B D2 R' D B2 D2 R	441245
41673521111111	R B D' R2 D B' R D' B2 R2 D2	503174
67354121111111	R B R B2 R B R2 B R B R'	661413
72145631233223	R B R' B' D R2 D R' D' B D	200865
35462171221223	R B R D B D' B' D B2 R' B	329800
31256471231222	R B R B2 D B2 D2 B R' B2 D2	300736
63142571111111	R B R' D' B R2 B R B' R2 B2	797511
61453721111111	R B D' R2 D B' R D B2 R2 D2	479689
63125741112323	R2 B R' B D R2 B2 D' R2 D B	845736
25714633121333	R B' R' B D2 B R' D' B R2 B2	575357
17425631122112	R B D' B' R B' R' B R' D R'	506292
16542372112331	R D' R D R2 D2 B2 R' D' R B2	287453
65274133232321	R B D' R D' B R2 B2 R B' R'	239285
23751463112321	R B R' D R D B' R2 D R B'	448165
41765322221312	R B R' B R2 D' B2 D' B D' R'	443848
56271433111313	R B2 R B2 R2 B' R2 D' R2 D2 B	743870
71435263311122	R B2 R B' D B' R D' R' B2 R2	650159
15746321111111	R D2 R B' R B R2 D' B D B2	951869
13647521111111	R B R D B2 D R' B' R' B2 R2	1097520
31524673332122	R D' R' D' R B' D' B2 D' R' B	372718
14763252322121	R B R' B' R B2 D' R B' R' D	337731
75243613213232	R B D2 B' D' B2 R B' D R D'	288448
14752632332132	R B2 R2 B' D2 B R D' R2 B D'	241833
46273512122312	R B D' B2 D' R' D' R B2 D' R	463974
76342513323122	R B2 R' B' D' R D2 B' D2 B D2	248502
75236143213232	R B R' B R2 B' D R B R' B'	365935
73615423333331	R B2 R' B D B R' D2 B R' D'	290060
64275311112332	R B2 R2 B R' B2 D R2 D B2 D2	302362
51647231113232	R B R2 D2 B D2 B R' D' B2 D	314267
76321543311131	R B D B2 D' B R2 D' R2 D B2	366667
32175461221112	R B R2 D R' D R2 D2 B' R D2	280923
72356143211123	R B R D2 R2 B2 R' B' D B' D	418413
23164573213133	R B R B2 R D' R D' R B R	341215
25736141111123	R D R' D' B' D2 R2 B' R D' R	360059
46157233333232	R B R D' B D' B2 R' D B2 R'	440874
16543271332331	R B2 R2 B D B' R B' D B' R2	302091
24315761122322	R B' R2 B' D' B2 D' B R B2 D2	322636
32547611213111	R B R' B' D2 B' R2 B R' D' R	397655
34561273233131	R B R' B' D B R2 B2 D2 B R'	309247
14625732233111	R B2 R D' B R D2 B' D R B	321818
76325411112131	R B R2 B' R D B D' B R' B2	280598
42137653122131	R B2 R' D2 R' B R' D2 B2 D' R	330394
32561471211131	R D2 R2 B' R' B R' D2 R B' D2	582888
67354213131311	R B' R D B2 R' D2 B D B2 D'	271007
74132562122111	R B D2 R' B' D' B2 R D' B2 D	225668
34725612331322	R B2 R' D B2 R' D' R' D R' B'	309124
52367412322232	R B D2 B' R B2 R D2 R2 B' R	357119
12354762121211	R B' D R' D2 R D2 B D' B2 D	387997
52341672323222	R B' R' D R' B' D R B2 R2 B	351760
16453271211113	R B D2 B R B2 D' R2 B R B2	376475
32647152133121	R D2 R' D2 R' B D' B2 R2 B' R	380499
63714522332132	R B R D2 R' D R2 B' R2 B D2	237042
41532761233133	R B D2 B2 D' R D2 B' R2 B D	288648
72345612122111	R B2 D R' B2 D' R B R' D B	243989
32164573323212	R B2 R B' D B2 D2 R B R2 B'	308386
27415633321322	R D R' D R D' B2 R D' R B'	493393
67345211113322	R B D' B' D R2 D B' D R2 D'	445381
76145231221112	R2 B2 R' D B2 R' B' D' R2 B D	515740
17526432123233	R D B R' D B' D B2 D' R2 B'	676386
14765233323332	R B D2 B' D B' R2 D2 B' D' B2	268523
62135472132131	R B D R2 D' R' D2 B D2 B' D2	228088
53126471231231	R D2 B R2 B' D R' B R' B' R'	397142
46352171211233	R B D' R D R B' R2 D B D'	275131
56423173132121	R B2 R' B' R2 D R' D2 R D' B2	309486
34127652111311	R B R2 D2 R' D2 R' B D2 B' D'	434252
56741231311121	R B R B' R2 B D' R D' B2 R	391143
14765231113121	R B R2 D' R' B R' D2 B R D	466983
14736523113131	R B R2 B' R D2 R' D R B2 D'	218376
72345611221223	R B R D2 B' R B2 R' D R2 D2	193989
76341251113121	R B2 R B' R D R2 B2 R D B2	292239
31527643332122	R B R' B R B' R D' B2 D2 R	213645
16527432231332	R B R D' B2 R2 B R D B' R2	267215
16742352232313	R B D2 B' R2 B R' B D R' D2	298078
74561231111222	R B D2 B D' R D2 B' R D R'	380571
76354212313322	R B' R B2 D' B' D B' R2 B D'	636764
47352612123131	R B R D' R' D R2 D R2 B' D2	350234
71263542323123	R2 B' D2 R B R2 B D2 B R' D2	529162
53762143222331	R B D' B' D B R' B2 D2 B D2	210565
75346211311211	R B R2 B D' R' B R' B' D2 B	263484
41735263123223	R B D' R2 B D' R' D' B D2 B'	279844
62174351122133	R B R2 D2 B R2 B R D' B D'	437288
54321763113113	R D R' B D2 B' R D' B R B2	363731
14625731111111	R B' D R' B2 R D2 B' D R D	2009114
14763253222112	R B' R B' R B' D B2 D2 B' D2	263231
56423171231321	R B2 R2 D2 B' R D B' D B' R2	295300
32465173132121	R B2 R2 D2 B R' B' D R' B R2	258822
32741651311121	R B D' R2 D' B2 R B' D' B R'	307345
65123472312311	R B2 R B R' D2 R B D2 B2 R'	319051
32147651132222	R B R' B D' B2 R2 B R D B2	264007
47165322133112	R D R2 B2 D' R' D B' R B2 R	523536
16257431132111	R B' R' B D2 R' D R B D' R2	324445
16523473332323	R B R2 B' R D B2 R' D' B D	280451
52163473323332	R2 B2 R' D R2 B' R' D' R2 B R	388012
15342671211311	R B R B' D2 R' B R' B' R D2	286057
23156471222132	R B2 R' D R2 B' R' D' R2 B R	248416
36752142122132	R B2 R2 D R' B D' R2 D B2 R2	463317
56127433332323	R B2 R2 D2 B D' R B' D2 B R	446613
56143273332323	R D2 R' B D B D' B R' D2 B	560037
36415272123212	R B D R2 D B D R2 B' R B	681313
23165472111122	R B2 R2 B' D2 B D B' R2 D B'	437645
21457631321123	R2 B D2 R' D R' D B D2 R D'	531318
56327413213112	R B R' B2 D2 R' B R' B' R D2	213271
34526713232312	R B R2 D' R' B' R B2 R B D	447417
45623712332123	R B D' R D' B' R' D B2 R D'	254711
54637211132111	R B R' B2 R D2 B' D B R D'	222998
35462172312131	R B R' B2 D' B R D R2 D2 R	420811
65314272313211	R D' R B' R' D R2 D B D B'	491530
65132473313312	R B R B2 R B' D B2 D R2 B	231287
21357463213331	R B2 R' B R' B' R D' R2 D B2	349865
32167453321232	R B D2 B R' B D2 R' B R B'	289536
53621471331221	R B R D' R2 B2 D B' R' D B2	368135
12347652123332	R D2 R' D2 R B' D' R D2 B D2	454429
24157362323111	R B2 D B R2 D2 B' R2 B D' B2	469373
12376542121232	R B2 R B D2 R' B2 D B R B'	365487
63751242221321	R B' D B R' B2 D2 B D' B2 D'	408923
67234513332122	R B R2 B2 D R' D B' D B D2	210533
65134721233232	R B2 D' R2 D R B2 D2 R' B' R2	206613
46127351131313	R B R2 B R' D R D2 R D R'	478502
72164353131113	R B2 R D R' B D' B2 D' B R'	448235
32174561232113	R D R' D2 B R' B' R' D2 R2 B	615931
57246131112233	R B D2 B2 R' D R' D' R B2 D'	453610
14356721322233	R D B' R' D B2 D R D2 R2 B'	671018
17246351111111	R B R B2 R D' B' R B' D2 R2	1601784
25463713212332	R B R' B' D2 B' D' B2 R B2 R'	164599
17425631332112	R B D' R' B R' B' R B' D R'	292405
63752412322112	R B D B' D2 B' R D R D2 R2	283267
76351421113322	R B R2 B' R2 D2 B D' B' D2 B'	184396
21354671131313	R B' R2 D2 B R' D2 B D' R' D'	308423
71462533111223	R D2 B' D R2 D2 R' D R2 B' R2	324286
12456731132321	R2 D R' B2 R' B' R' D R2 B D'	621514
62351743112123	R2 D R' B R2 D R' B' D' B2 D'	620667
62374513312112	R B R B2 D R' D B2 D B' D2	238772
21365742312323	R D R' B R2 D R' B' D' B2 D'	467131
15367421211113	R D B' D2 B D' R B R2 D2 B2	451721
13267451122211	R B' R2 D B2 D' B' D2 R2 B R'	500345
12473561132123	R B' R D R' D2 R' D' B' D B'	421127
31257462222221	R D2 R2 B2 D' R' B D' R2 D B'	495903
14573261333111	R B D2 R D' B R2 B2 D' R' B	423695
16527432211322	R B' R B R' B D2 R2 B' D R2	310108
37614522323312	R B2 R B' D R' B' D R2 D' R	244191
24615371112332	R B D2 B R' B' R B' D2 R D'	319061
47256133321232	R B R B' R B2 R' D R2 B' D'	344929
65274132123332	R B D R' D R' B D2 B' D2 R	374163
42157633231322	R B2 D' B2 D B D2 R2 B' R' D2	420811
14752631111111	R B' R' D' R D2 B' D2 B R' B	603467
37615422223133	R B2 R D' B D' R D' R' D2 R2	498757
67145323133312	R B2 R2 B D' B2 R B2 R B2 R2	558583
45732612233321	R B R D' R2 D' R' D R2 D2 B'	252920
71435623333331	R D2 R2 B2 D' B' D B' R2 B D'	299228
71423563213232	R B R' D2 R' D R2 B' D2 B R'	228495
23456173233122	R B' D R D2 B2 R B D2 B2 R'	233327
52713461232323	R B R2 B' D2 R2 B R' B' R2 B	285068
73625143333313	R B R' B D2 B R2 D' B R' D'	309930
76315241223113	R B R2 D R' B R2 B2 D' R B2	451587
16427531231321	R B2 R D B2 R2 B' D' B2 D R'	952085
65132471212112	R B D' R D' R' B R2 D' B' R'	371310
41725633121123	R B2 R B' D R D2 B' R B D	370442
72165433111112	R B R2 B' D B D R' D R' D2	314168
67354211212121	R B R' B2 R D' B2 R D B D2	249369
27543611111123	R D2 R' D2 R' D R' D2 B2 D' R	368282
34561272232211	R D R2 B2 D2 R D R' D B' D'	561137
36721452131111	R B2 R2 B D' B D B' R D R	647335
34527612231122	R B D2 B2 D' R B2 D R2 D2 R'	616319
65417323223123	R B D2 B' R B' D2 R B2 R' D2	229043
72345612331331	R B R B' R2 D R' D2 R B2 R2	220413
32547611121113	R B D2 B2 D B' D B2 D2 B R'	271971
12365471211122	R B2 D B' D2 R' D R D' R D	422888
32561471121311	R B D2 B' R B R D' B R' D2	355354
72543163211111	R B2 R' B2 R' D R' B2 D2 B' R	283813
36125471222111	R2 B R2 D B2 D B' R D2 R B	359918
15642373231223	R B' R B R B' D2 B' D2 B' D2	255622
43675211221331	R B D R B D' R2 B R2 B D2	208558
76345123311131	R B D B2 D' B' R2 D B2 D' B2	377559
41725632322331	R B2 R' B D2 B' R D2 B' R' B2	260215
76145232123332	R B R2 B R2 B' D2 B R' D' B2	381600
63752141122211	R B' R2 D R' B' R B R' B D2	478840
54367121113331	R D2 B D2 B' D R' D R' B' R'	518720
56423172112121	R B2 D2 R2 B R' D B2 R' D B'	511242
32146751232323	R B2 R D B2 D2 B' D R2 B' R'	577787
63752143123223	R B D R2 B2 R' B' R' D R2 D2	260945
12376543133132	R B R D' B2 D R' D' R2 D2 B'	221100
54261373123121	R B R D R2 B' R2 B R2 D' B'	201453
76341251221121	R B' R2 B' D B2 R2 D B' D2 R	300749
52743611111213	R B D B' R2 B D' B D' B2 R	279580
17543261132111	R B R2 B D B2 R' B2 D R B2	366949
72543612331331	R B R2 B2 R' B R2 D R2 D2 R	286824
76145232233213	R B' R2 B D' B2 R D B D' R	602867
34725612111113	R B R2 D' R' D R' D2 B D B	259054
61352472233321	R B R' B D2 B R B R D2 B2	259575
74561233111112	R B2 D' R' B2 D B D2 B2 D' R'	338261
75412631223332	R B R D2 B R' D R2 D R' B2	288407
75314621133221	R B R B' R' D' B R D' R B2	281727
41725633211111	R B' D B' D2 B R2 D' R D B	371797
13276451233133	R B' R B R' B2 D2 B R' B2 R'	411630
56213743313333	R B R2 B' D2 R2 B R B' R B'	927175
72563411111312	R B R' B2 R' B D B2 R' B R	275157
65174322313211	R B R B2 R B2 R B' D2 R2 B'	296131
36714252232223	R B R B2 D B2 D R' B R2 D2	353534
14763253132232	R B R B' R2 D2 R' D' B D2 R'	285020
25436712323231	R B R' D R2 D' R B R2 D2 B2	288054
21375463333211	R B' R D' R2 D' B' R' D B2 R	417918
32147652331322	R B2 R2 B' R' B R' D B' R B2	628998
67345211111132	R B2 R2 D2 B D' B' D R' D R2	577875
34127651121113	R B R2 B' R D' B R2 D2 B2 D	290863
12376542123212	R B R D' R2 B D' R2 B2 D B'	341351
72143651121113	R B R' D' R2 D' B2 D R' B' R'	340683
12347652123233	R B2 R' D2 R B' R' D R2 B D2	344879
74523611131112	R B D' B' D2 B' D2 B D' B' R	442062
26435713333133	R D B2 R2 D' B' R B' R B2 R	373246
54376211111132	R B2 R2 D2 B' R B D' B D' R2	546258
64325713121222	R2 B D' B R' D' R D2 R B R'	953303
76245312132131	R B2 R2 B' R2 B R D' B2 R D'	399631
31265471312213	R B R2 D' B2 D B D2 B' R2 B	388023
15746322313112	R B R B D2 B D R2 D2 B' D'	373352
46513272332111	R B R2 D2 B' R B' R B R' D'	199288
75264133331213	R B R2 D2 B D' B R B' R2 B'	516684
56213471111111	R B D' B2 D B2 R' D R D B'	608362
25134672313211	R B' R B' D' B D2 B D R D'	1050473
74165233132313	R B2 R2 B' R' D2 R' D' R D' R	1054611
12467351231321	R B D B2 R' B R' B D' R2 B	325364
32674152113333	R D2 R2 D B2 D2 R2 D' B2 D2 R	355051
36725413131113	R B D2 R B' D2 B' D R' D R2	455119
56132472333332	R B2 D2 R2 B D' R B2 D' B R'	260449
32547611131112	R B R2 B2 R D' R B2 R2 B R'	407521
72365413331333	R B2 R D' B D2 B' D2 R D' B'	619985
45176231131313	R2 B R' B R' B D R2 B2 D2 R	921565
74165233131113	R B R2 B2 R' D' B2 D' R' B D'	704443
36745213232213	R B R D' R D2 R' B2 D R' D	275077
46375211211332	R B R' B' R2 D' R' D R2 B' R'	249903
36172452133133	R D R2 D2 R' D B2 R' B2 R B	400526
56347211222132	R B2 R B' D R' B' D R' B R2	255985
15624732133313	R B D2 R2 B R' B D R' B2 R'	444729
23756411222312	R B R' B R2 B2 D' R B' D' R	337278
73615241113322	R B' R D2 B2 R2 D B' R B' R	545409
61235741313131	R B' D' B D R D2 R2 B' R B	844584
12356741133131	R B R2 B D2 B' R B2 D' B2 D	293487
76245311121131	R B D' B D2 B' R D R2 B2 D2	199397
32417652132131	R B2 R' D B2 D B2 D2 R' D B'	265337
36125473323233	R B2 R' D B' R2 D2 R D' R B2	335605
34617252111212	R B R D2 R B D B2 R' B R'	352113
14765232232322	R B R' D R' B2 D2 R D R D'	260630
64572131122223	R B R' D2 B D' B' R' D B2 D'	291816
67254311131133	R2 B D2 B' D2 R D' R2 D B D'	452344
37614521323232	R B D R' B2 D R2 D' R D' B	308484
14527631133311	R B R B D2 R2 B2 R B2 R' B	264314
51623743313321	R B R' D B' D' R B2 R B D'	333193
34125672131312	R B2 R' B2 D B D2 B2 D' R' D2	506752
17426531313131	R B2 R D B' R B D B2 R D2	302939
23165741231312	R B2 D' R2 D B2 R' D R2 D2 R'	337439
56721343123331	R B R2 B2 R' B R2 D' B2 D B	325089
32175462233111	R B D2 R' B2 R B R2 B' D2 B	569541
36725411313131	R B R2 B2 R' D' R2 D' B' R B'	293367
16547233332323	R B2 R2 D2 B D' R B' D2 B R'	342237
16543721113211	R B R D' R2 B D' B' R D' R2	284321
14725363223213	R B D' R B2 D' R' B R' D2 B'	264313
74165233111313	R B2 R2 B' R D' R D' R' D2 R'	304139
74165231313131	R B D2 R B' R2 B' D R' B R2	196711
16537421223113	R B R2 D R' B R2 B2 D' R' D2	238638
13642573221221	R B' R D2 R' D R' D R D' B2	378573
12374561121212	R B R2 B R2 D' R B D2 B R2	246967
74152363133132	R B R2 B' D2 B R' D2 R' D R2	192142
34725611212211	R B2 D2 B D2 B R' D R2 D' R	339966
76325413222223	R B2 R2 D R B2 R D' B' D2 R	403683
74132563131221	R D2 B' R B2 R2 B' D R2 B' D2	329742
17425631322332	R2 B R D2 B R' D R2 D R' B2	488784
43675122222122	R B' D' R D R B2 R2 D' B D	546236
24615732213311	R B R2 D' B R D2 B2 R B' R'	629463
76342511111231	R B R B' D2 R B2 R' D R' D	269388
56723411222312	R B2 R B' R D' B' D R' D R2	254274
13246573221233	R B2 R B R' B R B D2 R B2	234387
15643271221331	R B2 D2 R B2 R D' R' D' B2 D'	218981
12543673231223	R B D B2 R' D' B R' B D2 R	233804
76145231311331	R B R' B D' R2 D' R B R D2	285507
76315241322122	R B D2 R' B2 R D B2 D' R2 D	273936
23165743331312	R2 B2 D2 B' R B' R2 D' B D' R2	452438
15267431223113	R B R2 D R' B R2 B2 D' R' D	235117
62543711211113	R B2 D' B' R' D2 B D' R2 D' R2	292697
51724362122222	R B D' B2 D B R2 B R' B' D	332413
23165472311111	R B D' R D2 R' D B R2 D2 B2	292749
16745233333313	R D' B2 R B R2 B' D' B2 D' B'	495892
61452731311313	R B' R' D' R D' R' B2 R' D' B	318454
16745232121313	R B2 R B' D B2 D' B2 R D' B'	591162
34561272122321	R B2 R2 B' D' B R' D R' B R2	546583
72143653111211	R B R2 B R D' R B D B2 R'	413435
74523611312111	R B R2 B2 R D' B D2 B2 D R'	340612
16543273221221	R B2 R2 B D' B R' D R' B R2	391426
54367212332213	R B D2 R D' B' R2 B' D2 R D'	277248
72543611221223	R B R D' R2 B2 R' B' R D2 B'	328118
56147232233213	R B R' B R' B D R2 B2 D2 R	592757
52741632123323	R D R2 D2 R B D2 B2 D' B2 R	621471
54671232221213	R B R2 B D R' B2 R' B' R2 D2	727507
36745213121111	R D R' B D R B' D2 B R' B2	368715
14325672323222	R B D2 B2 R D B' R D2 R B2	275141
71563243221221	R B D' B2 R D' R D R' B2 R'	329285
15246371332331	R B R' B2 D2 B R D R' D' R	282667
34165271211131	R D B' D B R D' R2 D R' D2	438521
56743213331333	R D R2 D2 R' B' R2 D R2 D' B2	629488
74325613133333	R B D2 R' D R B R2 B2 D' B	482391
35624712321212	R B' D R2 D2 B' D B' R' D B	780819
74165231212121	R B R2 B D R' D B' R' B2 R2	282068
34165271131211	R B2 R B' D R D2 B2 D B D2	489780
73456123231322	R B R D B' D2 B R' B R' B'	451720
72163453121213	R B2 R2 D' B D' B' D R2 B' D'	383656
76351423321232	R B R2 B' D' B2 R B' R D R'	315489
36745212223232	R B D2 R' D' R D' R2 B D R'	493288
74325613121312	R B' R' B D2 B2 D R' B' R D2	378755
36725412121112	R B R2 B R D' R B' R' D2 R2	1004286
76325411111213	R B2 R2 B D' R D B' R B R	276165
17423653213232	R B2 R' B R2 D' B R D R' D2	244527
12564733323122	R B R B D' B2 R2 B' D2 R' B	242192
45312762221111	R B' R' D2 R B R2 D' B2 D R2	275534
26513471122121	R B2 R D' B2 R' B' R' D2 R' B	383992
45327612222323	R B D2 R2 B2 R' B D' B' R B	236462
56321742211112	R D R D2 R' B R2 D' B2 D B'	499145
12374651111222	R B2 D B' D' B2 R B2 R B2 R2	491853
53741621332112	R B' D2 R D' B D' B' D' R D2	341216
16475233132313	R B2 R2 D2 B' R2 B' R' D R' B'	331698
64231572311132	R B D R2 B' R' D2 R B R2 B	306425
52614372313211	R D R' B D B2 R' D B D2 B'	419782
53146272123233	R D R B2 R' D R2 B' R2 B R'	517473
53741621323112	R B' R2 D R' D B' R' B' R B2	547271
31572461122133	R B R2 D2 B R2 B R D' B R2	721340
32157641232323	R B2 R B' D2 R D B D2 R' D2	552924
62471532232133	R B R B2 R B D2 B' R' B2 D	360486
54167231333213	R B R' B D R B2 D' R D2 R'	274913
43216573212311	R B R' D B2 D' R B' D' R D2	261352
72165432111113	R B2 R2 B R B' D' B D' B' R	372248
31462751113322	R B D' B' D R2 D B R2 B2 D'	325736
74365211312111	R B R B2 D2 B D B' D2 B' R2	352906
24561372111131	R B' D2 B R' B R B2 D' B R	450217
52341672211112	R B2 D' R2 D' B D' B' D2 B R2	725937
14563272323222	R B R B' D2 B D' R' B D' R2	262412
12365472223232	R B2 R D' B R D2 B2 D R D2	274342
17426532121211	R B R B' R2 D R' B2 D2 R B'	227789
72563411111213	R B R' D2 R' B2 D R' B' D R'	277492
16725432211121	R B2 R' D R' D R2 B' D' R D'	288605
72541631111312	R B' R B R2 D' R D' B D2 B'	346780
23167541233322	R B2 D' B2 R D' B' D R' D R'	321098
31257643311122	R B D2 B' D B' R B2 R' D2 R	477990
34127653111211	R B R D' B2 D R2 D R B' R	248267
61543271112311	R B' R2 B' D B2 D B2 R D B2	284249
36721453121111	R D2 R2 B' D' B R' D2 R D' B2	370891
74136522322121	R B R' D B2 R D' R2 D' R B'	337116
54716232222113	R B D' R B' R B' R2 D2 B' R'	430354
12347653111133	R B2 R2 D B D2 B D' R' D2 B	426842
32647512333233	R2 B2 R' D' B' R D2 R B2 R' B2	401522
16534723211123	R D2 R B D2 B' D' B2 R B D	803431
71234563231322	R B2 D B' R D B' R2 D2 B D	466940
36745212121223	R B R2 B' R' D2 B R' D' R2 B2	288751
76254313211111	R2 B D2 B2 R2 D' B' R B' R D2	674697
64275313312211	R B D2 B2 R2 D' B' R B' R D2	456211
34216572213122	R D2 R2 D R2 D2 B2 D' R2 D2 B	671677
57321642311132	R B R' B D B D2 R2 D B2 R2	647791
57214632212213	R2 B R' D R B' R2 B' R2 B R	904063
57364212313211	R B R D2 R B2 R B' R2 D2 B'	1083266
52163471333123	R B R' D B2 D' B2 R D R B'	176832
32561473323212	R B R2 B' D B' D2 R2 B' R' B2	363987
76231451123111	R B2 D' B R' D' R D2 R D B'	327420
43176252311132	R B D' B2 R B D R2 B' R D2	312088
17463251313113	R B R' B' D' R' B2 D R' B2 R	344777
32765411131112	R B R D2 B2 D B D' B2 D' R2	399558
76145232331313	R B R2 B' R' D2 R' B D B2 R2	353242
76325411113121	R B2 R2 B D B' D' B R' B' R	415530
75613243133213	R B2 R' B R D R' D2 B D' R'	226052
74156322122123	R B R' B R B2 R D' R2 B R2	342065
36147251311121	R B R2 B' D B2 D R2 D2 B' D	361390
56741232111113	R B2 D2 R' D R B2 R2 D R D	520721
74125632121121	R B2 R' B D' B R2 D' B' D B'	439328
32741651211131	R B R' D' B D2 R' D2 R' B R'	496631
25763142223133	R B' D2 B R B2 D' B R2 B' R'	705445
14765231111213	R B2 D2 R2 D' R' B R' B2 R D	557351
52163473221323	R B R2 B' D R2 B' R2 B D B2	258991
15324673113311	R2 B R' D' R' D R2 B' D B2 D'	354901
32547611312111	R B D' R' D2 R' B2 R B' D' R	299254
62317453312211	R D' R2 D' B R2 B D2 R B D2	383116
43571262122222	R B R D' B D' B R' D R2 B	498019
32561471311121	R B2 R2 B R' B D R' B D R	302980
17462352213311	R B2 R B D2 B' R' B2 D R B	580216
74513263121222	R2 B R D' B D' B R' D R2 B	678928
57364213332122	R B R2 B2 D R' D B' D B D	271259
42573613322231	R B R2 D' R' D' B R' B D' R2	296233
42561733323122	R B R D2 B2 R B R2 D2 B' R'	265039
47632513212332	R2 B2 R' B' D' R D2 R D2 R' D2	318003
35624712121232	R B R2 B D2 R' D B D2 B R2	665397
45362712122222	R B D' B R' D' R D2 R B R'	658946
45613272233111	R B2 R2 D' R D' B2 D' R' B R'	768501
46215372313211	R2 B2 R B' D R D2 B' R D R2	1600732
13762451321321	R B R2 B2 R B2 D R2 D2 B D'	182160
17463251221331	R B R2 B D B' R2 D R B D'	197176
14765232331313	R B2 R2 D2 R B' R2 D B R2 D2	250853
46375212132131	R B R D2 B2 R2 D B' R2 B D'	236836
52741633313312	R B R' B D B2 D B' D2 R2 B	282451
32165743311131	R B R B2 D2 R2 B R' B2 R B'	279717
76325412231212	R B2 D2 B D B2 D B R2 B' R	575787
16532471111222	R B2 R B2 R2 D B' R' B D' R	559037
15246371331332	R B D' B R' B2 D R' B D B2	328266
16524731113133	R B2 R B' D2 R2 D' B R D2 R	525482
76321452123323	R B' D R B2 R B' D2 R2 B R'	480516
35624712321332	R B R' B R2 D R' B2 R' B R'	350995
72145633312223	R D2 B R' D B R2 D' R D B2	782495
54217632132212	R2 B R' B R' D' B R2 B D R'	680470
73541262321212	R B R B2 R B R B2 D' R B	674430
72145633232231	R B R' D' R D2 R B' D' B D	211266
21354673131113	R B' R2 B D B2 R' D2 B R B'	225210
61534721113211	R B D2 B R' B R' B D2 R' B	267602
35462173221221	R B' R' D' B2 R B R B' D' B	251261
74165232111212	R B D' B2 R' B R2 B R' B' D2	204341
23756413322312	R B D' B' D B' R2 D2 R B' R	213951
12374561211212	R B R' B R' B2 D R' D B D2	303921
67412353332221	R B D' B2 R2 B D2 B R2 D R	296713
62154733321121	R B D' R' D B2 D R2 B' R2 B	184924
76253141211332	R B R' B D B D' R2 B D B'	272001
34725613132223	R B2 R2 D R D2 R B' D' R2 B	361383
15236473231121	R B R' D2 B' D R D' R D2 B2	447988
74561233321313	R D R' B2 R' B' R2 B D' R2 D2	506820
45713623223132	R B D' B2 R' D R D' B R2 D2	334948
12345672121232	R B D2 B R D' B D' B' R2 B2	459365
54721632212222	R B2 R2 D R D' R2 D' B' R2 B	561831
36125473232222	R B2 D' B' R D2 R B R2 D2 R	706983
34125673133333	R B2 R' D2 B D R2 D2 R' D' R2	305673
54231673123121	R B R' D R D B2 R2 B D2 R2	205029
14367252322232	R B D2 B' R B2 R D2 R2 B' R'	255648
34127651131112	R B R B' R D' R2 B2 D R' B	377857
72365413121312	R D' R2 B R B2 R' D' B2 D' B'	376564
25163741112323	R B R2 B2 D2 R' B' D R' B R2	626526
32657143121213	R B R B' D B' D R' D B2 R	628096
62135743312223	R2 B R2 B2 D2 R' B' D R' B R2	857816
56132473213211	R B2 R D B' D2 B D B2 D2 R'	228329
67354213313333	R B D R2 D B2 D B' R' B R2	448797
26741351232113	R B R B2 D2 R B D2 R2 B' R'	343943
24617532233321	R2 B2 R B' R D R2 B' R B D2	556706
27415632323231	R B D2 R' B' R2 B' D' R2 B D	459678
36752143211132	R B D' B D2 R' B' D R' B2 R2	455125
25731642232211	R2 B R' B D R' B2 R' D2 R D	698928
53672142221213	R2 B R B' D B' D R' D B2 R	830932
63752411223212	R B R D' B2 D' B D R D2 R2	247525
23147651112323	R B D B2 R2 D B' D' R B2 D2	307555
25714632223331	R B' R2 D R2 D' B R' D2 R' D	513543
21536742222131	R B2 R D2 B' D' B R' B R' D	369889
14763251221223	R D R' D' B R D2 R2 B2 R D'	384759
36741252122123	R B' R B2 R2 D' R B' R' D R2	330069
54367213312133	R B' R B' R2 B R2 B' R2 B R'	492181
54321673313321	R2 B R' D B2 D2 R' D B' R' B	827252
65714323223123	R B2 R D' R2 B' R' D' R2 D' R	248815
74532163123223	R B2 R' D R' D B2 D2 R2 B' R'	250161
46513273113221	R B R D' B2 D' R B2 D B' R	290786
13274651112323	R B2 D' B2 D' R D' R2 B2 D' R	438639
23756143222331	R B' D B D2 B' R D2 B' D2 B	244585
16753241221112	R B D' R B' D2 B R' B' R' D'	427105
54712362223322	R B2 R2 B D2 B D2 R' B R2 B2	391186
53162743312223	R' B R' B D R2 B' D R B2 R'	1586648
14527632212111	R B2 D2 B R2 B R' D B2 D' R	314132
35462712322322	R B2 R2 B R2 B' D2 R B' D2 B2	304951
74163252112211	R B D2 R' B D' B2 R D R2 D2	272288
75246131333312	R B' R' B D2 R' B R' D' B2 D'	309585
24615731122313	R B2 D' B2 D B2 R' B D2 B2 D'	553102
12376451221211	R B D2 R' D R' B2 R' B2 D' R2	461219
12364571112212	R B2 D2 R D2 R D' R' B' D2 B2	617788
73615243331312	R B2 R2 B' D B2 R' D2 R B2 D'	540044
13546271213213	R B D2 R2 B' D R' B D B' D'	206197
25743611233232	R B2 R D2 R2 B D' B' R D' B	269801
74163253133231	R B2 R' B D' R2 B2 R' D' B2 D'	160290
21367451311331	R B D R2 B D2 B R' D B2 R2	214108
72163453133333	R B2 R2 D' R B' R' D R2 B' R'	266837
24157361313212	R B2 D B R2 B R2 D2 B D' R2	366975
12456731233223	R B' R B' D R2 D2 B2 D' B D	373405
56743213121312	R B' R2 B' R D B D2 B2 D B	325563
72561342313223	R D' B2 D' B D2 B R2 D R D2	292536
14527633312133	R B D' B2 R2 D R' B' R B' D	213243
36241753212311	R B' R2 B' R D2 R D2 B R B2	277676
76315243323323	R B2 D R' D B R2 D' B R' D'	290328
32615473332122	R D R2 B' D2 B' D R' B2 D2 B	285097
37256142321233	R B D' R B2 D' R B' R2 D2 B	278614
71345262132131	R D B2 R' D2 R' D B' D2 R2 D	248397
16725431311121	R B R B' R2 B D' R D' B2 R'	375332
17463251331221	R B D2 B' R' B2 D R' B R D'	206139
74123563323221	R B R B' D2 B' R B2 D R' B	304730
14527631211131	R B' R B R2 D' B' D B2 D' R'	463813
14625732113321	R B' R D' R2 D B' D B D2 R'	340216
74125632131111	R B R D' R2 D R' B D' B2 R'	463949
15634722123332	R D' R2 B R2 B' D' B2 R2 D R'	599635
74163252131111	R B2 D2 R2 D' B' R B' R2 B D	557003
17526431231321	R B2 R B2 D2 R D2 R' D2 R2 B'	960794
72513641232323	R B R2 B' D2 R2 B R' B' R2 B'	295564
32156472312332	R B D' R B' D' R2 B2 D' R B'	190929
25436712132122	R B' R D2 B' D' B D' R2 D R'	309113
67245131313323	R B D R2 D' R' D2 B D' B' R'	326671
41725362313211	R B R2 B D2 B2 R2 B R2 B' D'	390396
16725433113311	R B D R B2 D R2 D B' D2 R2	275061
31275461112233	R B' D R2 B2 D2 R B' D R' B	362195
16524731112212	R D R2 D' B' R2 D B' R D B'	576182
23165472132332	R B' R B' R2 B R' D R B2 D'	305314
14726531232122	R B' R2 D2 B' R D' B2 R D' R2	577758
13276541323112	R B R2 D' B D' B R B R' B2	378275
41735261323313	R D' R D' R2 D' R' B' D B2 R	227465
16345273122323	R B' D B' D2 R B D2 R' B R'	342444
23165472111332	R B R2 B R B2 D B2 D R2 D	289258
35162742213323	R B R' B D R2 B2 D' R2 D B	520624
21357462311111	R B' R2 D2 R B D2 B R D' R	523893
15243671331221	R B2 R' D B2 R' B D R B' D2	275121
24173652323231	R B R B' R2 D R' D' R D' B2	250193
75346122133133	R B R' D' R B R' D2 B2 D B2	332319
63472512123332	R B R B2 R' D B2 R' B2 R B'	285459
51723643131311	R B R' B D R' B2 R' D2 R D	461220
37624513231313	R B R2 B' D B2 D' B R D2 B'	317744
36721452122321	R B2 R' D R2 B' D' R' D B' R'	307708
71264533131323	R B R2 B R2 B' R D2 B' D2 B	435443
64351272132131	R B D2 R' D2 R B2 D' B D B'	261313
27615433313213	R B R B2 R2 B D' R B' R B	297657
74152363132232	R B R2 D B D2 B2 R' B' D' B2	278827
37614522313322	R B' D2 R2 B' R B' R2 D R' D2	453806
24516732233111	R B D R2 D R' B' D R' B2 R'	443262
36741252122333	R B R2 B2 R' B R2 D B2 D2 B'	437086
36217452131333	R B' R B' D2 R D' B R D2 R	477137
45367211111132	R B2 R' D' B2 R D' R2 D B' D2	581539
54367121113211	R B D' B2 R2 D' R' B R' B R	255629
16527432333113	R B D2 R2 B2 D R B' R B' R'	321497
27614353311332	R B D' B R' B R' B2 D2 R' D'	353131
12356741313131	R B R2 D B' D2 R2 D R' B' R2	249485
75264313231112	R B2 D2 R' D' B R' B2 D2 R D	395168
27643513311233	R D2 R2 D R2 D2 B2 D B2 D2 R'	420536
53714622233111	R B' R D2 R D' R D' B' R2 D2	384610
16547321113331	R B2 D' R2 D B D2 R2 B' D' R2	658404
35172461232323	R B R2 D' B' D2 B' R' B2 D B	401131
36721452122123	R B R2 B' R B2 D' B' R D2 R2	249763
65742311212313	R B2 R' B2 R' B R2 D B2 D B2	404090
24571631121212	R B R' B R B2 D2 R' B2 R2 D'	392981
31475261322233	R B2 R' D2 B2 R' B D B' D2 B	402215
76345122311111	R B2 D2 R2 D R D B' R D' R2	358745
34562172232313	R D R2 B' R D2 R' B D' B' R'	318841
67345211112233	R B2 R2 B' R B D' B2 R2 D' B	451309
54371621113322	R B R2 B' R2 D2 B D' B' D2 B	178375
52741632232211	R B R2 D R' B' R2 B' D2 R D'	381531
63574212123131	R B R2 D2 R B' D' R2 D' R D'	355171
25364173223231	R B R D' R' D' R B D' R B2	275944
17436521323232	R B R' B D2 R D' B' D' B2 D'	523705
45276131131133	R2 B D' R' D' R D2 B' D B2 D'	472598
15642372213311	R B2 R B D2 B' R' B2 D R B'	563912
76145231131112	R B D2 B2 D' B D2 R' B' D2 R	372625
45321671221121	R B' R B R2 D2 B R D2 R2 B'	261711
32164571111231	R B D B' D2 R D2 R' B R' B	250282
73645211231111	R B' D R2 D' R D' B R2 D2 B2	283092
32765411112221	R B2 R' B R' B2 D2 B D' B R2	309609
36745211211221	R B R2 B D' B R2 D' R B R'	242388
64275311222222	R B R D2 B2 R' B D' B' R2 D2	521506
34275162112322	R B D2 B' R B2 D2 R B' R D2	466894
63142573112123	R2 B' R2 D B R2 B R2 B D' R2	846803
32147652113333	R B R B' D2 R2 D B D B' D2	256573
41635721212121	R D2 R' D' R D' B R2 B D' B	540881
74512361322233	R D R' B' D B2 D B R2 B2 D'	358025
64275133231112	R B2 D' B2 D R2 B' R D2 R2 D'	467109
35462173131311	R B2 R D2 R2 B D' B R2 B D2	268261
76321453233131	R B2 R2 B R2 D' B R2 B2 R' D'	294804
76254133311323	R2 B D2 R2 B' R' D B' D R2 D	819219
36725412321212	R B2 R B R' B R' D B2 D2 B'	728035
61527431111111	R B' R B D2 R' D R' B D' R2	491192
37651422312311	R D2 R' B D R D' R2 B D' B'	417321
76342513213112	R2 B R B2 D R' D B2 D B' D2	352269
76354121311313	R B R D2 B' R B D' B D' R'	313702
76421351131121	R B R B' D2 B' R' B' R D2 B'	293068
34516271111111	R B D B' D2 B' D' R' B R2 D'	528327
61543271111111	R B' D2 R' B D R B2 R B' D	742034
65241371111111	R B2 R B' D R D2 B' R D R2	1161208
56723413222112	R B2 R D' B R' B' D B' D R2	184420
12346571111231	R B R' B2 R' B' D' R D2 B D'	174823
74156323133123	R B D2 R2 B D' R D B' R2 B'	195835
63471522332132	R B' R' D' B R2 B' D2 B' D R	265468
46512371331221	R B D' R2 B2 R D' B2 D' B2 D2	296674
72563413121111	R B R D' B2 R B' D R' B D2	250872
37516422333311	R B D R2 D2 R D' B R' D B	327270
65274131312213	R B2 R B' R D R2 B' R D R	411891
36217543213112	R B D' R2 B' D R B' D R2 B2	278838
76521433232333	R B R' B2 D' B R' D' R2 B D	294725
45167323322231	R B D' R D' B R2 B2 R B D	300165
34651271123111	R B2 D' R B D R2 D R' B' D'	303383
72345613333331	R B' D' R D' B' R B2 D' B2 D	366265
34265712212132	R D R2 D2 R' D R2 B' R2 B R	508255
52167432131213	R B' D2 R B R2 B' R' D2 R' B'	456450
42516372233111	R B2 D' R2 D' R D' B2 R2 D' B	482805
62135743222331	R B R' B' R D' R2 B2 D' B' R2	242021
13246571113232	R D' B' D2 R D R2 D' B' R2 B'	337232
34261572133121	R B R' B' R2 D2 B' D B R' D	236850
71543623111121	R B2 R' B R2 B R2 B2 D' R D'	312629
32145671123333	R B2 R' B R2 D' R' D' B R' B'	228706
74361253211231	R B R B' D' B D' R' D R2 D	209625
13642571223221	R B R2 B2 R' B2 D' R' D2 R' B'	318317
36527412221312	R B D2 B' R' B2 D R' D' B2 R2	387573
31264573222223	R B2 R D' B2 R B R2 D' B' D	219582
34725613311113	R B D R B2 D2 R2 D B2 D' B	329917
65132472131231	R B R B' D2 B' D B R D2 R2	244359
13246752133211	R B2 D' B2 R D' B D' B R' D	452660
24615733311122	R B R' D2 B2 D R D R' B2 D	560745
71523463131311	R B2 R B' R2 B' D B2 R B' R2	492474
47136252133112	R D2 R B R2 B R' D' B2 R2 D'	456001
12345673132313	R B' D2 B' R' B D' R D' R2 D2	640339
72356141232113	R B R' B' D R2 D R D2 R2 B'	273434
52471631223113	R B' R2 D R' B D' R' B' R D2	214117
52761431111213	R B D2 B' D B2 D B2 D2 R' B'	287198
16527433312133	R B R B2 R2 D' B R' B R B2	255471
54763212322232	R B R' B2 R' D2 B D' B' D B'	394647
42315673112111	R B R' B2 D' B D' R' D R2 D	293006
16374521112323	R B D B2 D B' D' R D' B2 R2	389390
43216573212332	R2 B R2 B2 D B' D' B R2 D B	485450
17425631223113	R B D B2 D B2 D' B2 R B R2	293385
12763452322232	R B D R' D2 R D' B D' R2 B	253158
76315243211231	R B R2 B R2 D B D' R B' R'	209420
31456722111221	R B D R B' D2 R2 D' B2 R' B	368769
32475163331222	R B R' B2 D2 B R' B2 R' B2 R2	253816
53126471231321	R B R' B2 D2 R' D' R D' B R	274282
17356242211331	R2 B R2 B R2 D B D' R B' R'	355750
34165273133312	R D B' R2 B' R' B2 R D' R2 D2	523361
34621572132131	R B D R2 D' R D2 B' R2 B D'	264709
45671233112132	R B2 R' B2 R' D R2 B R2 B R2	366235
62374511322311	R B R' B2 D' B D R' D B2 R2	202800
32745612322331	R B R B2 R D B' D2 B' R' D2	290088
56123471223221	R B R B2 D2 B' R' B2 D' R' B	219846
45612373112231	R B2 R2 B' D B D' R2 B2 D' R	375958
74361253112132	R D2 B R' B R B2 D' B R D2	274677
61734523222331	R2 B R B' R D B2 D2 R' B' D	446210
64531272132131	R B D R2 D' R D2 B' R2 B D2	308949
52134761232113	R B D' R' D R2 D B D2 B2 R'	335664
72143651312111	R B R B2 D2 B D B' R2 D2 B	418861
71532463221332	R B R D2 R D' R B' D B D	267520
24351761212232	R B D' B' R B' D2 R2 B' D' B2	379154
34127651213111	R B R' B' D2 B' R2 B R' D' R'	413372
24351673111133	R D B' D B2 D' B D' B R D2	588416
25314673111313	R2 B D' B R' B R B2 D2 R2 B	874460
14267351321321	R B D2 R2 B2 R' D B' D' R B	195373
54721633313321	R B2 R D' R D' B' R B' R D2	223873
16537421111222	R B R2 B' R' D2 B R' B R B'	241811
61234572231323	R B2 D R2 D' R D' B D' B' D	460754
41325762313223	R B D2 B2 R2 D' R' B R' B D2	245806
24351761111123	R2 B D2 B2 R2 D' R' B R' B D2	433265
53724612121112	R B D' R B R2 D2 B' R2 B2 D'	336417
52741362313211	R B D R2 D B2 D R' D2 B2 R'	504029
51264732213311	R B R B2 R2 D2 R' D' R D' B	262158
36125471312111	R B D2 B2 D' B R2 D' B' D2 R	256936
53421671321231	R B R2 D2 B R2 B R' D' R2 D	238969
16342571331221	R B2 D B' D B D' B2 R2 D R	198617
34561273221233	R B R' D R' D2 B2 D R D R2	289864
31754621331122	R2 B R2 B D2 R B D' B D' B'	481091
46215372121223	R B D' B R2 D' R2 D' R B' R'	343241
67354212311132	R B D2 R2 B R' B R' D2 R B'	527444
71432561323232	R B R D' B2 R B2 R' D B' D	272813
36725412121211	R B2 R B D' R B' D R2 D2 R'	318596
16725433333232	R B R2 B R' B R2 D' B D B'	268193
73654122111122	R D' R2 B R2 B' R' D2 B2 R B'	516502
31265471111111	R B' D B2 D' B R' D R2 B2 D2	464957
72435163333313	R D' B D' R2 D' B' D' B R2 D	461220
76325412333233	R B2 D2 B R2 B D' R B2 R' B	421370
54716322313223	R B D B2 D2 R2 D' B' R B' R	495082
14752363232222	R B' R D R B' R2 B' R2 B' D2	255256
56123473223312	R B R' D R D2 R B' R2 D2 B	332317
36714523132322	R B2 R B D' R B R B2 D B2	216623
16273541321321	R B' D R D' B2 R2 B R' B2 R'	264586
63725143122113	R B2 D' R2 D R2 B' D B2 D2 B'	331405
45213672221123	R B' R B2 R' B D2 R' B2 R D2	420162
34561273311233	R B D B' R2 D2 R' D' R B2 D'	395191
32671453123313	R B2 R2 D2 B' R2 B' D' B D' B'	621395
43527612312323	R B D R2 B' R D' R D' R2 B	284573
35162473122221	R B D B2 R2 B' D' B' D R2 D2	266639
43216573132121	R B R2 B2 D' B R' D2 R' D2 R'	262137
37426513132313	R B R2 B' R2 B D' R2 D' B D2	251620
62735143223213	R B' D2 B' R' B2 R' B D R2 B2	319867
35614722321233	R B2 D2 R D2 R B' R' B' D2 B2	374196
67132541133311	R D' R2 B2 R' B2 D B2 D2 B D'	447188
25314673111331	R2 B R2 D2 B2 R B D' R D' B	670989
53721463223312	R B2 R B2 R2 B R2 D R2 D2 B	269237
62135473132121	R B2 D2 R2 D B D B' R B' R2	259575
32561472213122	R B R2 B' D R2 B' D' R B2 R2	386116
72543613132232	R D R' D R' B R2 D2 B2 R B'	373536
41756233121231	R B2 R B D2 B R' D' R2 B2 D'	318605
54321673323311	R2 B D' R' D B' R2 D2 R D' B	517790
74152363133222	R B' R B2 R' D B' R B D' B2	375414
24571362221213	R B R2 B D R' B2 R' B' R2 D	793258
64271533221212	R B2 D' R2 B D' R' B D' R D'	413588
62374513112321	R B' R2 B' R' D' R D2 B D' B2	417081
64713253112111	R B D R' B2 D' R B' D' R B2	236929
62317453112111	R B D B2 D B' D' R D' R2 B	296605
45312673231313	R2 B2 R B D2 B' R2 B R' B' D2	344842
34561721111111	R B2 R' D' R' D B2 R D' R D'	550524
71326451211311	R B2 R' D' B' R D2 B R' D B'	337175
21354763312211	R B D' R B' D' R2 B' R2 B' D'	543532
72563412131111	R B R2 B' R D2 R B2 R2 D' B'	254864
32156742333131	R B R B2 R B R' D B2 R D2	389274
54361272223232	R B2 D2 R' B D R2 D2 B R D	341684
64321572311132	R B' R2 B D R2 B2 D R B R2	690482
24536713231232	R B R D2 B D2 B2 D R' B2 D2	252344
32167451213333	R B2 D' R' B D' R B2 D' B D'	248551
35162473332131	R B D2 R' D' R D R2 B2 D2 R'	386371
34725612121322	R B2 D' R D R' D B' D2 B' R	945123
32765413223312	R B2 R D R2 D2 B D' R D2 R'	175465
31452671332232	R B D' B D R D' R2 B R D'	272614
65723143321313	R B R2 B R' B' D B' D2 R B'	384550
43651722323132	R B' R2 B R' B D R2 B' D R	336657
73516243332131	R B D B2 R2 D R' D R' B R'	268546
36547212221222	R B' R2 D2 R D R B' R2 D R	376109
43765212222122	R D B2 D2 B' R D2 B' D2 B R	648121
17426531232233	R D' R' B2 R' D' R2 D R B2 D'	699364
62147353123121	R B2 D' R' B' D2 R B' D2 B' R2	289470
41725361232113	R B R' B2 D2 B D R D' R2 B	368273
45312761113211	R B2 R' B2 R D2 B2 R' D' B2 D2	519024
31265741233331	R D R D' B D' R B2 R B R	406688
45176231133113	R2 B D2 R2 B2 D R B' R B' R	552010
52163472131222	R B D2 R2 D R B2 R B R2 B'	461431
76512343213313	R D2 B' R2 D R' B R' B D' B	606138
14567231312213	R D R' D' B D2 B D' R' B R	1085817
13462572213311	R B R2 D B' D2 B' D' R D2 B'	253197
71523463331312	R B2 R2 D' R B' R' D R B' R	554650
36725413111313	R B' R2 B' D' B R' B R' D2 R2	505177
14765231133131	R B D B D2 R2 B2 R B2 R' D	427954
45312673132313	R2 B2 R D R2 D' R2 D R' B' D2	602831
31264752132122	R B2 R D' R B' R' B2 R' B2 D2	291412
37624512121322	R D B' R2 B' R B D B2 D2 B	1039383
12345761111111	R B R' D2 B' D R' D' B D2 B	2468980
36127451333222	R B R B D' B2 R' D B D B	390146
67342512222113	R B R' B R B' D2 R D' B R'	251829
51264731113322	R B R' D' R D2 R B D2 B2 R'	278377
74523611121113	R B R' D' R2 D' B2 D R' B' R	245572
54367211132222	R B D B2 R2 B' R B' D' B2 R'	553576
71264533231223	R B' D R2 D' R D' R D R' B2	475412
72361542333233	R2 B D R' D R B2 R2 D' R' B	574856
35472163222313	R B D2 R' B D R2 D R' B' D	228452
54612372222131	R B D R B2 D B' D2 R2 B' R	258172
23751461132123	R B R' D' R B2 R B2 D' R2 D	346616
25367411211122	R B D2 B2 R B' R B' R D R2	345373
32547613111211	R B R D' B2 D R2 D R B' R'	342991
74523612111311	R B R' D2 B' D B' R' D2 B R	429992
32164572312323	R B' R2 D B R2 B R2 B D' R2	632302
45321673113311	R2 B' D R B2 R' B R2 D' B2 D	704599
32745612313322	R B R2 D B2 R' D' B' D2 B' R'	944840
34562171321111	R B2 R B R' B2 D2 R D2 R' D'	294543
14762351221331	R D R2 D' R' B2 D B' R B D'	325240
41625731222231	R B D' B' D2 B' R' D2 B R2 B'	298562
72143651131112	R B D' B' D2 B' D2 B D' B' R'	367649
72165433121333	R B2 R2 D2 R D' B2 R B D2 R2	519610
14763253133231	R B D' R D' R2 B2 R B R D2	300793
17425631313113	R B D R2 D R2 D' B2 R D R2	499682
35246171111111	R B R B2 R D' B' R B' R2 B2	888690
76215341231231	R B R D' R B2 D' R2 D B R2	159617
67354212111221	R B2 R' B R2 D' B' R' D2 B D	185406
14765232211211	R B R2 D' B R' D2 B D R2 D2	257608
45621373123331	R B R' D' R2 D' R' B2 D B2 D'	342270
17642531112233	R D B' D' B R2 B R B2 R2 D'	365508
52147631311121	R B R2 B' D B2 D R2 D2 B' D'	300654
52471631323112	R B' D2 R D' R B' R' D' R B2	393359
16427532333233	R2 B D2 B2 R B' R' B D2 R D	460532
74156322122321	R B D R2 B' R2 D B D2 B D'	218964
74125632122111	R B R' B2 D2 B' R' D2 R D2 B'	230471
21367452112112	R B R2 D' R B' R2 B' R2 D' R2	206676
16572433213223	R B D' R2 B2 R D2 R D2 B R	297401
52741633321223	R B' D B' R2 B R2 B' D2 B D'	544812
65132472233321	R D B2 R2 D R' B R' B2 R D'	719173
65274133312223	R B R D' R2 B R D' R D2 R	705339
27134561131133	R B R' B' D R D' R D2 R' B	517942
12543671211212	R B2 D R' D2 B' R B D' R B	297493
14736251111132	R B2 R D R2 B2 R' D' B2 D R'	314792
74213652323132	R B R' D B R' D B' D2 B2 R	246606
31257462312311	R B2 R2 D2 B' D' R D' R2 D B'	395959
54612733322213	R B2 R' D R' B2 D' R B' D2 B2	476800
74561233233323	R D R B' D2 B R' D B' R2 D'	487129
47632153212311	R B' D2 B' R B2 R B2 D B R2	371017
52763413322312	R2 B R' B R2 B2 D' R B' D' R	540728
14527632333332	R D2 R' D2 R D' B' R D2 B R2	259170
53426171112233	R B R2 B2 D' R B' D' R D2 B'	495621
14735621221112	R B R' D' B R' B' D B' D R'	292473
37624513131323	R B D R B2 D2 R2 D B2 D' B2	331216
54163271133221	R B2 D R' B R D2 B' D R D2	432708
41723562313211	R B R' B R2 D R' D' B' D2 B'	1146274
24731561111111	R2 B R' B R2 D R' D' B' D2 B'	1597839
17543261111111	R D B' R2 B R' B D R2 B2 D2	2100822
16573241123123	R B' R D R2 D2 B2 R' B' R B2	359574
52641733212311	R B R' B' D' R2 B2 D' B D' B	408561
46135272133313	R B R B' D2 B D' R B R' B2	610254
76354123313333	R B2 R2 D B' D B' R2 B D2 R2	830840
14632571111111	R2 B R' B2 R' D' B' R D2 B R'	1077160
15236471111111	R B' R2 B' D' B' D R2 B R' D2	1229482
76354122212222	R B R2 D2 B R' B R B' D2 B'	815783
14673251111111	R B' D' R D2 B' D B R B' R2	2029500
56123473322312	R B D' B D R2 D B' D2 R2 B	290053
63247511123132	R B D' B D' B' D' R B2 D B'	410181
14625731131121	R B' D' B' D R2 B' R2 B R' D	431716
73615242223133	R B2 D' R D R B2 R2 D' B D	638643
47163522131222	R B R' B2 R' B' D' R D2 B' R	329593
56423171231231	R B R' B' D B' R2 D2 B' R' D	347837
54126371331221	R B R' B' D R D' R D2 R' D	258554
32465172132131	R B R B' R D' B R2 B' D2 R	391427
63745123122212	R B R2 D' B R2 B' D' R2 B2 D	376996
45376121331311	R D B' R D2 R' D B' D B R2	289767
32417562113321	R B' R D' B' D B2 D R D' B	494160
37614521111111	R B' D R2 D' R2 B D' R' D' R	439191
63574212313211	R D' R B R B2 R D' B' R B'	488946
32165742211112	R B' D2 R D' B' R D B' R D2	330238
76341251112131	R B2 D' B' R2 D B D2 B2 D' R'	678037
26743512121232	R B' R2 D' R' D R D' B2 D B	614336
63452712333221	R B2 R B D' B2 D B D2 B2 R'	224951
47156322313232	R B R2 B R' D' B R' B' R2 B	182529
75243611113232	R B2 R B' R2 D R B D2 R' B2	281925
76312543322222	R D2 B' R D2 R2 D' R D2 B' R2	322846
61257343232123	R B D' B2 D B' R B' R2 B2 D2	250889
54367211333213	R B2 R' D B' R' B R B' D R'	318102
76342511323112	R B D2 R' B R' B D R B' R2	243022
34567212223232	R D R2 D' B R B2 D' R' D B	617246
12543672121121	R B D2 R2 D B2 D' B R B2 D'	238695
46527133111121	R B R' D2 R B' R B' D2 B2 R2	306449
36752142123221	R B D2 B D2 B D' B' R B2 R	228567
56123471331332	R D B2 D2 B D B2 D2 B' R2 D	368947
21376541122211	R D R D' R B' R B2 R' D2 B'	376400
26153473132121	R B2 R' B2 R B2 D2 R' B' R2 B2	286248
63752142332132	R B R D2 R' D' R2 B D2 B' D2	385056
13275643212221	R B2 R2 B' R B2 D' B2 D R2 B'	344836
34715262221123	R B' D' R B' D R2 D R' D R2	416370
12567433232333	R B R' B' R D2 R' B D R B2	334962
15367421223113	R B D2 B D R2 B' R2 D R D2	214718
25736411331113	R B' R B D2 R' D2 B R D2 R'	273431
31265471122133	R B2 D R' B D R2 B' R D' R'	408096
25736141233232	R D2 B D2 B' R D' R D' B' R'	478774
24715631122121	R B' D2 B R B2 D2 R2 B R' B'	297489
12543673233323	R D R' D B R B' R2 B D' B2	442314
15642372231332	R B D' B R B2 R B' D2 R B2	243984
62134572321323	R B' R D R' B2 D2 B D' R2 D'	312315
47321651311133	R B R B R2 D' B2 D R2 B' D'	334538
75314623113122	R B2 R' D2 R' D B2 R B2 R D2	293114
67245311133233	R B D' R' D2 R' D' B2 R D2 R'	279072
56712343211123	R B2 R' B R2 B' D R2 B' R' B	379575
74561232221111	R B' R2 B' R D2 B2 R B' D2 R	310390
32147651213333	R B' R D R' B D2 R2 B' R D2	300314
16725431211122	R B R' D2 B2 D' B' D2 B R2 D'	275068
12367451123333	R B2 R2 B R D' R D' R D' R2	284730
17426531121212	R B2 R D B2 R' B2 D R D B'	271081
72143563222331	R B D' R' D R D' B R2 B' D	265144
74126352333122	R D' R B D2 B2 R2 D' R' B R2	448270
12354763211123	R B2 D' B R' D R2 D R D' R2	369741
37246511112233	R D R' D' B D2 B D R2 D2 B'	389324
12365472321233	R B' D2 B' D B2 R2 D R' D2 B	358406
31247651113232	R B R2 D2 B D2 B R' D' B2 D'	321999
13764252323231	R B D2 B D' R B' R B2 D' B	273160
76321453321133	R B R' D' R B D2 B2 R2 B R'	328621
35162473323131	R B R' D B2 R' B' R D' R2 B'	286099
12637451332112	R B R2 B R B2 D' R2 B R D2	210786
27534161111123	R D' R2 D' R B2 R D2 B D R2	393729
46273513221212	R B R' D2 R' D' R' B D2 R' B	398617
63724153121213	R D B R2 D2 B D' R D' R D'	1059717
32167452211121	R B D2 R2 D R2 D' B D R2 B'	275105
12543672331232	R B R2 B D' R B2 R D2 B D2	257021
76324151112233	R B D B' D2 R B2 R' D R' D'	195565
32561471131211	R B2 R2 B R D' B' D B' D' R	323284
65132473111331	R B' R2 B R B2 D' B2 R B R'	397933
54376121322233	R B D2 B2 R' B R' D' B R2 D'	443869
71462533221113	R B2 D' B D2 B2 D' R D2 B' R2	451126
17265433111313	R D2 R B R' D R' B2 R' B R'	657951
14735621223113	R B R' B' R D' B' D R' D R'	239580
47621532232331	R B R' D R' B' R' B D2 R D'	171726
17356241212313	R B R' B' R D2 R B R' D2 R2	354670
47653213232111	R B R B D2 B R' B' R' D2 R2	347934
42367153111121	R B R' D2 R B' R B R2 D2 B2	368508
56174232323333	R B' D B R2 D2 B R B2 R2 D'	450640
17324561211323	R D2 R B' D B R2 D' R B R2	346995
46257313312211	R2 D R' D B R2 B R2 D2 B D	827003
73615423213211	R D2 R' D R B D' R2 B R' B'	338530
32147651123333	R B2 R D R D2 B D' R2 D' R	296423
54376211111222	R B R B2 R' D' B2 D' B2 D B2	301554
35617423131332	R B2 R2 D2 B' R' B D' B2 D B'	400629
67345212111122	R B R D' R D' B D2 B' D2 R	358837
54362171113133	R B R B D' B2 D R' B R' D'	263542
31275463311122	R B2 D' B D R D2 R2 B' R B	559441
41725631111111	R B' D' R' D R2 B' D2 B D' B	551271
26153471122121	R B2 D' R' B2 R D2 B' D R B2	326438
32157642231323	R B D2 B R B' D2 R B D B'	310716
56347212123233	R B2 D' R B2 R' B' R B' D2 B2	325256
14725362211121	R B' D2 B D R2 B2 D2 R B' D'	345462
72541632131111	R B R D' R2 D R' B D' B2 R	270660
14527631131211	R B D2 R' D' B R' D2 B R B	414990
21376541112311	R B D B' D2 R2 D B' R' B2 R2	330068
32164572232313	R B' R D' R B2 D' R' B D2 B'	422915
54721632133232	R B2 R' B' R2 D2 B R D B' D2	277171
52174633223123	R B' R' B' R D' R' D2 R' D' R	283415
61453721311112	R B D2 B' D B' D2 R D2 R' B2	261371
45376211333123	R B' R2 D2 B D' R2 B D' B' R'	232783
56123473222112	R B R' D R' D' B R B' D B2	312234
71263541333222	R2 B' R2 D B D2 B R2 B R' B2	456520
73645213333112	R B2 D B' D B R2 D' B D' R'	424461
74561232111113	R B2 R D' R D R2 B2 R B D2	498384
32156471113211	R B R' B D2 B' R B R2 D2 B2	231841
52761432131111	R B D' B2 D' B2 R D' R' B R'	292681
56123471333123	R B2 R' D R' B' R B R' D R'	328469
63172452312323	R B R B R D2 R B' R D2 B2	348286
14752631112311	R B' R B' D2 B D2 R' D R B	381400
54367211213333	R D B2 D2 B D R2 D2 R' D2 B	413989
15762342122213	R B D' R B' D R2 D R' D R'	762102
64357212313211	R B D B2 D R2 D B' R2 D2 B'	1112079
21354761112311	R B D B' D2 R2 D B' R B2 R2	320685
21376541111123	R B D B' R B2 R' B D' R B2	246609
46375213123121	R B' D2 R D' R' D B D' R B2	286556
25763411332322	R B D' R D2 R' B D' B D R2	295419
27613543333133	R B' R B R2 D2 B R' B2 R B2	413276
47165322132212	R B2 D' R2 D R2 B' D R2 D2 R'	868830
75264133121333	R B R D2 R B D' R B2 D B2	754308
27314652313211	R B' R B D B2 D B' D' R D'	1829729
76523413223231	R B2 D R' D R D2 B' R B R2	330253
36725411212121	R B R2 B D R' D B' R' D2 R2	210273
74165232121112	R B R2 B R D' R B' R' B2 R2	524550
35721642221213	R2 B D' R B' D' R D2 R D R'	939188
23657142121112	R B' R D R2 B2 D R' D2 R D2	610664
46123571111111	R B R' B2 R D' R D' R2 B2 D2	1267937
54163272233111	R D R B R' B2 D' B R D R	1050142
76245313123121	R B2 R D2 R2 B R D R' D2 R'	394036
12463751231231	R B2 R B2 R2 D R' D' R D' R	269944
16523741112212	R B R D2 R2 B' R D2 R' D2 R2	234842
14762351331221	R B2 R B' R2 D2 R' B R D2 R	293592
16537421113331	R B D2 B D R' B2 D R D B'	244313
52741633323311	R B D' R D R2 D B' R2 D2 B	300510
23165471311133	R B2 R B2 R2 D B D R' D2 R'	451797
76321452122333	R B R2 B2 R' B D2 R D2 R2 D	367117
76354123211132	R B R' D R2 B' D' B R' D2 R2	387819
13627451332112	R B R' B' D' B D2 B' D R' B'	232011
74312652333332	R B R2 B2 D B' D B' D R B2	253402
14752363222121	R B R2 B R2 B D' B' D R2 D	266830
45312672223331	R B2 R' B' D R2 B' R' D' R D2	493924
54712361323313	R B2 D2 R' D' R D' B2 R2 D B	378191
51642371122313	R B2 D2 R' B' D R' B2 D2 R D	661956
37624512231212	R B R' B2 R' D B D B2 D2 B	804507
16275341312213	R B2 D' R2 D' B D' B2 R2 D' R	1388714
56347122333233	R B' R B D2 B' R B2 D' B2 D	338017
14763253221221	R B R' B R' D B2 R2 D2 B R'	348130
27416532133232	R B D2 R' D B' R2 B' R2 D' R2	212863
27536412332312	R B2 R2 B' D R' D R2 D B D2	359668
36741252122321	R B2 R2 B R B' R D' R B' D2	541332
72561432213122	R B' R D2 R2 B' D B' D' B R2	534393
16527431312222	R D R' B' D R D2 R2 B2 R B'	724233
47265312313211	R' D R' D B D2 R' D R B2 R'	1051903
16243571132132	R B R2 D' R D' B2 D' R2 B' R2	196284
12546371221331	R B2 D2 R B2 R D' R' D' B2 D2	212640
32167451333111	R B D B2 R' B2 R B2 R2 D' B	304462
21345762223322	R D2 B' R2 B R2 D' R D2 R2 D'	403901
32561472133313	R B R' D2 B2 R' B D R B2 D2	512316
74561233131233	R B D' R2 B D B2 D R2 D2 B	312764
76512343332311	R D2 B' R2 D R' D R' B D' R	426015
63725143123313	R2 B2 D2 B' D R' D2 B' R D' B2	698867
12357462211112	R B' R B R2 B2 D2 R' D' R D2	422869
76543212132323	R B D' R D' B2 R2 D R B D'	273785
65132741223323	R B R' D' R B' D B2 R2 D' B'	210514
12543673111331	R B D R' D R2 D' B2 R B' R	223144
21345762312323	R B' R B' D R2 D2 B2 D B R'	482087
63725141112323	R D R2 B' R B R2 D2 B R' D'	440416
25436712123122	R B D2 B R B2 D B2 D B2 D	300497
75346213132121	R B D R' B2 D2 B R' B D2 B2	370776
36527411131133	R B R2 D2 B' D2 B D' B' R D2	311565
13276541323322	R B D2 R' B D' R D B R' D2	388298
14726531223122	R B' D2 R2 B' D B' R2 D B' R2	308221
14736521132222	R B2 R D R' B R D B2 R B2	363627
46375213333121	R B R2 B D' R D' B' R' D R2	255694
32165742331112	R B R2 B R' D R' B' R' B R2	484388
67245311112311	R D R' D B R2 B R2 D2 B D	607900
41735622313322	R B R2 D2 B D2 B R D' R D	768074
35426713131113	R B R B2 D' R B R' B D' B'	353529
41736522332231	R B D2 R2 B' R D' B D R' D'	314019
76245311213312	R B D' R' D R2 D B' R B2 R'	275302
74325612221222	R B R2 B2 R' D' R2 B D2 B' R2	399022
12367541331131	R B R2 D2 B' D R' D B D' B'	436347
56324171221331	R B R' B R2 D' B D' R2 B2 D	360835
14735621223332	R2 B D' B2 R' D R D' B R2 D2	503695
36145272131213	R D' R2 D' B R B R2 B2 R B	478661
67435121332112	R B D2 R' D2 R' B D' B2 R2 B	212218
32476513232231	R B' R D' B R2 B2 D2 B' R D	235258
76145233232333	R B R2 B2 D R D' B D2 B D2	262178
67435123123121	R B D2 R' D2 R' D R' D2 B2 D	230018
35162472122231	R B R' D2 R' B D2 B2 D' B2 R	341916
54167233232333	R B' D' R B2 R B D' B' R2 D	341693
54326711112212	R B D' B R2 D' R B' D2 R2 B	374305
14632571321132	R B' R B' R' D B R2 D' B' D	475262
14327653121213	R B2 R' D2 B D B2 D2 B' R' D2	281100
14765231111312	R B' R D R' B2 D B2 D B' R	434121
47256133212311	R B D' R' D' R2 B2 D' R B' R	334627
14763521113211	R B2 R B2 D2 R B2 R' B2 R2 D'	319567
71432563323113	R B D2 R' B R2 D R' D' B' D	404490
14723651111213	R B D B' R2 B D' B D' B2 R'	407029
52167433331333	R B' R B2 D' B2 D R' B D2 B'	739009
37614522113321	R B' R2 D2 B' D B' D2 R B' D2	780948
32165741111132	R B D2 B D' B' D R' D' R2 D	234211
72345611331332	R B2 D' B' D B' R D2 B' R B'	206124
16534271111132	R B R B2 D' R B' R B' R2 D	278149
65132471323121	R B' D' B D2 B R' B' R D2 R2	320145
32174652332132	R B D B' R B' R D2 R' D2 B'	288416
12745633131131	R B2 D' B' D B2 D R B2 D2 B	344200
12345673131323	R B R2 D B' D2 B' R B' R D2	550083
37615421113322	R B2 R' D B' R B' D R' D2 R2	569978
27453161123111	R B R2 D B2 D R2 D2 B' D R	290701
32167453222313	R B R D B2 R B2 R B' R2 D2	264639
17362451231321	R B D R' D2 B D' R' D B' R2	321406
17452363213232	R B2 R' B R2 D' B R D R' D'	313128
76315241113112	R B D2 B D' R B R2 D' B R'	287253
76354212312233	R B2 R D' R D R2 B' R B R	598133
41625373121213	R B R D2 R' D' R2 B D' R' D'	895347
23165742131333	R2 B2 D2 B' D B' R2 D' R D' R2	1152946
16257433223123	R B D B2 R2 B' D' B2 D' B2 D	263602
46375212113111	R B D2 B R' D' R D' B' D2 B	280882
34725612231332	R B D2 B' R D2 B' D' B D2 B2	294773
36725413131311	R B' D2 B' D' B D' B R' D2 R2	254743
17463251122112	R B D2 R D' B R2 B2 D' R' B2	361322
14325673311131	R B2 D' R' D B2 D B D2 R2 D	671958
42615372213311	R D B2 R' B D R2 B2 D B' R'	575498
65174233331213	R B D R' B2 D' R D R B2 R2	877366
12357461113331	R B2 D2 R D2 R D' R' B' D2 B'	537699
56723413331111	R B R B' R2 D2 R B R2 B R2	266596
32175461113112	R B D2 B R' B R B2 D' B R'	250200
23165742131321	R D2 B' R2 B D2 R' D R2 D2 R'	514593
76325411111312	R D2 R2 B' R' D B' D2 B D' B2	865584
71362453113311	R B R' D' R D R' B R2 B' R	478491
34275162213221	R B' R B' R2 B' R' D' R D2 B	481241
67321451212211	R2 B R' D' R D R' B R2 B' R	715112
14325673232333	R B R2 B2 R' D' R2 B R B2 D'	285875
16245371231231	R B2 D R' D' B2 R D2 R D2 R2	281229
53742612323333	R B2 R B' R2 D' B' R' D2 R' D	306621
24531673123121	R D B R2 B' D R2 B' D2 B D'	253972
74265312333233	R B D2 B' D2 R D' R2 D B D'	302155
14536273311311	R B D2 B2 R D' B' D B2 R B	352660
45736121122211	R D B D2 B' D R2 B' D2 B R'	540676
31564272212111	R2 B D2 B2 R D' B' D B2 R B	582444
73625141112323	R B R2 B' R2 D2 B D B' D R2	332617
63741522123131	R B R D2 R B R2 B' R' D2 B	414836
16423572112121	R B D2 B2 R D' B D' R B R2	253203
52167432122222	R D2 R' B2 D R D2 R2 D' B' D2	408262
26547313131323	R B2 D2 B' D R' D R2 D' R2 D	370603
67321542232133	R B D B2 R' B' R2 B D R2 D	413278
24315762213323	R B R' D R B2 D' R D R2 D'	1280770
36547212121313	R B' R D2 B' D2 B R' B D2 B'	569401
72143652111311	R B R D2 B' R D' B' D2 R B'	250704
74523611213111	R B D2 B2 D B' R D2 R2 D R'	318600
76321453323311	R B' D' R2 D B2 D' B D2 B R'	341785
34561273313321	R B' R' D2 B' R D' B2 R2 B' R	379150
24761531221223	R D R' D2 B R' D B R' B2 R'	325514
74123653133231	R B R D2 B2 D' B R' D' R2 B	280093
34527613312133	R B2 R2 B' D2 R' D B2 D2 B' R'	284302
25413763121222	R B R B' R B R2 D' B D B2	422656
12765433121213	R B' R D' B2 R2 D R B' D B2	395125
34165271311121	R B R' D R D B' R2 B R' D2	355400
34165271121311	R B2 D' R' D2 B D B2 D2 B' R'	338018
36745212131111	R B R' B D B D' R2 D R' B2	419267
14523673121312	R B' D' B D2 B2 D B' D' R D2	483123
72165433233323	R B' R B R' B2 D R2 D R' D	661717
12765432222212	R D' B2 D' B D R D2 R2 D R	834701
56743212221222	R D B2 D2 B' D' R2 B R2 B' D2	931035
72361453232333	R B R B2 D' R D' B' R2 D B'	309511
16327453232333	R B R2 D2 R' B2 R' B D2 B' R'	296156
52163472111311	R B R D2 B' R D' B' D2 R B	249471
36147251121311	R B2 R2 D2 B R' D B' D2 B D	333899
63125743131233	R B R' B D' R B2 R2 B R B	394365
74163253121111	R B' R D R2 B' R' B D2 B' R'	427931
43572612312323	R B2 R' D2 R D' B D' B2 D R	591777
71453623311122	R D B2 D' B D' R B2 R' D2 R	704796
74125633133222	R B D2 B D2 B' D2 B' D R D2	228252
12374562111212	R B' D B2 D2 R' D R' B' R B	321088
46321752111131	R B' D2 B D' R B R2 D' B R	226570
47632152233321	R B R D2 B' R B' D R' D2 B	281089
54721631122121	R B2 D' R D2 R' D' B R' B2 R2	347730
32765413231223	R B2 D' R' B D2 B D B2 R2 B	255183
15647233213232	R B R B' R2 D2 B D' B' D R2	245465
26517343333313	R B2 R2 B D2 B2 R2 B' R2 B2 D	528291
37561241311112	R B2 D' R B' D' R D2 R B D'	306425
32145671132222	R B2 R' D B' R2 D2 R' B' D2 B'	264106
16537421332112	R B R2 D' R' B' R' B R' B2 R	234090
52341671122211	R B2 D' R2 D' R D' B' R2 B R2	309610
74163253131332	R B R' B2 D2 R' D B D B2 R2	462378
12745633313333	R B D' R' B R' D' B D2 R' D2	517790
36527412322232	R B D' B D R D' R2 D B' R2	391949
24315673311311	R2 B D' B' D' R D2 B' D R2 D'	672218
52761433121111	R B R' B' R B2 D' B2 D' B R'	271559
72541631113121	R B2 D2 R' D B R2 B2 D R B	312721
52743613121111	R B' D B R2 D' B R' B R2 B'	302670
16725432232223	R B R B' R D2 R' D2 B R' D	265841
37415622333221	R D2 R' D B R D' R2 B D' R'	451396
14527631311121	R B2 D2 R2 D' R' D R' B2 R B	467409
45367122223133	R B' R2 B R B2 D' B D2 B' R'	516571
23174652123131	R B R2 B' R D2 B' R' D2 R B'	681582
73542613132322	R B R B2 R' D B2 R' B2 R B2	214858
73625412222323	R B D2 B2 R B' R2 D B R2 D2	368975
27534162311111	R B D B' R2 D B' R' B D' B2	266450
23756413222112	R B D' R B2 R2 D' R D' B' R	300481
67452313321232	R B2 R D2 R2 B R' B' R B' R	553303
36745212122312	R B' D' B D' B' D B2 R' D2 R	414641
32167451222222	R B D' B2 R D B2 D B2 D2 R	333868
27546312231122	R2 B2 R D2 R2 D B2 R' D2 R2 B	615629
41765231233232	R B2 D B' R' D2 B R2 B D2 B2	205830
16534273211111	R B' D2 B' D B2 D R2 B D B2	292819
67354213111313	R B' D R B2 D' B2 R D R2 D'	293162
54367122311111	R B2 R' B2 D2 R' D2 R' D' R2 D2	348512
27615431312333	R D B D2 R2 B D' B R' D R'	387229
71264533231313	R B D2 B' D2 B D' R2 D' R D2	543315
74251633111313	R B R' D R B' R2 B' R2 B R	677372
63174522332132	R B R2 D' R2 D B2 R' D R B'	208573
16574231113133	R B R2 D2 B2 D' B R' D' R D	233759
15672433312133	R B D B' D B' R B' R B2 D	271329
71625433213133	R2 B D B' D B' R B' R B2 D	431699
46721533123313	R B R2 B' R D' B R' D R B2	711737
36741252123323	R B2 R2 B' R D' B R' D R B2	614409
14625732213323	R B R2 B D R' D2 R' D2 R' B2	563756
57264132111323	R B2 R2 B R2 B R2 D' R B2 R2	690808
45176233131113	R2 B D' R B' R B R2 D2 B2 R	959602
21354762213311	R B R' D2 R B R' D R' D B2	524338
56347213111211	R B' R' B R2 B D B' D' B2 R	431609
75641323232111	R B2 R' D2 R' B R2 D B2 D R2	353576
65314272311132	R B R B' R2 B' D' R B2 R2 D'	317963
52741632212213	R B D2 R D' R' D2 R' D2 B D'	462688
32164571232323	R B R2 D' B R' B R B D' R2	549310
25471631312213	R B' D R2 D R' D R' B' R2 D2	446454
12346751113133	R B2 D R' D B D' R2 B2 D R	656936
16527432231122	R B R' D' B D2 R' B R' D' B	261479
71562433123232	R B D B' D2 B' D R2 B R' B	257195
31265471321111	R B R2 B D' B D B2 R' D R'	278546
35462171131313	R B R D2 B2 D' B' R2 B' D2 B2	372381
31267542222233	R B2 R D R' B R2 D' R D B'	373074
52741632212231	R B2 R' B R' B' R D R' D B'	310373
24615731132333	R2 B R2 D2 B2 D' B R' D B2 D'	619983
73642511113322	R D R' B2 D R' B' R' B2 R2 D	653067
76543212323213	R B D2 R' B R' D2 B D B2 D2	263537
14325673123232	R B2 R' D R' B2 D2 B R' D B2	298104
63752143212323	R B R B2 R2 B D R' D B' R'	219139
37612453122233	R B R' B2 D B' R' B' D R2 D'	284545
74512362313223	R B R B' D2 B' R' B D2 R' D2	262059
31452672322331	R B D' B' D B2 D B2 R' B2 R	302350
25471362323132	R B' R2 B D' B D B2 R' D R	444659
56723413221212	R B D2 R2 D B R2 B R B2 R'	518429
15763242323132	R B D R2 B2 R' B' R2 B' D2 B	258293
45613271331221	R B R' B2 R' B D2 R' D2 R B'	164388
76524313331222	R B2 R D2 R2 D B2 R' D2 R2 B	384658
36527412211322	R B2 D' B' R D' R B2 D' B R'	614644
26415731322323	R B R B' D2 R B D2 B' D' B'	340383
14736521321231	R D' R' D2 R' D' B2 D R D2 B'	431304
37615422211133	R B2 R D' R B' D R' B' D2 B2	619207
34716522223211	R B2 D' R2 B D' B R' D B' D	685121
32145671333333	R B2 D' B D R' B R' D2 R' D	346326
32756141233121	R B2 R2 B D2 B R2 D' B D2 B2	314406
12345673231313	R B' R2 B' R' D B' R D' R2 D2	245284
24651731113223	R B D' B D' B D2 B2 D R D	284864
52714633213223	R B2 R' B' D2 R D' R2 D R' B2	257901
14567231321123	R D R' B' D B2 D B' R' B R	367944
26371453112111	R B2 R' B' D' R D2 B D' R B'	341058
43176252123131	R B R' B2 D R B R2 D' R D2	431762
23156471333132	R B R B2 R B R D' B2 R' B2	258614
64321572132131	R B' R2 B R D2 B2 R B D R2	344063
54276132233312	R B2 R' B R' B2 D' B R' D2 R2	375819
52147631211131	R B R B' D2 R B' R B' D B2	307126
27516341111111	R B R B2 R B2 R B R B2 D2	514443
43572161111111	R B2 R' B' R' D R2 B D' B D'	496027
27534161111111	R B R B2 R D' B' R B' R2 D	692595
25137461111111	R B' R B R' D2 R' D' R' B D'	863837
14735621332112	R B R D2 R D2 R' B2 D B R2	230539
32546713323212	R B D B D' R2 B2 R' B2 D' B	238169
32451762331121	R B R' B' D B2 D R2 B' R2 B	297738
12745632222221	R B D2 B' R' B2 R' B D R2 B2	306744
47653213211231	R2 B D2 R' D R D2 B R B' D'	354234
14752633223231	R D R B' D R' B' D2 R2 B' D	312089
53126471321321	R B' R' B2 R D R2 B' R2 B D2	418098
37614252221123	R B2 R' D R' B' R B' R2 B R2	362902
34127651312111	R B D' R' D2 R' B2 R B' D' R'	260914
72143651213111	R B R2 B' D B' D R2 B2 D2 B	240667
14652733321331	R B R B D2 R D' B2 R2 D' R	267203
73645213112231	R B D2 R' D R D2 B R B' D'	251675
32754163211123	R B R2 D B' R2 B' R' B R2 D'	355585
73645122222311	R B D B D R' D2 B D2 B R2	353282
63741252222323	R B2 D B2 D' R D' R B' R' D	378430
25314673131311	R2 B R' D B' R D B2 R2 D2 B	692980
17362452213311	R D' B2 D' R B2 R B2 D B D2	385572
72546311323112	R B2 R D R2 D2 R' B R2 D' R'	272657
17364251231231	R B2 D' B2 D R D2 B2 R' B' R2	284371
15642373221323	R B D B D R' D' B R2 D' B	372889
63714521112323	R B D2 R' D' R' B R' B R' B2	516893
45273162222122	R B2 D2 B' R B' R D2 R' B2 R	458786
36754123232222	R B' D B2 D' B R' B D R' B2	467728
12375461111222	R B2 R' D R2 B' R D R D' B2	583942
43615271333312	R B R' D R2 D R2 B' D B' R'	156810
41657321222312	R B R' B R' D B2 D R' D B2	317367
76315241323313	R B2 D B' R D R2 B' D B' R'	414991
13642571221223	R B R2 D B R2 B2 D' R' D' B2	280872
43576211123222	R B2 R D B2 D R' D' B2 R2 D'	430449
74321563311131	R B D2 R' D2 R D2 B' D B D'	355502
54321673313312	R2 B R' B' D B' D2 R2 D R' B	660850
75312463333133	R B R2 B' D2 B' D B R' B R2	875686
73645211321111	R B R2 B R' B D R2 B' D R'	273943
45612373132121	R B D' B R' D' R2 B2 D' R D'	228104
74163253332323	R B D2 B' D B R D' R D' R2	413558
25134672312323	R B R' D2 B R D B2 R' D B2	363157
52463173212332	R2 B R' B' D' R B2 D' B D2 B'	381223
65174232123131	R B R2 D2 B R' B D' B2 D B'	341743
34561273321223	R B D R2 D2 B' R B' R D R2	288376
54621372211121	R B' R D R2 B2 D R B2 R2 D'	473522
73615243332311	R B2 R2 B' R D2 B' D2 B D2 R'	329211
54167232112112	R B2 R' B' D2 R2 B R D R' D2	295030
41762533123331	R B2 R B D' R B2 D' B R D'	396767
72543611332331	R B2 R D B D2 R B' D2 B' R	296797
36714523132223	R B2 R B' D2 R B D2 R' B' D	334040
34561273321133	R B2 R2 B D2 R' B R2 B2 R' B'	491236
51724363121213	R B D' R2 D B R2 B D' B' D	911705
32164571111111	R B' R D2 R' D2 B D' B' R' B	1314401
73246153312211	R B D R2 D2 B2 D' R' D B' R	276920
75321461311112	R B2 D' B R D R2 D R' D' B'	195781
36217541223311	R B R2 B' D B R2 B2 R B D'	313197
32167453313333	R B D2 B' D' B2 R B' R' B2 D2	317350
34165271112212	R B' D2 B' R B2 D2 R D' B2 R	334836
26573413331312	R B R2 B2 R' B D2 R' B2 R B	402105
12376541232233	R D' B' R2 B' D' R2 D B R2 D'	587168
13675242331313	R B2 R' D R D R' B2 D B' R'	224506
14723652322121	R B R2 D' R2 D B R2 D' R2 B'	207324
32765412221312	R B D' B' R B' D' B R2 D' R2	243519
15734622331223	R B R B D B' D2 R B2 R B2	250676
71435263211123	R B2 R B' R B' R B' D' B2 D2	391334
45637123332122	R B R2 D B2 D B2 D2 R' B R	247642
47152631322131	R B2 R2 B' R B' R D2 R D R2	330354
56721432312233	R D R B' R' D R' D' R B2 R	591506
67321451111123	R B R' B R' D' B2 R2 D' B R	505230
47512632312323	R B R2 D2 R D' R' D2 R' D B'	320383
36725411131313	R B R2 D B' R2 B' D B' D R2	213697
24651731333333	R B R2 B D' B' D B' R2 D B'	260639
76154323333112	R B2 D2 R' B' R D' B2 R2 D R	387993
47632153232321	R B' R2 D' B R B R2 B D' B	386763
43561271111111	R B R D' B2 D' R' B' R B2 D'	509135
47621533231121	R B2 R B' R D R2 B' R B D2	302042
23674153232321	R B D R' B2 R' B' R' D R2 B'	241325
63471522123131	R B' R' B' R D2 R' D2 R' D R	407305
73516243323113	R B R B2 R2 D' B D' R2 B2 D'	148553
14735621333111	R B R B2 R D2 R' D2 B D R2	281371
47156233233113	R B' R' D R2 D R' B' D B2 D2	398901
41236753232321	R B' R' B R' D2 B' D R D B2	399046
52761431111312	R B D B' D2 R D' B D' B D2	297251
51324763113332	R B R' B' D B D' B2 R2 B R2	344853
72165433331213	R B D' B2 R2 D' R D R B2 D2	551755
65271432231233	R B R B' D R' D R2 D B D	323399
71264533221323	R B R2 D B' R2 D2 R B' R' D2	342744
25137461211323	R B R2 B' R D R2 D2 R B R'	436899
54367121112212	R B' D' R2 D B R2 D' R2 D B2	464585
25134672233321	R B D' R2 B R D R2 B' D B2	383751
52367142211121	R B2 R B' D2 R' B' R' B2 R' D	450719
76345123312211	R B R B' R B' D' B2 R2 D' R	401507
24715363311332	R B R' D' B R' D2 B2 R' B' D2	336563
74523613111211	R B R D' B2 D B' R' B D' B2	283761
32547612111311	R B R' D' B R2 B' R B D B2	326843
12745632232211	R B' R2 B R' B2 D B D R' B	245762
14763253133222	R B2 R2 B R2 D' B D2 B2 D' B'	357837
35461271111231	R B' D2 B R' D R2 B' D2 B R2	375427
35762142222113	R B2 D2 B' D R' D2 B' R D' B2	435864
54312673311311	R2 B' R D B2 D' R B2 D' R2 D	389799
13254761322233	R B' R' D2 B D' R' B D' R2 D'	518453
71456321322323	R B2 R D R' B2 D2 R D2 R' B'	326127
13246572331232	R B R2 B D' R B2 R D2 B D	223394
32561471122211	R B2 R' B2 R D' R' B D2 R D2	446341
25736411133113	R B' D B D2 R' B2 D R B2 R'	272371
56732143122113	R B' R' D R2 B' R B' R' B2 R'	347814
74165233131323	R B R' B D' R' B2 R' D' B2 D2	316749
37624511232233	R B' R' B2 R' B' D2 B D B2 R'	369139
42673512232133	R D B R2 B R B2 R' D' B2 R	369468
31247651323232	R B' D2 B D' B D2 R' B2 R B2	259694
12376543133231	R B R D B2 R2 D2 R D2 R' B2	219315
54367212333113	R B2 R' B D' R' B R D' B R'	321051
12347651122112	R B' D R2 B R2 B' D B' D2 B2	373920
25631741212121	R2 B R' D B' D' R B2 R B D'	494914
34562171321231	R B R B' D2 R D2 R' B R' B'	375605
65123471112311	R B R' D' R' D2 B2 R' B R' B	342688
26714531212133	R B R' D B' R D' R2 D R2 B'	575285
47156233322312	R B R' D R' D' B R2 D' R' D'	231888
15642373212311	R B R' B D2 R' D' R D' B2 D2	479061
15672341113232	R B' D' B2 R D' B' R B' R2 B'	382687
72165433221233	R B2 R' B R' B2 D2 B' R' B2 R'	288120
52341673323212	R2 B R D2 R B' R D2 R B2 D	482692
74165231131313	R B R' D R' B' R2 B' R' B2 R2	704586
15637423211123	R B R2 B' D B' D R2 D' R2 D	650409
25716431212223	R B D' B D' R2 D R B2 D' R	625937
53761242121211	R B R B2 R2 B' D2 R B D B2	355911
63251743133231	R D R' B2 D R' D R D' B2 D'	412725
75234161322233	R B D R' B2 D B2 D' B R' D'	187412
47251363131113	R B' R2 B R' D B' R2 B' R B'	386529
54261732231233	R B R' D B' R D' B2 R2 D' B'	334878
16345271222111	R B' R B2 D R2 D' B D' B2 D2	671454
64357213312211	R D R' B' D' B2 R2 D' B R' D	615517
54217362233213	R2 B' R2 B R' D B' R2 B' R B'	565430
31265471122112	R B D2 R D' B R2 B2 D' R D2	252260
63752143223123	R B' R2 B D B2 R2 D2 B D' R'	282495
12354762121112	R B2 R' D R2 D R B' R' D R2	353201
12537461332112	R B D2 R D' R D2 R2 B' R' D	230190
56347212111221	R2 B2 R' B R2 D' B' R' D2 B D	289376
36125471212112	R2 B R B2 R B' D B2 D R2 B	389122
74132562121121	R B2 D B2 D R B D R2 D B'	390673
15463271313113	R B R2 D R' D R2 D2 B' R' B	409227
35416721113112	R B2 R D B' R2 D2 B R2 B' D'	225277
72513641233322	R B' R2 B R' D B2 R' D2 R D2	344232
76253413322312	R B2 R D2 R2 D B2 R D2 R2 B	334420
17526431131121	R B D2 R' D' B' D R' D B' D2	347830
76342513322111	R2 B R' B2 D' B D R' D B2 R2	335188
14763521113223	R B R2 D' R' B' D R' B D' B2	294211
32175462312323	R2 B R2 B' R D R2 D2 R B R'	793812
34675212222122	R B' D R' B2 D B' D B D2 B	883019
35126741232212	R B2 D2 B' R B' R2 D' B D' R2	264969
36547213331333	R B2 R' B D' R2 D B2 R' D R'	269397
47156321133311	R B' R D2 R D R B' D R2 D'	495935
26435713311122	R B D' B2 R2 B R B D' B2 R	609794
54716321112323	R B D' B2 D B' R B D2 R2 B'	443998
14726532232313	R B2 D B D2 R2 B D' B D2 B'	329403
56347211312111	R B R B' R2 B' D' R D B2 R'	352916
63752141123213	R B R' B2 R' D B2 D2 B' D2 R	335659
73542613132121	R B D R' B2 D2 B R' B' D2 B2	224561
13246572321332	R B2 D R2 D R D B R2 B R'	265283
36125472111311	R B R2 B2 R' D' B2 R B D2 R'	434711
15627431332112	R B D2 R D' R D2 R2 B' R' D2	283591
74561233321133	R B R2 B D2 B' D2 B' R D R2	380910
75241632222323	R B D2 B2 R B' R2 D B D2 R2	456217
76345122211112	R D B D' R B' D B2 D' B2 R	491917
24563711121212	R B R' B2 D' R' B2 D B D2 B2	462282
16745233121213	R B R2 B2 R B R D' B2 D' B	388178
32156473223123	R B R B' R B2 R' D2 B R' D	228632
76341253233131	R B R2 B R2 B' D2 B' D B R2	237697
47156322332132	R B R D2 R' D R2 B' R2 B' R2	371625
26435712311132	R B R B2 R2 B R B D' B2 D'	687811
53642171111111	R B R' B2 R D' R D R2 B2 D'	506313
23157462131123	R D B' R B' D R' B2 R D2 B'	490953
24715631122133	R B R D2 B2 D' R' B' R B2 R2	682573
47156233223312	R B D' B D' R' B D2 R' B' D'	242933
32174652312332	R B R2 B2 D' R D' R2 D' B2 D'	189744
17426531223221	R B R B D2 R2 B2 R B2 R' B2	185318
45612373332122	R B2 R2 D2 R' B D B2 D2 R2 D'	254737
32147653112222	R B D B2 D2 R' B D' R D B2	267142
16427531211311	R B D R2 B2 D R' B' D B2 R2	355537
62371453311311	R B D' B' D R B' D R2 D' R	254648
14753261221112	R B R2 D R' D R2 D2 B' R' B2	338697
72165433321223	R B R' D2 B2 R B' R' B D' B	278624
52341672323312	R2 B R2 D B2 D R' B D2 B D	323977
17426531331332	R B D2 R' B' R' B2 D B' D2 B	196411
23176453332233	R B D' R D' R2 D B R2 D' R	380099
21357642221132	R B2 D B2 D R B2 D' B R' B2	411515
73642511113232	R B' D' B2 R D R2 D' R' B2 R'	543223
72643513212311	R B D' B R2 B' R B' D' B D2	617015
24637512311132	R D R B2 R B R2 B' D' B2 R	728910
74165233131311	R B2 R2 B' R B' R D' R' B2 R'	308356
32657412111212	R B R D2 R B D B2 R' B R	294290
14736521133131	R B D B D2 R2 B2 R B2 R' D2	247612
27634512233321	R B2 R B R2 D2 R' B' D2 B D'	323558
14736251112332	R B R D2 B2 R B' D' B D2 R2	290385
14723652331232	R B2 D B' R2 D' R B D' B R	241211
72543611223221	R B D' B D' R2 B2 R D B D2	311635
52741362313223	R D B' D' B' R2 D2 B' R B' D	260823
76341252323333	R B2 R' D B' D R2 B' R' B D'	216128
32147562313223	R B R D' R D2 R' B R' D B2	253425
14736521211212	R B R2 B R' D B2 D B2 R D	239545
36152742131321	R B2 R2 B D2 B' R2 D R' D2 R2	459242
12745632212213	R B' D2 B R' B2 D B R D' B	447558
76213543311332	R B D' B R' B R' D2 R B2 D'	395662
62453713311122	R B' D B2 R' B D B' R B2 R2	769715
67354213211132	R B2 R' D' R D2 B' D' R' B R2	662579
32145671221112	R B' R D2 B R2 B' R B' D2 B2	350526
75634123323122	R B D2 B' D2 B R' B R B' R2	253423
35461271321231	R B R2 D2 B R2 B R' D' R2 D'	413792
15624732123212	R B' D B' R2 B D2 R D' B2 D	347831
76354212333332	R B2 R' B R' D2 B2 R' B' R2 D'	315968
47132562311111	R B2 R B2 R' B2 R B2 D2 R2 D'	390323
73645211332112	R B D2 R D' R D2 R2 B' R B2	462375
74165233231313	R B2 R2 B' R' B2 R' B' D B' R	1062682
65132471222111	R B R' B D' B' D B2 R' D' R'	216870
74653213133222	R B D' R2 B D' R D B' R2 B'	251804
71542633132322	R B R2 D' R2 D R2 B' D B R'	245858
12543672321332	R B2 R' B R' D B2 R' D' B R'	257401
73542163321133	R B2 R2 B D2 B2 R2 B D2 B2 R'	276333
73564213321322	R B2 R B2 D' B' D R' B R' B	293855
76145231122112	R2 B2 R' B D2 R' B' D' B2 R D	513092
75143263231313	R B2 R2 D2 B' D2 B' R' B R' B'	331283
32465172332321	R B2 R' D R2 D' R D2 B' D' B2	409217
21354761112233	R B2 D2 R' B' R D' R2 B R' B2	487350
36547212131312	R D R2 D2 R D B R' B2 R' B	441490
23157461231333	R B R' D2 B' R D R' B2 D2 R2	322483
56723411121113	R B D B' R2 B' D' B D B2 R'	250504
31765242322121	R B' D B' D2 R B' R D R2 D	351625
21473563331312	R B R2 D2 B D' B D' R D' B'	430286
47165321232113	R B D' R2 B2 R B R D' B2 R	703784
15672342323312	R B2 R' D' R' D' B2 R B2 R' B2	253487
54721632212231	R B R' D R B R2 D' B D2 B'	274474
17426532331331	R B2 D R2 D R' B R2 B R B	219808
12365473332323	R B R2 B' R D B2 R' D' B D'	348304
76354212213323	R B D2 B D R2 B D2 B D2 B	312303
62135473123121	R D R B' D B' D R2 D' B2 R	467689
47652132231323	R B R2 D2 B2 D' R D' R' D B	476038
16537421233112	R D2 R D R2 D2 R' B D2 R' D'	511292
74561233311233	R B R' B2 R' D2 R B2 R D R2	200154
23156473323332	R B R' B2 D' R2 D R' D2 B R'	220948
65174323223123	R B2 D' B' D2 B R2 D' R D R2	268725
14725363213121	R B R B2 D2 B' R' B' R D2 R2	279100
72365412222212	R B R2 B R D2 R' D' R2 B D'	469192
17463251323112	R D2 R B D2 B2 D' B D2 R' B'	745838
35126742231233	R B2 D2 B' D B' R2 D' R D' R2	720857
47165322232133	R B R D2 R2 D B R B' R2 B'	595304
56147232333113	R B D2 R2 B2 D R B' R B' R	344761
63751423122311	R B D' R B' R B' D2 B D2 R'	300694
12367451132222	R B D B2 R2 B' R B' D' B2 R	282028
52163473111211	R B D B2 R' B D' R' B2 D B	437489
41563273113311	R B R2 B2 D R' D' B D2 R B	335041
73652413331321	R B2 D B2 D B R2 D' B D' R2	297647
15724632323333	R B2 R2 B' D' R B2 D' B R D2	389748
32765411121113	R B R2 B' R D R2 D2 B D' R2	257477
52163471213111	R B R2 B' D B' D R2 B2 D2 B'	242518
54367211222132	R B R' B D' B' D B R' B D2	265196
16527432331322	R B2 R B R D2 B R' D2 R' D	284005
75132463233233	R B R2 D2 B' R D' R' B2 D2 R	249908
24376512222122	R B' R D2 R D' R D' R2 D B2	411369
32416753121222	R D R2 B' D' B2 D' B D R2 D	475095
34527612231332	R B' D R2 D2 B' D B' R' D B2	420430
24751362321113	R2 D B2 R2 D' R' D R' B R2 B	561383
12347653332323	R B2 R2 D2 B' D B' R B2 R' B	373624
74365211213111	R B R2 B' D B R2 B2 D B' R2	357644
71534262122222	R D R D2 B2 R D' R B' R D'	378864
74125633332323	R B2 D' B' D2 R B R2 B2 R' D'	458431
16543271223221	R B R B2 D2 B' D R' D' B2 R	441507
56147231222132	R2 B D' B R2 B2 D' R D' R' D	458247
74123653132232	R D2 R2 D B' R B' R B' R B2	394109
73625143121213	R B R B2 D2 R D' B R' B D'	903721
56123471222312	R B D' B D' R' B D R' D B2	309698
65243712121322	R B2 R D2 R2 D B2 R D2 R2 B2	296903
41673252212222	R B D2 B' R2 B' R B D' R D2	293787
35174262231113	R B2 R D B' R B2 D' R D R'	435851
62174533311212	R B D' R2 B' R B D' R2 B2 D2	387461
72543611331332	R B' D B R' B R2 D2 B' R B2	365511
45621732233333	R B R2 D2 B2 D' B R' D B2 D'	422817
42351763231133	R2 B D2 R2 B' D' R B' D R2 D	619273
13275642131333	R B D R' B2 D' R B' D B' D'	307781
74365212111311	R B R2 B2 D B D' B R2 B R2	361295
16543272331331	R B R2 B2 R' B D2 R B2 R2 B'	229240
37645122312221	R B R D2 R2 D R' B R' D R	269606
76345122213311	R B R' B R' D' B2 R' D2 R' D'	402840
54167231131112	R B R D2 B2 D B D' R2 B2 D'	350051
54612732112223	R B2 R' B D' R2 B' D B' D2 B2	475725
52763411222312	R2 B R' D' R B' R2 D2 R D' R	566785
46275312132212	R B2 D' B2 D B2 R' B R2 B2 R'	334765
21354761122211	R D R D' R B' R B2 R' D2 B	375010
12367451312222	R D2 R2 D B' D R' D B' D R2	367767
35714623111322	R B D' B2 R2 B' R' D B' D R'	363805
26435712222122	R2 B R2 D2 B2 D' R D' R B2 R'	1041240
46275313121222	R B D' B D' R B2 D B' D' R'	907800
36725412111212	R B2 R D R' B R' B R2 B2 R'	1092969
15724631322233	R B2 D2 R' B' D R' D2 B R' B2	691379
36725411121212	R B R2 B D B2 D2 B' R' D R'	298209
73645211223113	R B R D' B2 D B' D2 R D' R	215613
12367452113333	R B' D B2 D2 R' D R' B' R B2	373752
67345211211122	R B2 R2 D2 R' D R D2 R2 B2 R'	527092
71432563323122	R B2 D R B2 D2 R B' D B2 D'	521995
56147232332213	R B D' R B' R B R2 D2 B2 R	627037
31267542313133	R B' R D2 R' B D2 R' B2 R B2	654578
34527612211322	R B2 R2 B' D R' B R' D B R2	671535
36725412123212	R B2 R D B' R B' R B2 R2 B'	323770
32147652231332	R B R D' B2 R2 B R D B' D2	311874
37614523232213	R B' R D' B R D' B R B' D'	328573
46275312112232	R D R2 B2 D' B' D B' R D2 R	402282
14725361322332	R B2 D2 R' D' R D' R2 B R' D2	384840
36725412121232	R B R2 B R B2 R2 B' D' R B'	706235
67345213111133	R B2 D2 R2 B' R D' R D2 B' R	605547
16527431222132	R B' R D' R B' R D2 R2 D' B2	683886
76342513323212	R B2 R' B' R' D R2 B' D2 B R2	290854
45612373322111	R B R' B' D R2 D R' B R2 B'	227823
74123653133132	R B2 R2 B' R2 D' R D2 R2 D' R'	403034
26435712322322	R D2 B' D2 B R2 D' B R2 B2 R'	514860
41762532221333	R B' D R2 D' B D2 R' D2 R D2	433927
71463523331222	R B D2 R2 B' R B' D' B2 R2 D	394756
46275311123222	R B R2 D2 B' D' R D' R D2 R	362853
47165321322131	R2 B2 D2 B' R D' R2 B' R B' R2	509526
15724633132322	R B R B2 R' D B2 R' B2 R' D2	272177
16543271221223	R D2 R2 D R' B R' B R' B R2	393025
14763251222312	R B' R' B2 D' R B' R2 D2 R' D	275796
31265471313113	R B R B' D2 B D' B2 R D' R	235120
74123652322121	R B D2 B2 D' R D2 B R2 B2 R'	367652
14752633222223	R B2 R D' B2 D' R2 B D2 B' R	415471
52763413223312	R2 B D' R B2 R2 D' R D' B' R	461945
32465172112121	R B2 R2 D2 R' B R D2 R2 B2 R'	423207
54721633333331	R B R2 D2 R B R2 B D R2 D'	292074
73642513223222	R D2 B' D B2 D2 B' R D2 B' D2	330859
74125632321332	R B R2 D2 R B2 R' D B R2 D'	222046
32465173133111	R B2 D2 R2 B' D R' D R2 B' R	270910
56123472331331	R B R2 B2 R D R2 D2 R' B2 D	297573
74365212333332	R B R2 B D2 B' D2 B D' R' B2	298899
36721452122213	R B2 D2 B R B2 R D R2 D' R	526419
65174232133313	R B R B' D2 R' B D R B2 R2	800018
76341253221212	R B' R' B D' R' B D2 R' B2 R	400094
74132563132112	R B2 D' R B2 R2 B' R D2 B' D2	312769
67354212212222	R B D R2 D B D B' R2 D' R2	426422
16725433122212	R B R2 B' D' B2 R B' D' B2 R2	299222
36527412131222	R B' R' D R' B' R D2 B' D2 B	387019
76543211212112	R B' D B2 R B2 R' B D' B2 D2	686477
12347652111221	R B R2 B' R D' B2 R2 D' B' R2	310900
36721452121322	R B2 D' B R D' B R' D2 R' B	587636
45612373132223	R B2 R B' D2 B' R2 D R2 D' R	414904
76543211333333	R B2 D' R B D' B D' B2 D' B	278722
62135473131131	R B2 R2 B' D B' R2 D R' D' B2	284860
52743611113121	R D B2 D' B D R2 B' R' B R	364087
32765413122212	R B R' D' B R' D' R B2 D' R2	460535
76345123311113	R B2 R2 B' R D' R2 B R' B' D2	322721
52761431112131	R B2 R2 D2 B R' B R' D2 R B'	327193
32164572232223	R B' R B' D R D' B D B' D'	610040
36147253111112	R B D2 B' R B R2 D' R' B R	323411
34761252323222	R B R B' D2 B R2 B D R' B	276538
45612373332221	R B2 R2 D2 B D' R' D R' B D2	305068
16743252323222	R B R2 B D R' D B D R2 B'	263532
56741231131211	R D B2 D' R B D2 R' D' B R	360115
62135473122131	R B R B' D2 R2 D R' D R2 D2	262317
32741653111112	R B2 R2 D2 B D' B R' D2 R D'	426636
15724632323231	R B2 D2 R2 D R B R' B D' B2	377597
16725431211131	R D B R' D2 R D' R B' D2 R'	504521
52147631121311	R B2 R2 D2 B R' D B' D2 B D'	352868
64531273122131	R B R B' D2 R2 D R' D' R2 D2	234305
76321543211111	R B R D' B2 R2 B D' B' R2 B2	507595
16735242122213	R B R2 B2 D' R B' D' R D R'	440622
52167342121232	R B R' D B R2 D2 B' R2 B2 D'	498524
14723651111312	R D B D' R2 D R' D B' D2 R'	541575
76345123211111	R B R D' B2 R2 B D' B R2 B2	381860
12347652223232	R B2 R2 B D R' B' D B' R' B	273985
47162351322122	R B D B2 D2 B R' D R' B D	323625
21654373332221	R B2 R' D' R2 B D' B2 D R' B2	270070
13265742131312	R D R B2 D2 R B' D R' B D'	439362
27365412321212	R B' R D2 R D' R D' R2 D B'	457023
51742632323231	R B2 R' B2 D2 R' B2 R' D' B2 D2	500200
74125633121111	R D R D' R2 D B' D B' D2 R'	457235
36542712121322	R B2 R D2 R2 D' B2 R B2 R2 D'	625963
26135742332312	R B' R2 B' R' D2 R' B D B2 R2	304817
32567412122222	R B R2 D' R B R B2 R2 D' R	392175
24563712121232	R B R' D2 B' R' D2 B R D2 R2	512298
46512372113321	R B R2 B' D2 R2 B R B' R D	524206
52361472121313	R D B2 D2 B' D' B2 R B2 R' D2	333954
13276451113211	R B' R2 B' R D R2 D R' D2 R'	517779
53761242221213	R B2 R' D' R B' R D2 R D' R	506333
23164752131312	R B D R2 B2 D B' D B' R D'	953076
46572312132122	R B R2 B' D B2 R2 D R' D R2	238884
76541233333313	R B' D' R D2 R2 D R' B' D R2	408457
32741651121311	R D2 R' B R D B' R D' R2 B	486343
24716532323231	R B' R2 B' D B R2 B R' D2 R'	524677
32567413131212	R B R2 B2 R' D' B2 R D2 R' D2	469222
53761242321212	R B R B2 R B R B2 D' R B'	703039
24563713121222	R D2 R' B' R D' B D2 B D' R	759360
16273541122133	R B' R2 D2 R D R2 D R B' R	834372
27543611111132	R B R' B2 D2 B R2 B D2 R B	290469
45671231132231	R B D R' D' R' D B D' B D2	175224
67354211333111	R2 B2 R' B D B' R2 D2 R D2 R	273170
32145673112222	R B R' B2 D2 R D' R' D B' R	222702
14537622231323	R B R2 B2 D R' D2 B R B2 D2	277590
15634722321233	R B D2 B R' B D' B' R2 D R'	277346
45612371133221	R D R' B2 R B R' B D' B D2	324653
72165432111122	R D2 R' B2 R B' R' B D2 R D2	536703
12563472131213	R B' R2 B' R' D2 R B R2 D' B'	296694
76354121313131	R B D R B D' R' B D2 R' D	277934
32765413322312	R B2 R B D2 B2 R B' R B2 R'	241074
65132472212231	R2 B2 R B R2 B' D2 B D' B' R2	411658
63721541233322	R B D' R2 D' R' D' B D2 R' D	278320
72165431113331	R B R' B D' R2 B2 D R B R'	276484
52741633313321	R B D' R D' R' B R B' R B2	401267
13275641112233	R B2 R' B D' R B' R B' R2 B2	514479
21364753212212	R B R D B D' B2 R B2 R B2	313839
76325411122121	R B2 R' B2 R B' D' B D2 R B2	213840
12673542331133	R D R' D R' D B' R2 B R2 D'	278521
74321653233323	R D R B' D2 B R' D B' R2 D	380376
36125743222331	R2 D B' D' B' R D2 B' R B2 R'	457531
76354213222223	R B2 R D2 R2 B D R D' R2 D'	319692
12543673221323	R B2 R D2 R2 B' D R D' R2 D	424751
47265312122222	R B R B2 R' D' B2 R D' R' D'	921923
36752143132232	R B R B D B' D' B D2 R' B	320897
65132743222331	R D B' D' B' R D2 B' R B2 R'	348251
54362711323112	R D R' D' R D' B R2 D2 B' R	306748
76543211223221	R B2 R' D R' B2 D2 B' D' B2 D'	256376
76325411331311	R B' D R' B2 D B R2 D' R D'	303320
24715632313223	R B R D' R B' R' D2 B2 R' B	508749
24731562311231	R B2 D R B2 D2 R' D2 R D' B2	487878
13275641112323	R B2 R' B R' B R' B D' R2 D2	526329
45721363321313	R B2 R2 B D' R2 B R2 B R2 B2	388743
76143252221222	R B2 R B' R B2 R' D2 B D' R'	298238
34725613111133	R B R2 B' D B2 D' B R D2 B2	337496
75316241231231	R D R B' R B' R D2 R D R	311020
76321452122321	R B2 R B D B2 R B' R2 B' D	313455
75146321323331	R B2 D2 B' R D' R2 B' R B' R2	356287
14725363311113	R B' D R2 B' R2 B D' R B R	420318
36527412231122	R B R2 D' R2 D R D2 B' R2 D'	494668
52163473111331	R B2 R B R2 B' D2 B D' B' R2	280681
74365211333111	R B2 R' B D B' R2 D2 R D2 R	163370
31564272213311	R B D R' D R2 D' B R' D R2	262284
75642132213311	R B R' B R' D' B2 R' D2 R' D2	268728
24367511323112	R D' R2 B D' R D' R' D' B R2	366475
45312762311111	R B R' D2 B2 R' B' R B' D B	389806
46257132211133	R B' D2 B D R2 B' D R2 D' R'	505175
26453172211133	R B' R2 B D B2 R' D R2 D' R'	690700
56712341232113	R B R' B' D R2 D R' B R2 B2	360812
25741632312323	R B2 R2 D2 B' D B D' R B' D2	278294
67321451112311	R B D' R B2 R' B R' D' B R2	399040
52167433133333	R D B2 D2 B R D R' D2 R' B	405149
13265741112323	R D R2 D' B2 R2 D R B' D B2	491223
62543711311112	R B R D2 B' R B' R D' R' B2	517635
34125672131213	R B R2 B D R2 D' R' D2 B D'	779770
13572641122133	R D R2 D' R2 B2 D R D' B D2	1511411
75346213332122	R B2 R2 B' D R' D2 B R' B' R2	285752
54721633231322	R B D B' R2 D2 R B D2 B D2	377041
64531273312211	R B R B' R D2 R' D R' D R2	246969
46127353131323	R B' R' D R D B2 D2 R' B R	542771
25714632123131	R D R2 B2 D R' D B' R2 B R'	481541
13246571111111	R B2 R' B' R D2 B' R' B D' B2	543340
65213741111111	R B D' R2 D B' R D' R2 D2 B2	614523
45367211211122	R B2 D2 R2 B D' B R2 D' B D'	549985
36721451131331	R B D' B D' B2 R2 D B D R'	262081
51367241211113	R B D' R2 D B2 R' B D B D'	235593
72643513212332	R B2 R' B' D' R D2 R D2 R' D2	218412
42751632323231	R B D' R2 B2 D' R' B D' R B	393816
72546313323212	R B2 R' B' R' D' R2 B R2 B' R2	509228
45312672233321	R B D2 R2 B D' R B' D2 B R'	471906
12376541112323	R B2 R' B' D R2 B' R' D B' D2	1858324
75346213132322	R B R B2 R' D' B2 R D2 R' B2	470931
72165432211112	R B2 R' D2 R D' R' D B2 R D2	224177
52147633111112	R D2 R' D B D B' D R' D2 B	429719
12365741113331	R B D' B R D2 R2 D' R' B2 D	500116
12357461111222	R B' R2 D B2 D' B2 D' R' D R2	485409
16275343122221	R B D' B2 R D' R' D' R B2 R'	345131
64357213231322	R D2 B R2 B' R B' D R' B' D'	672569
31264573132313	R B R B' D2 B R' D' B2 D2 R'	187387
54167232333113	R B R' B R2 B' R2 D B R D'	269254
62135473232231	R B2 R D2 B2 R' B D' R2 B2 D2	225651
62173543232132	R B2 D R B2 R B2 D2 R B' D2	285705
26435712233321	R B' R D' B R2 B2 D2 B R D'	458917
56124371232323	R D R' B' R D' B D2 R2 B' R	368818
12354763131131	R B2 R B2 R2 D R' D R2 D R2	298743
32761453121312	R D' B2 R B D2 B' R' B2 R' B'	557701
14325672231323	R B D' R D' B2 D' B R D B2	375433
76543211332331	R B2 R' B D2 R' D' B' D R' D'	181936
46157321331233	R B D' R' B R' D2 B2 R' D' R2	269954
63752412333113	R2 B2 R' D R D' R2 B2 R D2 R	394716
45721363322231	R B D R2 B2 D' R D' R' D2 B2	310215
14765233113131	R B R2 B' R D2 R' D R B2 D2	222972
34561272213122	R B D B' D2 R2 D R B R' D2	458011
65423713321322	R B R2 D2 B2 D' R D' R B2 R'	619131
72563411113121	R B2 R' D B R B' D R' B2 D	289587
24715633131131	R B' D B2 R' B2 R B' D B R	304325
74125633132232	R B R B2 D' R B2 R' D B2 D2	172564
36752143133222	R B' R' B' R2 D B D R' D' B	256207
13542671231231	R B R' B R D2 R2 D' R' D2 B	235659
76325412112121	R D2 R' B2 R D' B' D B2 R B2	380275
15643271331221	R B' R' B' D B2 R' B D2 B' D	227441
26534713333313	R D' R B' R B2 D R' B' R' B2	539787
42137653132121	R B R2 B R' B D' R D2 B' R	227233
63142571132321	R2 B' D2 R B D2 B R2 B D' B2	734493
32145672113333	R B D2 B' D R2 B' D' B R2 B2	209119
34165273222322	R B R2 B R2 D2 B R' B' D B2	270293
47165322313211	R B D2 B R2 B2 D2 B R2 B' D'	426403
75431263133213	R D2 R2 B2 D' R' D B' R2 B R'	347459
32164572233321	R B' D2 R B D2 B R2 B D' B2	523082
74521633133333	R D2 R' D2 B R B2 R2 B' D' R2	392714
76321452122123	R B D R' B2 D2 B D B R' B2	295657
47126351233232	R D R' B R D' B2 R D' B D'	203781
56347212232223	R B2 R D B2 D' R2 D B' R' D2	298937
71432563232213	R B2 D B R2 D2 B D' R B2 R'	338296
12347653132223	R B R D' B2 D R' D' R2 D2 B2	304613
32765411331113	R B2 R' D R D' R2 B2 R D2 R	259417
24736512222332	R D B' D R' B R' B2 R D2 B'	496335
35417622223133	R D R2 D' R B' R B2 R' B2 R	547039
75213642223133	R B D2 B' R B' R D2 R' B2 R	559175
57642311113322	R B D' R D2 R2 D B D2 B R'	386983
32417653132121	R B R B2 D2 B' R' B2 R' B2 R	245428
34125672221222	R B R2 D2 R' D' B' D B2 R' D	382316
47352612311132	R B D R' D' R D2 R D2 B' D2	327404
27453161132111	R B2 D' B' D' B2 R D' B2 D' B2	301893
56271433132313	R B2 R2 D' R D' B' R D B' D	379572
56274312313211	R D R' D B D2 R' D R B2 R'	602389
14327652131213	R B D2 R' D' B2 D R D2 R D'	476086
26135742213323	R B R' B D R2 B' D R B2 R'	741656
13276543323122	R B' R B' R B2 D' B' D B2 D'	271518
32561471113133	R B' R B' D2 R D R2 B' R B'	345141
21654372233321	R B2 R2 D2 B' D R B' D B' D2	280546
54367122211121	R B2 D' B' R2 B D2 R' B R D2	334033
76354123211123	R B2 R D B2 D' R' B2 D B D'	376603
15672343213232	R B2 R D' R2 B2 R' D R B2 R	297186
75246311111111	R2 D R' D B D2 R' D R B2 R'	885115
57123461111111	R B R' D2 R B2 D' R D R B'	1288074
71456322111221	R B2 R' D' B' R' D2 B D2 B' R2	294058
25436711311313	R B2 D2 R2 B' D B' R B2 D' B	320393
36721453113113	R B' R D' B2 R D R2 B' R D'	319465
24367513111121	R B R' D2 R B' R B' R2 D2 B2	233413
76312453211111	R B R' B R2 B' D B' D' B R2	396777
71462531113322	R D B' R2 D R' D' B' D2 B2 R	635411
27634511131133	R B2 R' D' B' R D2 R B2 R' B2	267292
32156741112323	R2 B R' B D R2 B' D R B2 R'	1355757
32576142313223	R B2 R' D R2 D' R D2 B' D' B	319910
51426733312211	R B2 R' B D2 B' R D2 B' R' B	299699
14736523112222	R B2 R D' R2 B R D2 B' D' R	237586
13246573321223	R B2 R B' R2 D B D2 R' D' R	353445
75346212323333	R B' R2 B R B2 D2 R2 B R' D'	322749
41756231321213	R D2 R D R2 D B' D' R2 B2 D'	459609
25436712123332	R B2 R2 B' R2 B D R' B2 D B'	432730
43576212112232	R D2 R D B2 D B' D' B2 R2 D'	396379
13546271321321	R B' R' B2 R D' R2 B D2 B' D2	224331
36521472331121	R B D R2 B' D' R2 D' B R B2	197661
23456173212332	R B R' B' D' R B2 D' B D2 B'	259622
23165471312132	R B D R' D2 B R D' B R2 B	317688
64531273123121	R D R B' D B' D R2 D' B2 R'	291700
21654373332122	R B2 D2 R2 B R' B R2 D' R B'	341288
54123673233323	R B' R D R2 B' D R' B R2 B'	324968
25634713321232	R B2 D R' B' D2 R D2 R B2 R2	324408
52761431113121	R B2 D R' D B' R2 B R' B' R	299736
71452363213232	R B2 D R' B D B' R2 D2 B R	199438
72345611133113	R B R B2 D' R2 D R2 D2 B' D	220271
74563211232332	R B D2 R B2 D' B' D' B2 D' B'	429820
12347561112212	R B D' R D R2 D2 B' R' B D2	469464
13645271221331	R B D2 B2 R D' B2 R B D2 R2	230256
46375212332222	R B R2 D' R' B R D2 B2 R2 D'	482328
12543671331113	R B D R2 B' R2 B D2 B2 R' D	610805
21374653333121	R B2 R D R2 D R' B' R2 D2 B'	283511
31624751112233	R B R2 D' R2 B D' B' D B' R2	288490
25436713332122	R B2 R' D B' D2 R2 B' D' B2 R'	418788
14726533323122	R B2 R B' R B2 R2 D B D2 B'	267115
35426713111313	R B2 R B2 R2 D B' R B2 R D2	373413
31624753312211	R B R D R D2 B R' B D2 R2	483960
75264311223122	R B2 R2 B R2 B D2 R' D B2 D2	366164
45376213131323	R2 B2 R D B2 D' R2 D B' R' D2	429578
14527633132322	R B2 R D R' B D2 B' D2 R D2	325176
56247132333233	R B D' R' D' R D2 B' D B2 D'	300061
46375212132221	R B D' B R2 D' R' B D' B2 R'	277321
51742632323333	R B2 D' R' D2 R D2 B' R B D2	325808
23456713212332	R B R2 B' R2 D B' R2 B R B'	238548
52147631131211	R B2 D B' D B' R2 B D' B' R	460187
12367541112212	R B' D' R2 D B' R2 D B2 D' B2	627404
76321542211112	R D B D' R B' D B2 D' B2 R'	631916
76245313122122	R B D B' R2 D R B' D B2 D	265277
12365471313113	R B R D2 B' R2 B D2 B2 R' B	301618
15346271321321	R B R' D R D2 R2 B' R' D B2	219933
26715433231322	R B D' R B D2 B2 D' B' D2 R	305244
32741652111113	R B2 D B' R D' R2 D R' B' R	358453
56147322333233	R D R' D' B' D R2 B' R D2 R'	354292
12357641113331	R B R2 B2 D B' D2 R D B2 R2	582210
45176321131133	R2 D R' D' B' D R2 B' R D2 R'	513568
47152361233232	R B R' D B D2 B2 D' R' D2 B	239895
12643571321321	R B D2 R2 B' D B R' B D2 R	227137
47123651233232	R B' R D R' B D' B2 R B R2	241566
16542371221331	R B R2 B D' B R' D' R2 B R'	259204
12364751112212	R B D2 B D' R D' R' D2 B R'	465430
75234162221111	R D B2 D' B' D2 R B' R B R'	391513
12356471113133	R B R2 D2 B' D B D' B D2 R	479829
64531271212211	R2 B R2 B2 D R' D' B D2 R B	562686
64531273311311	R B R D' R D B2 D2 R' D' R	313244
42751632321233	R B' D' B2 D B R2 D' R2 D R2	509439
76345122211121	R B2 R2 B' R' D B2 R' D B D2	313757
76312453311311	R B2 R' B' R' D R2 D R2 D' R2	249626
76312452212111	R2 B D' B' D R B' D R2 D' R	388874
21654372231323	R B2 D R2 D' R D' B D' B' D'	427476
15724632123233	R D B R' D B' D B2 D' R2 B	657952
35461272222323	R B R2 B R B' R2 D B D R'	446514
16725431121311	R B R2 B' D B D2 R' B' D R'	386734
67345211111123	R B R' B R' D' B2 R2 D' B R'	341794
32465172133121	R B R' D B' D' R2 B2 D' B R'	264526
71432562111221	R B2 R' D' B' R D2 B' R2 B R2	283477
14752633213223	R B2 R2 D2 B R' D' R D' B D2	303830
21354761113211	R B2 D2 R2 D B R B' R D' B2	435612
14723651112131	R B D2 B' D B R2 D' B' D R'	541242
62135471122121	R B2 R2 B' D' B R2 D' B D B2	399592
36527412111113	R B R2 D' R' D R' D2 B D B'	260005
36147252111113	R D R2 D' R B R2 D' R' D R	349850
25641371213132	R B D2 R2 B2 R' B D' B D2 B'	287430
56321473233323	R B R' D2 R' D R B2 D' B D	288073
14752631323223	R B2 R2 B' R D B' D2 R2 B' R	387400
16345273233323	R D2 R2 B' D' R B' D2 B R' B2	512815
21354761113322	R B2 R D2 B2 R' D R' B2 D2 R2	439354
37654212311222	R B D' B2 R' B R D' R2 B2 D2	439472
52743611112131	R B D2 B' D B R2 D' B' D R	283804
56741231121311	R B R2 B' D B D2 R' B' D R	308726
32465173233221	R D R D' R D' B' R2 D2 B' R	259723
45621732212123	R B D2 R2 B2 R' D B' D B2 D'	390439
73652413211312	R B R' B R' B D' B2 D B2 R'	256437
74125633133312	R D R' D2 R' B' R2 B R' D2 R2	409828
14625731322233	R B2 R2 B' D R B' D2 R2 B' R	660472
54167233331213	R B2 R2 D R B' D2 B' R' B2 R	929674
36527413311311	R B R B D2 R B2 R B' D2 R2	303354
74365213121333	R B R2 B' D' B2 D' B R B2 D2	284269
74125631313311	R B R2 B D2 R2 B R' B' R B2	262963
14723653313111	R B R2 D2 B' R2 B R' D' R B2	316811
34172562313331	R B2 R B' R B' D' R2 D' R2 B2	369614
74365212222323	R B R' D R' B2 R' D B D R2	281600
14723653321313	R D B' D2 R D B2 D R2 D2 B	663557
63512743313333	R B D' B R B2 D2 R' D2 R2 B'	654417
37642513122221	R B2 R' B D' B D2 B2 R2 D' R'	255229
23416752121211	R B' R B' D' B D2 B R D' B2	457549
71643252231212	R B D2 B2 R' B R' D' B R B'	463707
34172562132332	R B2 R D' B D' B' R2 B' R2 D2	388249
53421671321111	R2 B R D' B2 D B' D R B2 D2	462135
56124371111231	R B R' B2 D B R' B R2 B' R	256915
65172431132333	R B2 R B R2 B D' R' B2 D2 R'	621341
32716452123212	R B' R D' B' D B2 D R D' B2	545518
76543212222221	R B2 R2 D2 R D' R2 B R B2 D2	327700
76341252232313	R B D B' R B2 R' B2 D B' D	291965
56173421113112	R B D2 B' D R' D' B2 R D' R	256445
35426712131132	R B2 R2 D B' R D' R2 D R2 B2	376227
54371621113112	R2 B D B' D2 B R' B R B2 D2	437376
65132471231321	R B' D2 R D2 R' B R' D2 R' B	533988
17435622211133	R B2 D' B R D R2 D2 B' R D	631560
46275312232133	R B D R2 D2 R B R B' D2 B'	614388
17426531213123	R D R' B2 R' B R D B2 D2 B	459900
32456711233133	R2 D B2 R2 D' B' R B' R B2 R	482792
53726143333121	R B R' D2 R B R2 B R' D' R	270357
71436253333112	R D' B R' B R2 D R' D' B' D2	227641
74125633131233	R B R' D2 R' B' D2 B R' D2 R2	506025
47126532133133	R B D' R2 B2 R' B' D B' D B'	663817
74132561321231	R B' D' R2 B D R2 D' R' D2 R'	542042
54721631311133	R B D2 B' R D2 B' R2 B R D2	635946
37452162323312	R B R D B' D2 R2 D' R2 B' R	245123
52341673133111	R B D2 B' D R2 B' R2 B R B2	305377
64275131312123	R B R' D R' D B2 R D' R' D'	382286
37615422313331	R B D B' D2 R' D R' B D' R'	394156
24615733113323	R2 B D2 R2 B2 R' D B' D B2 D'	602080
31275462133211	R B R2 B R' D2 R D2 R' B D'	420838
17643251122112	R B R' B R' D2 R B' D' B' D'	422089
42613572313211	R B R' B2 R' D' B' R D2 B R'	624430
72165432323312	R B D2 B' R B' R2 D2 B' R' B2	305866
56723411131112	R B R D' R2 D' R' D B D2 R'	418016
14325672112121	R B D2 B D2 B' D2 B R' B' R2	372014
31564273113311	R B D B' R B R2 B2 D' B' R	322828
32167451312222	R B R' D2 R' B2 R D2 R D B2	194373
52341671311313	R B R2 B' R B2 D' R2 D R B2	361469
32647153132121	R B R' D2 B2 D B2 D B2 R D	233314
13675241112323	R B D2 R2 B2 R' B' D' R D2 B'	1123068
67412353132121	R D2 R' B2 R' D B' R2 D2 R' D	293907
36125473111211	R B D2 B2 D' B' D2 R D B2 R'	263158
54362711111231	R B D' B2 R D R' B D2 B' R	281416
14736521332121	R D R' D2 R' B R B D2 B2 D	271380
25741632222323	R B2 D B2 D' R D' R B' R' D'	435450
76145232332213	R B' D2 B D' R2 B D R B' R	634588
17435623211123	R B2 D' R B D R2 D2 B' D B	758984
54167232133313	R B2 R2 D B D' R2 D' R' D2 R	949285
12354762311123	R B D B D2 R' D B' R' B2 R2	314742
32145672212222	R B D' R2 B2 D' R D B R2 D2	287814
53467211321111	R B R2 B' D R' B' D2 R D' R	272809
25736413123112	R B D B2 D R2 D R' B' D B2	269918
31276452313313	R B' D R' B R2 D R' B' D' B2	365151
23165742123131	R B D B2 D2 B D R D' R2 D'	709522
32174561232233	R B' R' D2 R' D' R2 D B D2 R'	704887
64157321133212	R2 D R2 B2 D' R' D B' R B2 R	737368
16357421223113	R B D' R' D' B D2 B' R D' B'	235090
32714652332132	R B R D2 R' D R2 B' R2 B D'	232156
63725141233121	R B R' B D' B D2 R B' D' B'	321283
41725363121231	R B R2 D2 B' R' B D' B R2 B	296368
73615243213313	R B2 R2 B' R B2 D' B2 D B2 R'	331169
13247563212131	R B R' B2 D2 B' D' B D' R D'	323964
42615371313332	R2 B D2 R2 B2 R' B D' B D2 B'	440990
31276452133322	R B R2 B' R D2 B2 R D' B D2	306435
72543162311111	R B R2 B D' B D' B R2 D' R	281853
56347211213111	R B D R' B D R' D R2 D2 R	361137
74163253133132	R B D' R2 B2 D R' D' B D' B	221263
67321453113311	R B2 R' D' R' D B2 D B2 D' R2	497105
12745632111122	R B D2 B R2 B' R2 B R' D' R2	291311
26415732233321	R D R' B2 R' B' R' D R2 B D'	465520
13257641112233	R B R2 D2 B2 D' R' D' R B2 D'	450863
34165272323333	R B R2 D2 R D2 R' B D B2 R'	613848
72345613221221	R B D2 B R2 B' R2 B' D B D2	164162
37652143231322	R B2 R D' B2 R2 B' R D R2 D	235837
54312671131331	R B R' B D2 B' D R' B R B2	237009
34725612322232	R B2 R2 B R' D R B' R D B	398858
15642372331322	R B R D2 B' R2 D R B2 R D'	233148
12364753311131	R B D2 R' B R B2 R D' B' R	405486
61534721112311	R B2 R' D2 R' D B' D2 R2 D' B	315347
41576322212222	R B D B' D2 B R' D B R' B2	450736
13546271231231	R D2 B R2 B' D R' B R' B' R	361069
52743612131111	R B R2 B' R D2 R B2 R2 D' B	250351
14723651113121	R B R2 D' R' B R' D2 B R D'	386800
14763253133132	R B R D2 R2 B' R D' B R D2	334574
13267541232212	R B R D' B R' D B2 D R D	345145
32765412323222	R B D2 B2 D' B' R2 D R D2 B'	505577
31462751111111	R B D' R2 D B' R D B2 R2 D'	928775
32167451111111	R B' R B R' D2 R' D' R' B D2	1434080
67341252222323	R B D2 R2 B' R B R' B R2 D	227407
71462532111212	R B D R' D2 B D' B2 R2 D R'	229677
41357622313112	R B D B' D2 B R' B R B2 D2	280626
24763151111111	R B R' B2 R D' R D' B2 D2 R2	495543
35162472123233	R B' R2 D R' D' R B D' B D2	486895
54127633131212	R D R2 D2 R' B' D2 R D2 R' B2	657296
75243162211322	R2 B2 R B2 R2 B R2 D' R2 D2 B	724034
26154372332213	R2 B' D2 B R' D R' B2 R' B R'	772047
25436713232321	R B' R' B' D R2 B' R2 B D' R	219885
43512671313332	R B R' D R' D2 R B R2 D' B	276106
56147231333213	R B R2 D2 B2 R B R' B D' R	320458
35624712331232	R B R' D B' R2 D B' R B D2	342662
16345271133131	R B2 R B D' R D2 R' D2 B R2	280305
45176231331113	R2 B R2 D2 B2 R B R' B D' R	528945
64125371131313	R B' D2 B R' D R' B2 R' B R'	533072
32165741111111	R D B' D B' D B2 D2 B R' B'	1409680
32761452222212	R B D2 R' D' R2 D B D2 B D'	255395
76354213312223	R B R B' R2 D B D' R B2 R	293680
13276542323312	R B2 R' D' R' D B2 R' D2 R B2	297275
16527432113333	R B R B' D2 R2 D B D B' R2	451610
52714361232113	R D B2 D2 R' B R' B' R D2 B'	418258
46275313312211	R D R2 B' R D R2 B2 D R' B'	557776
76321452212231	R B R2 D2 B2 R B D' R D' B'	456869
31265472312233	R B R2 D' B2 D R D2 R' D2 R	688406
15426371112233	R B D2 R' D2 B D' B' R D' R2	297538
52163471112122	R B2 R' D' R2 B2 D R B R' B2	315630
63752411333213	R2 B2 R' B R D' R2 B2 R B2 R	403722
63125743133312	R B D2 B D' R' B D' R2 B R'	454556
43167251232212	R B R' B R' B D' R2 B2 D' R'	425347
21345762313223	R B D2 R' B R D2 B2 R D' R'	640228
12734561322233	R B R2 D' R2 B D' R' D B' R2	494904
32156472333332	R B2 R2 D2 R' D B D2 B2 R2 B'	582679
15724631211311	R B D B' D R' B D2 B2 D B'	410528
15624732333332	R B R' D B R2 B D' B2 R D2	164499
61274351313131	R B D2 R B R2 D' B D2 B2 R	521709
54621371133311	R B D' B D2 B' D B' D R D2	388227
31452671323211	R B R D' B2 D B' D R B2 D2	305345
36145273333313	R B' R' D R2 D2 R D' B' D R2	389080
41237561313131	R B2 D2 B' D B' R B2 R' D2 R	751430
41263751312222	R D2 R2 D B2 D2 R2 D R2 D2 B'	636028
36527413111112	R B D2 B' R B R2 D' R' B R'	286716
34521672223232	R B2 D R' B D' R2 D B' R' B	375802
32147651312222	R B D R' D2 B2 D' R' B R2 D'	265438
32456173212332	R B D B D2 R B' D2 R2 B' D	204881
16725431131211	R B D2 R' D' B R' D2 B R B'	407817
12543671111111	R B' R D R' D2 R' D' B' D B2	459246
16573241312312	R B D R2 D R' B' D' R2 B R	306987
34517622231323	R B2 D2 R D2 R B' R' B' D2 B'	352949
76354121122121	R B R B2 D' R2 B D R2 D R'	195077
37614522111221	R B2 R B' R D' B' D R2 D' B	248776
12536741112323	R B R D2 R D' B' D' B2 D2 R	373474
34721653333313	R B' R2 B' D B D R2 D2 R B	287676
13527461211113	R B' D' B D2 R' B D R D' R2	352424
71365423331312	R B2 R2 D2 B' D2 B' D' B R' B'	396885
71326543333313	R B2 R2 B R2 B2 D2 B R2 B2 D'	539220
52314673311311	R2 D B' R' D' B D2 R' B D2 B'	661636
65732411333123	R2 B D2 R2 B2 D R D' B D' R	350128
32145673311113	R B2 R D B' R D2 R' B2 D R2	284184
52763411333123	R B D2 R2 B2 D R D' B D' R	243346
15246372331331	R B R2 B D B2 R D2 R2 D' B'	182555
23176452132221	R B2 R2 B' R D' R D2 R B D2	369099
46375213112111	R D R' B D' B R2 B2 R B' D'	351057
47251632131312	R B R' B R' D' B R2 B D R'	521413
32156471111111	R B D' B D' B D2 B2 D R' B'	1273540
71432563332113	R B R2 D' B R2 D B' D' B' R	277575
32156472332132	R B D B' R B' R D2 R' D2 B	292706
14763251332331	R B2 R2 B' R' D B' D R' B D2	306833
67354211313113	R2 B2 R' D B D' R2 B2 R B2 R	281792
46275312313211	R B R2 B R2 B2 D2 B D2 B' D'	477292
76143252131312	R B D2 B2 D R B D' R2 D' B	413236
51642731113322	R D B2 D2 R' D B' R' B R2 D'	654783
34561272212213	R D B2 R2 D2 B R D' B R' D'	580701
14725363211213	R B R2 D' R' D R D2 B2 R2 D'	330187
21365742221312	R B R D' B2 R B R2 B' D' B'	341921
47156323223123	R B2 R2 B' R' B R2 D' R B R2	255925
54167231221211	R B2 R' D' B2 R2 D B D R' D2	295545
72136541322233	R B D2 R' D2 B D' R' B D' R2	264549
71435261322233	R B2 R' D R' B R' D R' B2 R2	563618
12734562313223	R B R B R D2 B D' B D2 R2	269289
34162752132212	R2 B D R' B D' R D' R D2 B	839997
54326171321231	R B D' R2 D' R2 D R' B' D' R	246961
76342512232223	R B2 D R D2 B2 R D' R D2 R'	349077
67312452233321	R B D2 B' D B2 R' B' R2 B R'	491058
12765432121313	R B D2 B2 D' B' D2 R B2 R' D2	253417
35462171212121	R B D B2 R' B2 D B R2 B R'	388583
63752141111111	R D R' D B' D R2 D2 R D' R'	563536
42167532131333	R B2 D2 B' R D' R D2 R' D2 R	691671
42136752131312	R B D R' B D' R D' R D2 B	638939
65274133132223	R B2 R B2 R2 D R B D' R2 D'	244246
57214361323232	R B R' D2 B D B' D R2 D' R	256741
61534272311132	R B2 R' B2 R D' B R' B2 R B	364511
53614721212121	R B2 R B2 R2 B' R2 D B2 D2 R'	412365
54326171112233	R B R' D2 R' D2 R D' B' D' R	188029
42573612323231	R B2 R B2 R' B2 D2 R' B2 R2 D'	369299
12745633313312	R B2 R B R2 B2 D B' D B2 D'	262190
26317451212211	R2 B2 R' D' R' D B2 D B2 D' R2	754356
21354671221112	R B R2 D B2 D R' B D2 B D	197453
51632741323232	R B D' R2 B D R' D R2 D' R	284716
57364212213311	R D B' R' D' B2 R2 D' R B' D	644541
36745212122333	R B R D' R2 B D' B2 D B2 D2	399527
63541271212211	R2 B D B' R B R2 B2 D' B' R	589630
53147262123131	R B R2 D' R2 D' B D R' B2 D2	453112
13267541111132	R B2 R2 D' R B' R2 B' R' D R'	484375
76541233121213	R B R2 D' R D B R2 B2 D' B	702380
31475262333221	R B2 R2 D2 B' D' B D' R2 D R'	292316
12563473131212	R B2 R' B R' B2 R D2 B' R D'	318679
54127632222212	R B' R D R' D' R D B' D B2	337091
12345672321212	R B D' R2 B' R B2 R B' R' D2	224829
56723411113313	R B D R' D2 B2 D B R2 B R2	254396
72345611111111	R B' R2 B' R' D' R D2 B D' B	450011
72356141112323	R B R' D2 R B' R B R2 D2 B'	387826
41726532312233	R B2 R2 D' B R' B2 R' B' D R'	562707
26543171123111	R B R2 B' R D' R2 B R2 B' R2	279234
74165232121211	R B R' D2 B' R D2 R D' B' D2	197741
41325763131233	R B R B2 D2 R' B D' R' B2 D2	360064
56347211331131	R B R D' R2 B2 R D R2 D R2	270120
36714521232113	R D B' D2 R D' B' D' B2 D2 R	446004
74521633333313	R D R2 B' D' B2 D B R2 B R'	829296
13462571111111	R B D R2 D R' B' D' B2 D2 R	1633055
12365471111111	R B' R2 B' D' B' D R2 B R' D	2605207
32156471232332	R B R' D' R D2 R B' R D2 R'	237547
65274131311313	R B R D' R B2 R' D2 B R' B	237836
52731641323112	R B R' B' R B' D B2 R2 D' B	226686
57241631322113	R B R2 B2 D' B R2 B' D R2 D'	238273
41752632312323	R B R2 D2 B D' B D' R2 D R'	458999
35162473332122	R B' R B2 R D R D' R D2 R'	517276
13276541213312	R2 B D' R2 B' D R B' D R2 B2	409357
52463713212332	R2 B R2 B' R2 D B' R2 B R B'	353731
53762413322123	R D R' D B2 D' R D' B D B2	270078
21364752311111	R B R2 D' B' R2 B' D' B2 R D	428128
56341273121213	R D B2 D2 B R B R' D2 R' B	456695
76143253331333	R B R' D2 B R2 B' D R' D2 R'	463494
12364751113133	R B2 R' D R2 B' R D R D' B'	518387
13267451311133	R B R D2 R D' B' D' R2 B R	416375
13576241312213	R B2 R2 D' B D' B2 D' R' D R'	780598
21354671122112	R B R D2 R B' R D2 R B2 D	313528
47156322132311	R B D2 R' D' B R D2 B2 R2 D'	311888
14726531333312	R B R2 D' B D2 R B' D' B' D	262181
65417323232123	R B D' B2 D B' R B D2 R2 B2	369407
32517463131311	R D2 R D R' D B' D2 B' D R'	568822
76312542321212	R B D B' R2 D B' D2 R2 B R'	230032
65432173232321	R B' R2 D' B R B R2 B D' B'	371001
71546233331213	R B D R' B2 R D' R D R' B2	612497
12354671111111	R B' R2 D' B R' B' D R2 D B	2576029
63742511232221	R B R2 D2 B' D B' R' D2 B2 R	250294
23417563232123	R B D' B2 D B' R B' D2 R2 B2	303793
24167353132232	R D B' R2 D R' B D B' D2 B'	413799
76341251111213	R B D' R D R B' R2 B R' B2	438628
31275461322233	R B' D B2 R2 D2 B D' B D' R	646135
34617252123212	R B R B R2 D2 R' D' R2 B' D2	692008
16453271111111	R D R' B2 R B' R D R2 B2 D2	2044357
13764251211311	R B R B' D2 R' B R' B' R B2	227676
16243571321321	R B2 D R2 D' B D' B R' D' R	198495
34261573123121	R B D' R' B D' R B2 D' R' B2	257688
56347213131332	R B2 R2 D B R' D2 R' D' R2 D	318764
74156322313223	R B2 R B R2 B' D' B2 R B R'	307746
41752631222123	R B R B2 R B2 R D' B' R D2	401999
72543613322312	R B' D' B2 D B2 D' R D2 R D'	409306
74325613131212	R B R2 B2 R' D' B2 R D2 R' B2	670796
14753261323112	R D2 R D B2 D2 B' D B2 R' B'	750271
57236141113232	R B D' B2 D' R2 D B' R' D' R	260951
32751643321232	R B D B' R2 D2 B R' D' R D2	255495
65174233323212	R B2 R' D B2 R' B' D' R2 B D	342317
16542371331221	R B2 R' D B2 R' B D R B' D'	313555
71432561232323	R B' R B2 R' D2 B R' D' B' R	364695
34617252132212	R B2 R' B' R B' D B2 D B' R	503854
16527431123333	R B2 R2 B' D' R B' D R' D B2	655087
65471231132213	R B2 R B R' B R2 D' R B R'	434093
52341673232333	R B R B2 D' R D' B' R2 D B	302736
36145272122222	R B' R B' D2 R2 B D R' D R2	295424
74163253133213	R B2 R2 D2 R B' D2 R B R2 D2	257780
16572431111111	R B' R' D B' D2 R' D B R D2	564951
41725362313223	R D B2 R' B R B2 D2 R D' R'	680634
36714522122213	R B D' B2 D' B R D R2 D2 R	806186
45312761133311	R B R2 B2 D B' D B' D R B	270292
15763241111111	R B' R' D R2 B' D B D B' R2	1972983
56123472322121	R B D2 B2 D B R2 B2 R' B2 D	373110
32156742313223	R B2 D' B D' R D2 R D R' D2	318877
13254761323322	R B2 R B R2 B2 R' D R2 B' D'	421970
45376121131133	R2 B' R B D2 B' R B2 D' B2 D	498176
24537613231322	R D2 B R2 B' R B' D R' B' D	387489
54367212211322	R D R2 D2 R B R2 B2 R' D2 B	555655
15724631111111	R B R D2 R2 D R B' D R' B'	1803880
25734162221111	R B R2 B2 R B2 D R2 D2 B R'	335020
54367212233213	R B R2 D R' D' R2 D' R2 B D'	257579
57236141322233	R B R' B2 R' B2 R D' R' D' R	180215
65132473323311	R B R2 D B2 D B' R D2 R B	222417
76354122112121	R B D' R B R2 B R' D2 B D2	333466
61234573232213	R B R D2 B D2 B R' B R2 D2	416062
25341673113311	R2 D R' B' D' B R2 D' B R2 B'	789499
54127633333313	R B' D2 B' D B R D2 R2 D B	515086
36147251211131	R B' D R D2 B' D R' D R2 D'	409866
13576241321321	R B R' D B R' B2 D R' B D'	233650
14625732112121	R B2 R' B D' B2 R2 D' R' B2 D'	333805
12347651133311	R B2 R B R' B D2 B' R2 D R2	442498
23165741112323	R B R2 D' B D R2 B2 D R' D'	415272
37642152213311	R D2 R B R2 B' R' D2 B R B	648319
12367541113331	R D2 B D2 B' D R' D R' B' R	870647
51732643121213	R B D' R B' D' R D2 R D R'	649006
74152363133231	R B R2 B2 R' B2 D' R' B2 R' B'	317142
76245311131121	R B R' B D' R B2 R2 B R' D'	188195
23756413223312	R B R' D' R B' R2 D2 R D' R	313114
25716433223213	R B2 R2 B' D B' R B2 R B D2	278138
74123653133222	R B2 R2 B R' B R' D B' R B2	466660
14725361111111	R B R B' D R' D B2 D2 B D'	492680
47156321111111	R B D R' B R' D B2 D2 B D'	387765
23167542131222	R B2 D' B2 R D' R' B R' B D'	624483
74365211121221	R B2 R' B D' R2 B2 R B' D R2	299372
72541631111213	R B D2 B' D B2 D B2 D2 R' B	291759
12354763133111	R B R B2 D2 B' D' R2 D' R2 D2	282572
72543613221221	R B2 R2 B D2 R' B D2 B2 D' R'	312815
36751243222322	R B D B2 D B' D' R' D2 B D	240086
76321453311233	R D R' B R' B R2 D2 B2 R B'	411141
72163453131212	R D R2 D2 R' B' D2 R D2 R' D2	623415
76125343333133	R B2 R B2 D' B' R B' D R' B	452325
41736521233232	R D2 B D2 B' R D' R D' B' R	250069
56274132331133	R B R D B2 R D' B2 R2 D' B	333629
71462532121112	R B2 R B R2 D' B2 R D B R'	383786
76543213113131	R B2 R2 D B R2 B D' B' R2 D	248399
41725631211122	R B2 R' D R' D2 B2 R' D' R2 B'	334243
72534163211123	R B2 R D B2 D' R' B2 D B D	371195
23165742312323	R B' R' B R B2 R2 D2 R B' R	471869
61274532231323	R B R2 D2 B' R D B' R B2 D	395879
34721652121313	R D B2 D2 B' D' B2 R B2 R' B2	802008
52741633221233	R B D R2 B2 R' B' R2 D' R' D	282272
12367453112222	R B2 R2 B' R2 D' R B2 R2 B' D'	312647
67154233323332	R B D' B R2 B2 D' R D' R' D	315607
12356743113131	R B D2 B' R2 B D' B2 D' B R2	313258
75346211211311	R D B' R D' B D2 B2 D R' D'	366882
23165471111111	R B R' D R' B R2 B2 R D' B'	385009
36152741231312	R B' D' R D2 B' R D' B' D2 B'	360313
23671452122333	R2 B' R' B R' D B2 D R' D B2	632369
16345272333212	R B R2 D' B D' R2 B D B2 D2	251142
24715633112111	R B R D' B R' D R2 D2 R B'	232949
26175432331133	R B2 R D2 B' D' R B' R B' D	373732
32761452121313	R B R' B2 D R2 D' B D' R2 D'	277088
14752363233131	R B2 R D2 R2 B R' B R2 B R2	268263
13276541322311	R2 B R2 B' D B R2 B2 R B D'	480692
75613243131332	R D2 R' B R B R' D2 B R' B'	435212
72163452122222	R D R2 B' D B D R2 D2 B' R	516698
52731641233112	R B R' D' B D' B D2 R2 B' D	237365
76315241332112	R B D B' D2 B R' B2 D B' R	221928
32175461333111	R B D R' B2 R D' B2 R B' R	288987
57241631323112	R B R2 B2 D' R D2 R' B R2 B'	228477
32156472332321	R B2 R' D B2 D' R D2 B' D' R2	410468
54723613333313	R D B2 R' D' B2 D B D2 B R'	474854
35462172213311	R B2 D' R B' D R2 D R B' D2	543534
21354672311132	R D R2 B2 D B' R D' R2 D R'	475079
47156322332312	R B R' B R2 D' B' D B' D2 R'	273331
12645371131121	R B' D2 R' B R B D2 B R' B'	359110
41725633111133	R B D R' D B2 D' B2 R B' R	398257
61572432312323	R B R2 B' D B2 R' B' D2 B R'	472314
26543171111111	R B R' B2 R D' R D R2 B2 D2	484174
12637451132111	R D R' D2 R B' D B R2 D2 B2	439725
14726531233313	R B D2 R' B D2 R D' B' D' B	499142
21345671111111	R B' D2 R' B R' B' R D2 R B	752579
51623471321111	R B R2 B' R B' D' B2 R B' R	244718
54317261113112	R B D2 B' R D' R' B2 D B' R	282600
12745633323311	R B2 R D B2 D2 R B' D R2 D'	305504
63714252123131	R B2 R' B2 R B' R D' B2 D B	351977
34625172111212	R B' R B2 R D' R B' D2 B R'	383937
56132473211111	R B D' B' D' R2 B2 D' R D' B	393527
14625733133111	R B D B' R D2 R' B2 D B' R	316298
36745212123323	R B2 D' R' D B' R B2 D' R B'	229200
36125471111333	R B D' B D' B2 D' B D R B2	294011
12365473232312	R B D B D2 R D2 R B' R2 D2	276190
62475131322323	R B R' D B2 R' B2 R' D B' D'	314398
34721652222212	R B' D R D' R' D R B' D B2	349444
23147652312323	R B2 R B D2 R2 D' R' B2 R D'	317658
12345672123212	R B R' B2 D' R B2 R D' R' D2	449467
16347252131312	R D R2 B' D R B D2 B2 R' B	527598
65417321232113	R B D R2 B2 D R D2 B2 R' B'	456687
46125731333123	R B D R' D B D2 R' D R B2	248647
31475262331313	R D2 R2 B2 D' B' R D' R2 D R'	347011
16453272111131	R B D' R B R' D R' D2 R2 B	250168
36721452223232	R B D2 R' D' R D' R2 B D R	349805
74165231121212	R B D2 B D B' D B' R' B2 R2	555511
56743212122222	R B2 R2 D' B R' B' D R2 B' D'	479612
67215343333133	R B R2 B D2 B' D R' D' B2 R2	538300
36714522121322	R D B' D2 B' D R D R2 D2 R	629846
35426713312211	R B2 D' R D' R D2 R B R' D2	336197
67321451311133	R B D' B' R D' R B2 D' R' D2	376708
16527341111111	R B D R2 D B2 D R B R2 D2	472959
35174262213131	R B' D B2 D' R D2 B' R2 B R2	454317
54367212231122	R B D2 B2 D B D2 B2 D' R2 B	607374
15627431322113	R D2 R B R2 B2 R' D B2 R' D'	244877
72345611222222	R B R' B2 R' D' B2 D B' D2 B2	458014
12376451113133	R B2 D B2 D' B R' D B' D' R	646697
35462173123211	R B D2 B R2 B R' D' R D2 R	235470
76145233133213	R B D2 B' D' B2 D' R D B2 R2	365481
76341251111312	R D B' R D R D' B2 D R' B2	384348
23475162121112	R B R2 B R2 B' D R' B' D2 R2	483667
14263751131121	R B' R D B2 R' D B' D B' R2	264072
24751362221231	R2 B R2 D2 B' R' B D' B R2 B	433832
24715631111111	R B D B2 D2 B R D' B D' B'	391036
14523672121313	R B D2 B2 D' B' D2 R B2 R' B2	600233
15672341323112	R B2 R B D2 B2 D' B R2 D' B'	243851
52714633223123	R B2 D2 R2 B D R' D2 B R' B	359046
52763143222331	R2 B' D B D2 B' R D2 B' D2 B	410272
14725361111123	R B D R2 D2 R D B' D R' D'	319125
36521472113321	R B D2 R B2 D' B' R' D2 R' B'	509975
71426353312211	R B2 R D R2 D' R' B2 D B R	529933
75246313312211	R B2 R D R2 D' R' B2 D B R'	450514
72543613223312	R B' R' B2 R D2 R' B D2 B D'	323831
32465173123121	R B2 R D' R2 D' B2 R B2 R' D	247611
13275463213211	R B2 R2 D2 B' R' D R' D2 R B'	286325
46372511221331	R B2 R' B D' R' B R' D2 R D2	229563
54761233322321	R B D' B2 R2 D' B D' B' D R2	235494
56423171321321	R B2 D R2 D' B D' B R' D' R'	311693
36241573212332	R B R2 B2 D B' D' B R2 D B	356561
15724632313223	R B D' R' B2 D' B' R D2 B' D'	431785
63725142223133	R D R' B2 D2 B R B R' D2 B	716578
26453711333333	R B2 R2 B R' D2 B R2 B D2 B2	231355
21354761133311	R B2 R2 B' R B' R2 D B' R' D2	415285
54371261113331	R B R2 B2 D B' D2 R D R2 B2	359268
54327612223232	R B2 R' B D R B' R B' D2 R	419425
21376541131133	R B D R' D R B2 R2 D' R' B	366818
67345122223133	R D B' R2 D2 R D B R' B2 D	575734
31246753312211	R D2 R D R2 D' B' R2 D B R	544356
56723412323222	R B D R2 B' R B' R' B2 D R	464538
62135473322321	R B2 D2 R' D' B R' D2 B D' R2	298719
34725613111112	R B2 R2 D2 B' D R' D R2 D' B	297552
52743611111312	R D B D' R2 D R' D B' D2 R	368785
23175463211222	R B R' D2 B2 D B' D2 B' R2 B2	359515
21347562312323	R2 D2 R B' D B R2 D' R B R2	597595
21354672311123	R B' D2 R D2 R' D B' D2 B' D	529502
41752632311123	R B2 R' B' R D2 B' R' B' R D2	466112
41765322313211	R2 D2 R B' R B R2 D' B D B2	1213056
56123473133231	R B R D2 B2 D' R' B2 D' B' R	286822
64275133312211	R B D2 R' B D B2 R2 D R' B'	289152
37615422313121	R B R B' D2 R' B R' B D' B'	494405
14735621323112	R D R2 B' R D' B R D R' B2	504797
73615243123313	R B2 R2 B' D R2 B' D2 B R2 D'	542075
32147652233213	R D B2 R2 D2 B R B' D R' D'	655367
73615241112323	R B' R B2 D2 R2 B R' B R' D	457710
32147562333233	R2 B R' B' D R D' R D2 R' B	763482
42165373223123	R B R2 D' R2 D' B D' R2 B2 R	194496
65123471233232	R B R' B D R2 D R' D' B' D2	205497
17425631322113	R D R2 B' R B' D R D R' D2	219691
16347253121312	R B' D2 B' R B R D2 R2 D B	362924
13725642332132	R D B2 R' D2 R' B R' D2 B2 D	297638
32567413133333	R B' D B' D2 R2 B D B' R B2	331507
13754262123323	R2 B' D' R B' D R2 D R' D R2	570646
54723612131312	R D2 R' D2 B R D2 R2 D' R' D2	637155
76321453313312	R B' R' D2 R B2 R' D R2 D R'	512757
42137561123333	R B2 R2 B R2 B2 D2 B' D2 B2 R	286687
76541232221222	R B R2 B2 R' D' R2 B D2 B' D2	460928
76143253131212	R B2 R D' R B2 R' D2 B D' B'	596345
76143253333313	R D' R2 B R D2 R' D' R2 D' B'	478067
54723612222212	R B' R2 B' D' B2 D B R2 D' R'	700699
52741632122333	R B R2 B2 R D B2 D2 B' D2 R	486749
32567412222212	R D' R2 D' R B R B2 R2 B R	814754
34721652131213	R B' R B R' D' B D B' D R2	349139
67231543323122	R D' R2 B D' B D' R' D' R D2	393715
73125463133132	R B R' B2 D B' R B D' B2 D'	320803
37651242211133	R D R2 D' B R' B R2 B' R2 B	432099
75231463211123	R D B2 D' R B' D B2 D' R2 D	382508
32567412131312	R B' D R' B2 D2 R D R' D B2	457573
35167242132212	R B R2 B R D' B2 D' R' B2 D2	713368
67231541323112	R D' B2 R D' B R' B' D' R B2	669296
15627431223113	R B R' D' R' D' R2 B R' D2 R	279576
76123453233323	R B D R' B2 D R' B R' B R2	285753
13275461112233	R B2 R' B2 D2 R' D B R' B2 R	487305
47132652233321	R B2 R' D2 R B' D B' D2 B R	612509
36147251131211	R B2 D2 R' B R B2 R2 D B D	523176
14753261333111	R B R2 D' R' D' R' B R' D2 R	349708
56174321232113	R D R2 D2 B' D R' D' B D2 R'	816853
15273641112323	R B2 R' B2 D2 R' B D R' B2 R	1189101
21375462312233	R B R D2 R D' B' D R' D2 R'	429946
34617522221333	R B2 R' D B' R' B R' B2 R B2	360381
54612371112311	R2 B R2 B2 D2 R' D' R D' B D2	561332
25734613113323	R D2 R B D2 B D' B' D2 R2 B'	507044
76145231121113	R B R2 B2 R' D B2 R' D' B2 R	358787
54367213112222	R B' D R' D2 R B2 R' D2 R D'	362487
13245671321111	R D R' B D2 R D' R' B' D2 B'	565171
42651372213311	R B R2 B2 D2 R' D' R D' B D2	315097
54321761211221	R B R B' D B' D2 R' D R2 B'	228570
14736521221313	R B2 D' R D2 R2 D' B D2 R' D2	224712
45612372331121	R B2 R' B R2 B' D R2 B' R' B2	242259
56723412122312	R B R2 D2 R D B2 D R D2 R'	308391
12375641113112	R D R' B2 R' D' R' D B2 R D'	231711
76315241112113	R B' R D2 R' D R' B R2 D2 B2	268124
41735262312233	R B2 D' B2 D' B R' D2 B2 R' B	521005
16534271111111	R B' R2 D' B D B R2 B R' D	748597
45623713322321	R B R' B D' R' B' R B2 D R'	196581
14763251333123	R B D2 R2 B2 D R D' B D' R'	240470
75246313212311	R B D' R D2 B' D' B D' R2 D2	217909
34651272332132	R B2 R' D R2 D B2 D2 R' D R'	190763
16723451322311	R B D' R2 B2 D' B R' D' R D2	309704
53274163211222	R B2 R B2 R2 B R2 D' R2 D2 B	434953
64275132232133	R D R B2 R2 B D R B' D2 B'	733262
24351673311311	R2 B D2 B' R2 D R' D2 R B D'	685355
12543672322232	R B D R' D2 R D' B D' R2 B'	251155
41735621233232	R B R B' R B2 D' B2 D R B2	230239
13254762321233	R D B2 D' R' B2 D B' D R B'	313599
73651241113322	R B2 R' D2 B2 R' D R D' B2 D	262695
72543613133222	R B R' D B' D R2 B2 D2 R B'	300422
76324151112323	R B2 R B D' R2 B2 D R2 D' B'	505184
12576343212221	R B2 R' B R' D R2 D2 B2 R' D'	349047
73645121113211	R B D2 R' B' D2 B' D' R2 B D	299620
12467351131121	R B' D2 R' B R B D2 B R' B	357505
17426531132312	R B2 D' B R2 B2 R' B D2 R' B2	460420
75261432123233	R B' R2 D B2 D' R' B2 D2 R B'	429502
65274131111111	R B' R D' B2 D B2 R' D B D	477407
51726433123313	R B D2 B2 D' R B2 D' R2 D B	514079
34725612231212	R B2 D2 B R D2 R D R2 D' B	891885
32156742311123	R B R D B2 R' B R' D' B2 D2	510729
31265472233321	R2 B R' D2 B' D R D' R D2 B2	734170
61472533112111	R B R B2 D2 R B' R' D R2 B2	284758
62435172311132	R D B R2 B2 R D R D' B2 D'	462369
75321463132121	R B2 R' B D2 B D2 B2 R' D R'	332391
73146522113231	R B D B D2 B D B2 D2 R' D'	363311
47132563222331	R2 B D' R' D R D' B R2 B' D	420066
37641252222323	R B2 D2 R B2 R B' D' R' D2 R'	515481
16527431333213	R B R2 D2 B2 R B R' B D' R'	555888
16723451122133	R B R' D2 B2 R' D B' D' R B2	930663
51423671221331	R B D2 B2 R D' B2 R B R2 D2	253622
64257131113223	R B D B2 R2 D' B R' B' D2 R2	355719
56741231211131	R D B R' D2 R D' R B' D2 R	427507
14765231112131	R B2 R2 D2 B' R B' R D2 R' D	417698
14763523222331	R B R B' R D B2 D2 R' B' D	336891
72516342313223	R B2 R B R2 B' D' B2 R B R	514248
62435172211133	R D R' D2 B2 D R B D' R2 B	675379
14752633223123	R B2 D2 R2 B' R B' R D2 B' D	419697
67412531131133	R B D2 B2 R B' R' B D2 R D	293260
41765323122212	R B D' R B2 D' R2 D' B D' B'	407481
54376211113133	R B2 D B2 D' B R' D B' D' R'	339787
14527631121311	R B2 R2 D2 B' R D' R D2 R' B	425946
72541633121111	R D R D' R2 D B' D B' D2 R	368867
67345211311133	R B2 R B' R2 B' R2 D B2 D' B	372558
64275132211133	R D B' D2 R2 D B R B' R2 D	565414
34516722313223	R D2 R D B2 D' B' D2 R B R	553146
35462172223331	R B D R B2 D' R B' D' R2 D2	443474
17425631323112	R D B2 R' B D' B D B R' B2	460186
71435262222122	R B R D' B2 R' B R' D R' D'	472122
75264132223331	R B R B D2 R' B R' B' R2 B2	378149
24615732111323	R D2 B' D2 B D2 R' B D2 B2 D'	404566
56123473133132	R B' R D' R2 D B2 D' B2 D R'	426393
24615732233321	R B' R' D B R2 B2 D2 B R' D	486302
32147652332213	R D R2 B2 D2 R D B' D B' D'	740738
26345711223113	R B R2 D' R2 D' R D' R2 B2 R	216577
14275633323122	R D R2 B' D2 B' R D' B2 R2 B	261990
74521633121213	R D2 R' B2 D R B2 R2 B' R' D2	383690
42615372313211	R B D2 B D2 B2 R2 B D2 B' D'	407764
76541232131213	R D' B2 D' R B D R2 D2 R B	485283
34721652221222	R D B2 D2 B' D' R2 B R2 B' R2	520835
14735621233112	R D B2 R' B R' D R B R' D2	474473
74521632222212	R B' D2 R B D2 B' D' B2 D' R'	826853
42651733311122	R B' R B2 D' R D R' D B2 D2	482822
43617521223221	R D B' D2 R D' R B D' R2 D'	345091
76215433333133	R B R' D2 B D' B R B' R2 B'	448103
34561272122123	R B D R' B2 D2 B D B R' D2	292684
76321452213122	R B D B' D2 R2 D R B R' B2	338745
32761452122222	R B2 R' B2 D B R2 B2 R' B' D2	331996
56341273131212	R B' R2 D2 R B D R' B2 D B	572461
25741361232113	R B' R D2 B' R D R' B D2 B2	514822
76541233331333	R B D2 B2 D' B' R2 D B2 D' B2	542831
72541631112131	R B2 R2 D2 B R' B R' D2 R B	332947
52361472131312	R B2 R2 D' R D' B' R D2 B' D'	329164
13254763323122	R D R' B' D' B' R2 D R' D2 R	310536
56741233111112	R B2 R2 D2 B D' B R' D2 R D	341299
54127632131213	R B' D B R' D' R B R' D R2	497455
53462711113322	R D R2 D2 B' R D' R' B D2 R'	661373
54127633133333	R D B2 R' D B D B2 D2 R' B	1001684
63452711311313	R B2 D2 R2 B R B' R2 D B' R	238255
74156323132331	R B R' D2 B' D B R D2 R2 D	267199
67312541121221	R B D R' B2 R' B R2 D R' B	243036
76342511111321	R B' D B2 D' B2 R B' D' R' D	280088
31264752313121	R B2 R B' D B' D' R2 D' B2 R2	612196
16543721111111	R B D R2 D R' B' D R' B2 D	694815
56347212111311	R B' D' B R2 B R D' B' D2 R	441466
27534612311132	R B D2 B' R B2 D' R' B2 R B'	702832
17324561232332	R B R D B2 D B R2 B2 D' B'	290982
25736411231321	R B2 R' D' B R2 D' B' R' D B2	331745
31627452221333	R B' R' B R' D B2 D R' D B2	392911
76351421112323	R B' R2 B D' R B2 D' B2 D R2	543784
36125472121223	R B R' B' R D' R' B R2 D' B2	494490
71426533333223	R B2 R' D B' D B2 D2 R2 B' D'	445826
67345122232133	R D R D2 R2 D R D B' R2 B'	656234
51324673113311	R2 B R2 B' D2 R B' D2 B R D'	535209
17362451211311	R B R D2 R D' B' D R' D2 B	293701
63725142123131	R D B D2 B2 D B R D' R2 D'	464623
36125471213111	R B R2 B2 R' D R2 B' D' B2 R	417825
14527632122213	R B2 D2 B D R2 D R D2 R' B	318372
47216352131333	R D B2 D2 B' R B2 D' B2 D R	517782
51324671211122	R B R' B' D B' R B2 D2 R' D'	425925
47156233211132	R B' R2 D R2 D' R B' D2 B' R	485170
32175461111111	R B' R B2 R' D B' D R2 B2 D2	1336934
13765422121211	R B D B2 D R D B2 R' D R	322390
35472163231322	R B2 R' B D2 R' B D B D' R'	240039
15746321323211	R B D R B2 R D R2 D2 B' D'	433496
47156231332313	R B' D' R D2 R D' B' D B2 D2	411684
14762351321231	R B' D' R2 B D' B' D B' R2 B'	376765
36417522123311	R B R' B2 D' R B D' B2 R2 D2	549823
52641733232321	R B2 R D R' D2 R B R2 B2 D'	372379
65147321232113	R B' D R2 B' R B D' R D2 R2	733624
14356721112323	R B D B2 D B' D' R' B2 R2 D	392045
26714532121133	R B2 D R2 D R D2 B' D R' B2	408638
17453262211133	R B R2 B' R D' B R2 B' R2 B	301591
16537421113322	R B2 R D' B2 R D B R2 D' R2	456934
17642531111111	R B R B2 R D' B' R' D2 R2 B	502331
17463251321231	R B2 R D' R2 B D R D2 B' R2	632136
71452632222131	R D R' B R' D R' D2 R B2 D'	473988
23147562123131	R D R D2 R D B2 D' B' D2 R	739853
16524731112233	R B' R' B2 D B' D' R D' R2 D'	309034
76213543213133	R B2 D R2 D B R2 D' B R' D2	422702
26135742132221	R B' D2 B' D' B2 D' R D B2 R2	315818
23164753333313	R B R D2 R2 B' R B' R2 D2 B'	358196
56432713122122	R B2 R' D B' R2 D' R B' R2 B2	409503
42163751121212	R B' R2 D' R' B R D' B2 D R	344105
47123562232133	R D B D2 R' B' R2 B R D2 R	775576
27435612122222	R B R D2 B2 R D' B D' B D'	932480
16345272322232	R B2 D2 R2 D' B' D R' D2 R D	269000
43126572133313	R B R2 B' R2 B' R D B' R D2	281817
52163471312111	R B R B2 D2 B D B' R2 D2 B'	425611
52763413222112	R2 B D' B' D B' R2 D2 R B' R	363601
74365213111211	R B D2 B2 R B R' B D2 B R2	381099
54167231121113	R B R2 B' R D' B R2 D2 B2 D'	355482
16543271331332	R B2 R2 B' D B' D R' B D B2	463056
71546322231212	R B R' B R' D B2 D R' D B'	287312
62157342132212	R B R2 B R D' B2 D' R' B2 D	341787
36541272323222	R B R B' D2 B R2 B D R' B'	276538
46572311223122	R B' D B' R2 B' R' B' D R2 B	312728
52147632111113	R B2 R' B R B D' R D' R2 B	383662
12367451213333	R B2 R2 B' R B' D R' D B D2	313913
23517462131333	R B' R B' D' B D2 B R D' B	414954
34527612331322	R B2 R2 B D R' D R' D R' D2	343551
57164322131312	R B R' B2 R D R2 D R' B' D	935031
45637123132121	R B2 D' R' D' B2 R B' R2 B' D2	285013
32765411133113	R B2 R' B R D' R2 B2 R B2 R	273029
74365211313113	R B2 R' D B D' R2 B2 R B2 R	170644
32761453133333	R B D2 B2 D R D R' B2 R' B	324662
47265312131312	R B D B2 D' B' R2 D B' R' D'	365005
71523463231313	R B2 R2 D' B D' B' D R B' D	483477
46123573232123	R D' B2 R D' R D' B' R' D R2	834423
54723613121312	R D B2 R' D' R2 D R B2 R D'	948565
47135622132332	R B D2 B' D B2 R2 D B' D R2	342093
71543622111131	R B R D2 B2 D' R' B2 R' D2 R	280033
12347653132322	R B R D B2 R2 D2 R D2 R' B	297199
62147353132121	R B R B2 D' R B' D B' R' D2	242977
14723653232222	R B D R2 B' D' R D' R D2 B	240098
54723612221222	R B2 R' D B' R2 B R2 D' R D'	414812
32741651131211	R B2 R' D R B R' D R' D2 B	337525
72563411112131	R D2 R' D R D B' D B' R2 D	388538
16243571231231	R B' R B R' B D' R2 B R B2	286622
71423653213232	R B' R' D' R B2 D' B R2 B' D	239544
76324153323122	R B2 R' B' D' R' D2 B R2 B' D2	286522
56327411211332	R B R' B' D B R2 D2 B2 R D	194436
34261572132131	R B R B' R D' B R2 B' D2 R'	286732
27415363131113	R B R' B D' R' B R B D2 B2	362226
32745611223332	R B R2 D B2 R' D' R' B2 R' D'	395380
74521633121312	R D R2 B' D' R2 D B R2 B D'	530757
61472532123332	R B D R' D R' B D2 B' D2 R'	285636
27416533321232	R B' D B R' B R' B2 D R D2	388145
45376213333322	R B D R' B2 R' D R D B2 D2	410505
35426712311312	R B R2 B D2 B D' R' B R2 B	333918
67321452111122	R B R D' R D' B D2 B' D2 R'	375040
57236141323232	R2 B D R' B2 R D' B R D2 B2	416962
54326171111231	R2 B R B' D2 B D' B R B2 D2	457506
12376451111222	R B' D R D' B D' R2 B R D2	603615
45673212212132	R B R' D2 B2 D' R' D B' R B'	225994
25736411321312	R B R D2 R B2 R D' R' D B2	186193
31275462311213	R B D2 B D' B2 D B2 D' B D'	423398
21345763332233	R B D2 R2 B' D' R B' D R2 D	453377
75246313332332	R B2 R2 D R' D B' R2 B R2 D2	278286
74256311321222	R2 B R2 D2 B' D' R D' R D2 R	579340
45673213211222	R B D2 R2 B' D B' D' B2 R2 D	652137
74256313111232	R2 D R2 B2 D' B' D B' R D2 R	568315
46352172113231	R B R B' D2 B D' B R B2 D2	300752
71435263333223	R B2 R2 B' D R2 B' D2 B D2 R'	337255
76253141123132	R B D R' B2 R D' B R D2 B2	258727
15643273223111	R B R B2 R D' B' R' B2 D R	301484
71453262222221	R B2 R' D B D R' D2 B D' B'	495749
41725361321213	R D B2 R2 D' R' D R' B R2 B	421715
34627512232313	R B D B2 R D2 R B' R B2 D2	405581
26415732121223	R B R2 D' B D2 B' D' R2 B2 D	346769
17452363322132	R B R2 D' R' D' R B2 R B R	215108
53476121323322	R D R2 D2 B' R B2 R' D B2 D'	296317
71326453132121	R B2 R' B2 R' B R' B2 D2 B' D	268835
72365413131212	R B R2 D2 R' B' D' B D2 R' D	289079
35476122221111	R B R' D B2 R' B R' B2 D2 R	483365
67254313311113	R B R' D R2 D' B D' R B D2	424032
36514272212111	R2 B R D' R D B2 D2 R' D' R	587792
36547212122222	R D R2 D2 R D R B' R2 B' R	870235
14736521322233	R B R' D2 B D' R' B' R2 B2 D	286811
17426531112233	R B D' R2 B D' B' D' R2 D2 B	277254
72163453331333	R D R2 D2 R' B' R2 D R2 D' R2	374375
61453723111121	R B D B2 R2 D B R2 D2 B' D'	299900
42367153211123	R B R2 B' D B' R2 D R2 D' R2	454657
24153672321233	R B R B2 R2 D' B R2 B' D2 B2	330464
17326452212111	R2 B2 R' B' R' D R2 D R2 D' R2	390278
36145272131312	R B D2 R' D B R B2 R2 D' B	740637
52167432121313	R B2 R' D R' B2 R B2 D' R D'	277417
34516272312332	R D2 R' B2 R' B D' R2 B2 R' B	340595
15367423211123	R B D' B R B' D R' B2 R2 D	488399
62435711222222	R B R' D R' B R2 B2 R D R	338410
53476121323112	R D R2 D2 B' D B2 D' B R2 B'	324893
16745232122222	R B R2 B2 R B D B' D2 B' R	399750
26437512122312	R B2 D' R2 B D' B' R D' R D'	624121
56743213121213	R D B2 R' D R D B2 D2 R' B	544836
27456133132223	R B R' B' D B R2 D2 B2 D' B	369045
75346213112132	R B R' B2 R D R' B D' R D2	245907
12765433331333	R B D2 B2 D' B' R2 D B2 D' R2	285212
12376541322233	R B D' B2 R D' B' R' D2 R2 B	306021
65271341332331	R B R2 D2 B R' B D' B R' B'	313318
52673413232123	R B R2 D' R2 D' R D R' D2 B2	242640
34165271311133	R B2 R B2 R2 D' B D R' D2 R	403931
13246571112233	R B R' B2 D B' D' R' B2 R2 D	436277
46523711331332	R B R2 B' D B' D R' B D B2	242483
46153273131131	R D' R2 B2 R' D2 B D2 B2 D B'	341698
52341673232213	R B2 R B D2 B' R2 B R' B' D2	206451
27154632311132	R B R' D R2 D R D B R2 D2	283707
64321572111131	R D2 B' R B R D2 R D' B' D	252251
54231671123111	R B2 D' R B D R2 D R' B' D	317794
14735621333222	R B R2 B D2 R B D' B D' B'	295283
16374523211123	R B R' B' R2 D' R' D R2 B' R2	430911
32165741233223	R B2 R B2 D2 R' B D' B2 R2 D2	285242
56423173133111	R B2 D2 R2 B R D' R2 B R' B	323389
32475161232323	R B R2 D2 B R2 B R D' B R	393753
13276541321123	R B' D2 R B R2 B D2 B R' D2	344986
24351671212211	R D B' R' D' B D2 R' B D2 B'	453590
72531463321232	R B' R2 D B2 D' R2 D' B' D B2	493145
45621373211111	R D R' B D R2 D B2 R2 D B	381820
43216573132223	R B R' B' R B' D B2 R' D' B2	458688
34165273311131	R B R D2 B' D' R B' D R2 B	194447
73624513332131	R D2 B' D2 R D' R D' B D' B	347449
71435263333133	R B2 R2 B' R D2 B' D2 B R2 D'	555533
52341672232313	R B2 R D R2 D' R2 D R' B' D2	419443
41352671212121	R B R' D B2 D2 R' D B' R' B	551912
36712542121211	R B' R B2 R2 D' R B' R' D R	551594
51624733323113	R B' D' B D2 R' D B' D' R2 D'	408336
41725363121222	R B D' R D' R B2 D B' R' B'	496350
36712542121121	R B R2 B R B2 D B2 D2 B' D'	398651
72561433221233	R B D R2 B2 R' D B' D' R2 B	289530
43721653231313	R B R2 D B R2 D' R B2 R2 D	388352
15426371111111	R B D R2 D R' B' D R' D2 B2	511669
34275161312213	R B R B2 R D' B' R B' R2 B'	711631
51426731111111	R B D R2 D R' B' D R' B2 R2	510821
51472633331312	R B R2 D2 B D2 B R D' R B'	873030
32174561112323	R B2 R' D' B R2 D' B' R B' R2	1172104
62531472321233	R B D' B D R2 D2 B' D' R D2	455248
75346211133122	R B2 R B2 D2 R' D B' D2 R2 B2	366058
54321672212231	R B R2 D2 B2 R B D' R D' B	459426
54321672212213	R B D' B R' B R B2 D2 R2 B	612242
32146752232223	R D R2 B' R B2 R' B D' R' B'	678052
43751623123313	R B R2 B' R2 D2 B D B' D B'	798180
51342763312223	R' B R' D R B2 D' R D R2 D'	2719625
12354761112323	R2 B R' D R B2 D' R D R2 D'	2242287
14352672212111	R B R2 B' D2 R B' D2 B R D'	361230
51472361131313	R B2 R B R' B D' R2 D' B D'	334377
54367123311113	R B D2 B2 R B' R B' R D R	317418
41352671222111	R B D' R' D B' R2 D2 R D' B	363639
23165473233221	R D R' D2 R B D' B D' R B2	339210
72561433321133	R B2 R2 B D' R B' D R' D B2	466052
35127462331331	R B' R D' B2 R D' B D R2 D	294009
63471522323132	R D2 B' R B' R' B D2 B D B	402083
52376413222223	R B R' D' R B D2 R2 B2 R' B	238479
57321641311112	R B2 D' R B' D' R D2 R B D	192710
24765313222112	R B D' R B' D R2 D R' D R2	355150
56243173133111	R B' R2 B D2 B2 D R2 B D2 B'	384638
42615372221213	R B2 D' B2 D R2 B' R B2 R2 B'	602941
41725362221213	R B2 D' R2 D B2 R' D B2 D2 B'	558976
75462132123212	R B' R D2 R2 B' D B' D' B R	547900
36712542121112	R B R' D2 B2 D B R D' R' B	549439
76514321232113	R B D' R' D R2 D B' R B2 R2	439091
52314761322122	R B2 R2 B D2 B' D2 R D' R2 D2	228062
63754213122122	R B R' B D' B2 D B D2 R' D	337503
14736253222223	R B R' D' B D' B D2 R' D' B2	280968
21734652123131	R B R D R D2 R D' B R2 D2	267216
26153473131131	R B D2 B2 R D' B D' R B R	460863
51324761111123	R B R' D R B2 D2 R' D2 R D	300825
73654211111132	R B R2 B' R2 D2 B D B' D R	385428
54172633132313	R B D2 R B D2 R' B R2 B2 D	330675
73654122221111	R B R2 B R' B R' D' B2 R B'	322065
35416723232213	R D R' D' B' D' R2 B D' B2 D	388836
13276541133122	R B' R2 D B D2 B R2 B R' B2	316140
36712542122111	R B D' R B' R2 D R' D R D2	353541
72561433321223	R B2 R2 B' D2 R' D R2 D2 R' D'	492994
51324672212111	R D R' B' D' B R2 D' B R2 B'	571836
54321672232211	R B R' D B' R D B2 R2 D2 B	453741
74325163131323	R B R D' B2 D B' R B D' B2	378918
36741253233131	R B2 R2 B R' D B' D R' B D2	320349
63712542221111	R B R' B D B2 D2 R' B' R D2	362902
17425631323223	R B D2 R' D R' D B D2 R D'	392745
41352671212112	R B R' B' D B' D2 R2 D R' B	406254
45367213111133	R B2 D2 R2 B D B' R2 D R' D	596891
72561433311233	R D2 R2 D R' D R' B R' D B2	709129
41325671212211	R B D2 B' R2 D R' D2 R B D'	462311
76312542322121	R B2 D B2 D R' D B2 D B R	246164
45312673222112	R B R' D2 B' R2 B R' B2 D B'	218773
35462171332331	R B2 R' B R' B' R B D2 B D2	365311
43615272113321	R B R2 B' D2 R2 B R B' R D2	431649
41726352313322	R B R2 D2 B R' B' R' D2 R2 B'	451629
45312671222312	R B R' D2 R B' D2 R D R B2	333834
63542713121333	R B' R B2 R D' R B' R' D2 B2	750316
71643523331213	R B D2 B' D2 B' R D R' B D2	987774
75264132321212	R B' R B' R2 B D2 R D' R2 D	239279
36745213133111	R B2 R D2 R2 B' R B R' D2 R	328028
76341251311313	R B2 R B2 R2 D' R D R' B2 R	323617
75264132121232	R B2 R' D R' B' R D B2 D B2	292925
76354121121212	R B2 R' B R2 B D R' B' D B2	206502
75416323232213	R B R2 B' D2 B D' B R B' D2	426787
14367523311113	R D' R' B' R B' R' D2 R' D' B	602648
32561473222223	R B R B' D2 B R' D' B2 D2 R2	197527
36745213131131	R B R B2 D' B' R B' R B2 D	198652
31275462223211	R B R2 B D' R2 D R2 D' B D'	287091
72146352232223	R B R2 B' R2 B R' D R B' D2	339505
37615423121132	R B2 R2 B' D B2 R' D2 R D2 B'	318988
41367253111133	R B' R2 B R2 B2 R B2 D B2 D'	418594
76354122111212	R B' R D' R2 D R2 B D' R2 D	350138
64275131212223	R B D2 R2 B' R' D B' D R2 D	526998
31275462312212	R B D2 B R' D2 R B2 R' B D'	585057
67312542221111	R B' R' D2 R B' R2 D R2 D' R2	275825
35267141321132	R' B D R' B2 R D' B R D2 B2	591474
45321671212211	R B D' B' D' R D2 B' D R2 D'	483837
43621752213323	R B2 R B2 R2 B R2 D R2 D2 B2	355305
25413672323111	R' B R D' B2 D B' D R B2 D2	585726
75314621313212	R' B D B' D2 B R' B R B2 D2	609003
32145671111111	R2 B' R B' D' B D2 B D R D'	1764741
12347651111111	R2 B' R B D B2 D B' D' R D'	3134465
54312672212111	R B R' D' R' D R2 B' D B2 D'	234252
23576412233321	R B D B' R' B D2 B D2 R' B2	262806
35246171113322	R B R' B D2 B2 D B R2 B D'	313130
62571432321233	R B' D' B2 D B' R2 D B2 D' R2	518935
25364172311231	R' B R B' D2 B D' B R B2 D2	580623
23576412312323	R B R B' R' D B2 D B2 R' B2	254047
51267342312233	R B' D B2 D B' R D' R' B2 D2	532878
35246172213311	R B2 R' D B2 D' R D2 B' D' R	346737
31654272313322	R B' R B2 R D' R B' D2 B R2	408196
52374161112323	R B R D2 R D' B' D R' D2 R2	381569
12734561112323	R B R D2 R D' B' D R' B2 D2	378585
16254733312223	R D R2 B' D' R2 D' B R B2 R	631076
41625372313211	R' D R' B D B2 R' D B D2 B'	785024
15642371111111	R2 D R' B D B2 R' D B D2 B'	626405
73624513121132	R D2 B' D2 R D' B R' B R' D	739900
37624152311213	R B2 D' B2 R D' R B' R B' D	663942
42351671212211	R B' R D B2 D' R B2 D' R2 D	255377
73614251112323	R B D B2 D B' D' R D' R2 D'	335501
51342672212111	R B' D R B2 R' B R2 D' B2 D	461221
34175263321232	R B2 R' B D2 R' B D B D' R2	241997
73642511111111	R B2 R' D' R D2 B' D' R D' R2	397158
37612542221111	R B2 D2 R B2 R B' D' R' D2 R2	454612
51624731312123	R B2 R2 B R2 B' R2 D B' R2 B2	379605
72134562312212	R B2 D' R2 B D' R B' D B' D	441976
35271461322233	R B R2 D2 B2 D' B' R' B R2 D'	329921
27615432113321	R D R2 B2 D R2 D R B' R B2	571208
41532672313211	R2 B' R D R' D2 R' D' B' D B2	611974
25341762313223	R2 B R' D R B2 D2 R' D2 R D	416404
16345271111111	R2 D' R B' R' D R2 D B D B'	720294
21346752313322	R D R2 B2 D R' D' R' B2 R2 D'	574428
76543211111111	R2 D' R B R B2 R D' B' R B'	717970
61352472313211	R2 B' R2 B' D' B' D R2 B R' D	3098981
73615421113322	R B D2 R2 B2 R' D' B' R D2 B'	330018
24615372213311	R2 D R' B D R2 D B2 R2 D B	499344
47352612313211	R2 B' R2 B' R' D' R D2 B D' B	600612
41752632313211	B2 R B' R D R2 B' R B D2 B'	1349092
12745631111111	B R' B R B' D2 B' R' B' R D2	1145030
45312672313211	B R2 B' R' D R2 B' D' B R' D2	1154243
63172452313211	R2 B' R B R' D2 R' D' R' B D2	1644230
52341671111111	B R' B2 R' D' B' R D2 B R' D	1150958
25714632313211	B R2 B' D' B D2 R' B' D R' B2	1155779
14325671111111	B2 R' B R D B2 D R' B' R D'	1356051
21354672313211	B2 R B' D R D2 B' R D R2 D'	1338350
54721631111111	B2 R' B R' D' B R2 B R B D'	1362268
