35267141223233	R B D B' R' B' D R D' R D2	254351
12456733223321	R B' R D' R' D R D2 B' D' B	182907
15724362212132	R B D' R' D B R' D2 B2 D R2	246907
74163251121122	R B2 D2 B D2 B D' B D2 B' R	310295
17452633213232	R B D' B2 R2 B D' B2 D' B2 D2	276719
54317621111222	R B D R' D2 B2 R D' R' B D2	247044
65174232323312	R B2 R' B D2 R' B' D' B2 R D	303017
46127352131333	R B' R' B D B D2 B2 R' B D	565895
12753462231323	R B R2 B2 D R' D2 B R D2 B2	212877
76514321112323	R B D B2 D B' D' R D' R2 D2	359470
65321472111122	R B D B2 D' B R2 D' R2 D B'	347080
17642533312211	R B R D' B2 D' R' B D2 R' D2	234191
14736521213333	R B2 R D R2 B' R2 D R B D'	322767
14723651211212	R B R2 B R' D B2 D B2 R D2	375893
63752412312323	R D B2 R2 D B' R B' R2 B D'	589837
34167252213323	R B R' D' R B D2 R2 B2 D R	437457
56243713121333	R B R2 D B D2 R' D B2 D2 R	394691
41673521111111	R B D' R2 D B' R D' B2 R2 D2	451302
32174562231212	R B R' D2 R' B D R B2 R2 B	381325
37652141113232	R B R D' B2 R D2 R' D R' B'	340509
31264572122213	R B D' R2 D' B D B R2 B2 R	472233
56271433123313	R B2 R2 D' B R' B' D R D' R	435924
52736141322233	R B R2 B2 D' B D' R' D R2 B'	446420
67354121111111	R B R B2 R B R2 B R B R'	593356
31256471231222	R B R B2 D B2 D2 B R' B2 D2	268971
61453721111111	R B D' R2 D B' R D B2 R2 D2	429969
72145631233223	R B R' B' D R2 D R' D' B D	179543
35462171221223	R B R D B D' B' D B2 R' B	295126
17425631122112	R B D' B' R B' R' B R' D R'	453551
25714633121333	R B' R' B D2 B R' D' B R2 B2	515268
63125741112323	R2 B R' B D R2 B2 D' R2 D B	757235
63142571111111	R B R' D' B R2 B R B' R2 B2	715147
16542372112331	R D' R D R2 D2 B2 R' D' R B2	256999
65274133232321	R B D' R D' B R2 B2 R B' R'	213982
41765322221312	R B R' B R2 D' B2 D' B D' R'	397463
23751463112321	R B R' D R D B' R2 D R B'	401520
56271433111313	R B2 R B2 R2 B' R2 D' R2 D2 B	665901
15746321111111	R D2 R B' R B R2 D' B D B2	853432
71435263311122	R B2 R B' D B' R D' R' B2 R2	582228
13647521111111	R B R D B2 D R' B' R' B2 R2	985298
75243613213232	R B D2 B' D' B2 R B' D R D'	258185
14752632332132	R B2 R2 B' D2 B R D' R2 B D'	216384
73615423333331	R B2 R' B D B R' D2 B R' D'	259327
76342513323122	R B2 R' B' D' R D2 B' D2 B D2	222517
31524673332122	R D' R' D' R B' D' B2 D' R' B	333338
14763252322121	R B R' B' R B2 D' R B' R' D	301638
75236143213232	R B R' B R2 B' D R B R' B'	327433
46273512122312	R B D' B2 D' R' D' R B2 D' R	415516
76321543311131	R B D B2 D' B R2 D' R2 D B2	328638
72356143211123	R B R D2 R2 B2 R' B' D B' D	374652
51647231113232	R B R2 D2 B D2 B R' D' B2 D	281422
32175461221112	R B R2 D R' D R2 D2 B' R D2	251291
23164573213133	R B R B2 R D' R D' R B R	305114
46157233333232	R B R D' B D' B2 R' D B2 R'	395101
25736141111123	R D R' D' B' D2 R2 B' R D' R	321991
64275311112332	R B2 R2 B R' B2 D R2 D B2 D2	270505
42137653122131	R B2 R' D2 R' B R' D2 B2 D' R	295596
16543271332331	R B2 R2 B D B' R B' D B' R2	270103
32547611213111	R B R' B' D2 B' R2 B R' D' R	355892
14625732233111	R B2 R D' B R D2 B' D R B	288091
76325411112131	R B R2 B' R D B D' B R' B2	251019
34561273233131	R B R' B' D B R2 B2 D2 B R'	276449
24315761122322	R B' R2 B' D' B2 D' B R B2 D2	288501
32561471211131	R D2 R2 B' R' B R' D2 R B' D2	521966
74132562122111	R B D2 R' B' D' B2 R D' B2 D	201713
52341672323222	R B' R' D R' B' D R B2 R2 B	314723
16453271211113	R B D2 B R B2 D' R2 B R B2	337259
67354213131311	R B' R D B2 R' D2 B D B2 D'	242352
34725612331322	R B2 R' D B2 R' D' R' D R' B'	276636
32647152133121	R D2 R' D2 R' B D' B2 R2 B' R	340382
12354762121211	R B' D R' D2 R D2 B D' B2 D	347453
52367412322232	R B D2 B' R B2 R D2 R2 B' R	319569
41532761233133	R B D2 B2 D' R D2 B' R2 B D	257905
32164573323212	R B2 R B' D B2 D2 R B R2 B'	276051
76145231221112	R2 B2 R' D B2 R' B' D' R2 B D	461777
72345612122111	R B2 D R' B2 D' R B R' D B	218108
67345211113322	R B D' B' D R2 D B' D R2 D'	398787
27415633321322	R D R' D R D' B2 R D' R B'	441447
17526432123233	R D B R' D B' D B2 D' R2 B'	605680
63714522332132	R B R D2 R' D R2 B' R2 B D2	212212
14765233323332	R B D2 B' D B' R2 D2 B' D' B2	240145
56423173132121	R B2 R' B' R2 D R' D2 R D' B2	276984
34127652111311	R B R2 D2 R' D2 R' B D2 B' D'	388824
46352171211233	R B D' R D R B' R2 D B D'	246161
62135472132131	R B D R2 D' R' D2 B D2 B' D2	204104
53126471231231	R D2 B R2 B' D R' B R' B' R'	355217
14765231113121	R B R2 D' R' B R' D2 B R D	418389
56741231311121	R B R B' R2 B D' R D' B2 R	350078
14736523113131	R B R2 B' R D2 R' D R B2 D'	195271
72345611221223	R B R D2 B' R B2 R' D R2 D2	173452
76341251113121	R B2 R B' R D R2 B2 R D B2	261501
31527643332122	R B R' B R B' R D' B2 D2 R	191081
16742352232313	R B D2 B' R2 B R' B D R' D2	266611
16527432231332	R B R D' B2 R2 B R D B' R2	238636
74561231111222	R B D2 B D' R D2 B' R D R'	340734
76354212313322	R B' R B2 D' B' D B' R2 B D'	570468
75346211311211	R B R2 B D' R' B R' B' D2 B	235700
53762143222331	R B D' B' D B R' B2 D2 B D2	188074
47352612123131	R B R D' R' D R2 D R2 B' D2	313814
71263542323123	R2 B' D2 R B R2 B D2 B R' D2	473667
41735263123223	R B D' R2 B D' R' D' B D2 B'	250499
54321763113113	R D R' B D2 B' R D' B R B2	325197
62174351122133	R B R2 D2 B R2 B R D' B D'	391254
14625731111111	R B' D R' B2 R D2 B' D R D	1807012
32147651132222	R B R' B D' B2 R2 B R D B2	235779
32741651311121	R B D' R2 D' B2 R B' D' B R'	274949
14763253222112	R B' R B' R B' D B2 D2 B' D2	234936
65123472312311	R B2 R B R' D2 R B D2 B2 R'	285649
32465173132121	R B2 R2 D2 B R' B' D R' B R2	231374
47165322133112	R D R2 B2 D' R' D B' R B2 R	468829
56423171231321	R B2 R2 D2 B' R D B' D B' R2	264101
16257431132111	R B' R' B D2 R' D R B D' R2	290340
15342671211311	R B R B' D2 R' B R' B' R D2	256000
23156471222132	R B2 R' D R2 B' R' D' R2 B R	222126
36752142122132	R B2 R2 D R' B D' R2 D B2 R2	414764
56127433332323	R B2 R2 D2 B D' R B' D2 B R	399854
56143273332323	R D2 R' B D B D' B R' D2 B	501517
52163473323332	R2 B2 R' D R2 B' R' D' R2 B R	347027
36415272123212	R B D R2 D B D R2 B' R B	609947
16523473332323	R B R2 B' R D B2 R' D' B D	250766
54637211132111	R B R' B2 R D2 B' D B R D'	199504
35462172312131	R B R' B2 D' B R D R2 D2 R	376664
21457631321123	R2 B D2 R' D R' D B D2 R D'	475502
45623712332123	R B D' R D' B' R' D B2 R D'	227799
56327413213112	R B R' B2 D2 R' B R' B' R D2	190719
65314272313211	R D' R B' R' D R2 D B D B'	440095
34526713232312	R B R2 D' R' B' R B2 R B D	400990
23165472111122	R B2 R2 B' D2 B D B' R2 D B'	391847
53621471331221	R B R D' R2 B2 D B' R' D B2	329478
12376542121232	R B2 R B D2 R' B2 D B R B'	327085
65132473313312	R B R B2 R B' D B2 D R2 B	206942
12347652123332	R D2 R' D2 R B' D' R D2 B D2	406707
24157362323111	R B2 D B R2 D2 B' R2 B D' B2	420329
21357463213331	R B2 R' B R' B' R D' R2 D B2	313018
32167453321232	R B D2 B R' B D2 R' B R B'	259205
63751242221321	R B' D B R' B2 D2 B D' B2 D'	365658
65134721233232	R B2 D' R2 D R B2 D2 R' B' R2	184605
67234513332122	R B R2 B2 D R' D B' D B D2	188158
46127351131313	R B R2 B R' D R D2 R D R'	427928
57246131112233	R B D2 B2 R' D R' D' R B2 D'	405905
32174561232113	R D R' D2 B R' B' R' D2 R2 B	551940
72164353131113	R B2 R D R' B D' B2 D' B R'	400868
14356721322233	R D B' R' D B2 D R D2 R2 B'	601265
17246351111111	R B R B2 R D' B' R B' D2 R2	1440873
71462533111223	R D2 B' D R2 D2 R' D R2 B' R2	289988
25463713212332	R B R' B' D2 B' D' B2 R B2 R'	146941
17425631332112	R B D' R' B R' B' R B' D R'	261541
21354671131313	R B' R2 D2 B R' D2 B D' R' D'	275901
63752412322112	R B D B' D2 B' R D R D2 R2	253310
76351421113322	R B R2 B' R2 D2 B D' B' D2 B'	164774
12456731132321	R2 D R' B2 R' B' R' D R2 B D'	556304
62351743112123	R2 D R' B R2 D R' B' D' B2 D'	555557
16527432211322	R B' R B R' B D2 R2 B' D R2	276900
12473561132123	R B' R D R' D2 R' D' B' D B'	377042
62374513312112	R B R B2 D R' D B2 D B' D2	213531
21365742312323	R D R' B R2 D R' B' D' B2 D'	418178
14573261333111	R B D2 R D' B R2 B2 D' R' B	379560
13267451122211	R B' R2 D B2 D' B' D2 R2 B R'	447859
15367421211113	R D B' D2 B D' R B R2 D2 B2	404246
31257462222221	R D2 R2 B2 D' R' B D' R2 D B'	443843
37614522323312	R B2 R B' D R' B' D R2 D' R	218411
47256133321232	R B R B' R B2 R' D R2 B' D'	308586
14752631111111	R B' R' D' R D2 B' D2 B R' B	540957
65274132123332	R B D R' D R' B D2 B' D2 R	334925
24615371112332	R B D2 B R' B' R B' D2 R D'	285591
42157633231322	R B2 D' B2 D B D2 R2 B' R' D2	376146
37615422223133	R B2 R D' B D' R D' R' D2 R2	446132
67145323133312	R B2 R2 B D' B2 R B2 R B2 R2	500234
71423563213232	R B R' D2 R' D R2 B' D2 B R'	204279
23456173233122	R B' D R D2 B2 R B D2 B2 R'	208490
52713461232323	R B R2 B' D2 R2 B R' B' R2 B	255053
45732612233321	R B R D' R2 D' R' D R2 D2 B'	226213
73625143333313	R B R' B D2 B R2 D' B R' D'	277259
71435623333331	R D2 R2 B2 D' B' D B' R2 B D'	267472
76315241223113	R B R2 D R' B R2 B2 D' R B2	404930
16427531231321	R B2 R D B2 R2 B' D' B2 D R'	854792
27543611111123	R D2 R' D2 R' D R' D2 B2 D' R	329477
65132471212112	R B D' R D' R' B R2 D' B' R'	332317
72165433111112	R B R2 B' D B D R' D R' D2	281155
67354211212121	R B R' B2 R D' B2 R D B D2	223044
41725633121123	R B2 R B' D R D2 B' R B D	331352
36721452131111	R B2 R2 B D' B D B' R D R	580174
34527612231122	R B D2 B2 D' R B2 D R2 D2 R'	551109
34561272232211	R D R2 B2 D2 R D R' D B' D'	501482
72345612331331	R B R B' R2 D R' D2 R B2 R2	197190
32547611121113	R B D2 B2 D B' D B2 D2 B R'	243208
32561471121311	R B D2 B' R B R D' B R' D2	318020
72543163211111	R B2 R' B2 R' D R' B2 D2 B' R	253830
65417323223123	R B D2 B' R B' D2 R B2 R' D2	204838
36125471222111	R2 B R2 D B2 D B' R D2 R B	321858
15642373231223	R B' R B R B' D2 B' D2 B' D2	228552
12365471211122	R B2 D B' D2 R' D R D' R D	378579
43675211221331	R B D R B D' R2 B R2 B D2	186304
32146751232323	R B2 R D B2 D2 B' D R2 B' R'	517636
56423172112121	R B2 D2 R2 B R' D B2 R' D B'	458023
76345123311131	R B D B2 D' B' R2 D B2 D' B2	337959
41725632322331	R B2 R' B D2 B' R D2 B' R' B2	232849
76145232123332	R B R2 B R2 B' D2 B R' D' B2	341647
63752141122211	R B' R2 D R' B' R B R' B D2	428805
54367121113331	R D2 B D2 B' D R' D R' B' R'	464069
63752143123223	R B D R2 B2 R' B' R' D R2 D2	233558
12376543133132	R B R D' B2 D R' D' R2 D2 B'	197643
17543261132111	R B R2 B D B2 R' B2 D R B2	328683
76341251221121	R B' R2 B' D B2 R2 D B' D2 R	269077
52743611111213	R B D B' R2 B D' B D' B2 R	250034
72543612331331	R B R2 B2 R' B R2 D R2 D2 R	255986
54261373123121	R B R D R2 B' R2 B R2 D' B'	180063
76145232233213	R B' R2 B D' B2 R D B D' R	540239
34725612111113	R B R2 D' R' D R' D2 B D B	231658
41725633211111	R B' D B' D2 B R2 D' R D B	332712
74561233111112	R B2 D' R' B2 D B D2 B2 D' R'	302594
75412631223332	R B R D2 B R' D R2 D R' B2	258057
61352472233321	R B R' B D2 B R B R D2 B2	232240
75314621133221	R B R B' R' D' B R D' R B2	252110
13276451233133	R B' R B R' B2 D2 B R' B2 R'	368020
56213743313333	R B R2 B' D2 R2 B R B' R B'	832463
65174322313211	R B R B2 R B2 R B' D2 R2 B'	265425
36714252232223	R B R B2 D B2 D R' B R2 D2	316432
72563411111312	R B R' B2 R' B D B2 R' B R	246211
14763253132232	R B R B' R2 D2 R' D' B D2 R'	254370
25436712323231	R B R' D R2 D' R B R2 D2 B2	257828
21375463333211	R B' R D' R2 D' B' R' D B2 R	374111
32147652331322	R B2 R2 B' R' B R' D B' R B2	562418
67345211111132	R B2 R2 D2 B D' B' D R' D R2	517783
34127651121113	R B R2 B' R D' B R2 D2 B2 D	260224
12347652123233	R B2 R' D2 R B' R' D R2 B D2	308739
26435713333133	R D B2 R2 D' B' R B' R B2 R	333668
12376542123212	R B R D' R2 B D' R2 B2 D B'	305475
72143651121113	R B R' D' R2 D' B2 D R' B' R'	304811
74523611131112	R B D' B' D2 B' D2 B D' B' R	395822
54376211111132	R B2 R2 D2 B' R B D' B D' R2	489156
64325713121222	R2 B D' B R' D' R D2 R B R'	853532
46513272332111	R B R2 D2 B' R B' R B R' D'	178111
15746322313112	R B R B D2 B D R2 D2 B' D'	334380
76245312132131	R B2 R2 B' R2 B R D' B2 R D'	358113
75264133331213	R B R2 D2 B D' B R B' R2 B'	462889
56213471111111	R B D' B2 D B2 R' D R D B'	545838
25134672313211	R B' R B' D' B D2 B D R D'	944050
74165233132313	R B2 R2 B' R' D2 R' D' R D' R	943558
31265471312213	R B R2 D' B2 D B D2 B' R2 B	347296
12467351231321	R B D B2 R' B R' B D' R2 B	291420
32674152113333	R D2 R2 D B2 D2 R2 D' B2 D2 R	317323
56132472333332	R B2 D2 R2 B D' R B2 D' B R'	232924
32547611131112	R B R2 B2 R D' R B2 R2 B R'	365050
36725413131113	R B D2 R B' D2 B' D R' D R2	406616
74165233131113	R B R2 B2 R' D' B2 D' R' B D'	629994
72365413331333	R B2 R D' B D2 B' D2 R D' B'	555578
45176231131313	R2 B R' B R' B D R2 B2 D2 R	824077
36172452133133	R D R2 D2 R' D B2 R' B2 R B	358103
15624732133313	R B D2 R2 B R' B D R' B2 R'	398120
56347211222132	R B2 R B' D R' B' D R' B R2	228873
36745213232213	R B R D' R D2 R' B2 D R' D	246229
46375211211332	R B R' B' R2 D' R' D R2 B' R'	223589
73615241113322	R B' R D2 B2 R2 D B' R B' R	487994
23756411222312	R B R' B R2 B2 D' R B' D' R	301285
61235741313131	R B' D' B D R D2 R2 B' R B	755725
36125473323233	R B2 R' D B' R2 D2 R D' R B2	300388
14765232232322	R B R' D R' B2 D2 R D R D'	233294
34617252111212	R B R D2 R B D B2 R' B R'	314986
32417652132131	R B2 R' D B2 D B2 D2 R' D B'	237268
76245311121131	R B D' B D2 B' R D R2 B2 D2	178219
64572131122223	R B R' D2 B D' B' R' D B2 D'	261028
12356741133131	R B R2 B D2 B' R B2 D' B2 D	262100
67254311131133	R2 B D2 B' D2 R D' R2 D B D'	404619
14527631133311	R B R B D2 R2 B2 R B2 R' B	236354
51623743313321	R B R' D B' D' R B2 R B D'	297796
17426531313131	R B2 R D B' R B D B2 R D2	271027
37614521323232	R B D R' B2 D R2 D' R D' B	276270
56721343123331	R B R2 B2 R' B R2 D' B2 D B	290601
23165741231312	R B2 D' R2 D B2 R' D R2 D2 R'	301798
32175462233111	R B D2 R' B2 R B R2 B' D2 B	510183
34125672131312	R B2 R' B2 D B D2 B2 D' R' D2	453720
74165231313131	R B D2 R B' R2 B' D R' B R2	175544
36725411313131	R B R2 B2 R' D' R2 D' B' R B'	262074
14725363223213	R B D' R B2 D' R' B R' D2 B'	236532
74165233111313	R B2 R2 B' R D' R D' R' D2 R'	271722
16537421223113	R B R2 D R' B R2 B2 D' R' D2	213415
13642573221221	R B' R D2 R' D R' D R D' B2	338254
16547233332323	R B2 R2 D2 B D' R B' D2 B R'	306108
16543721113211	R B R D' R2 B D' B' R D' R2	254491
74152363133132	R B R2 B' D2 B R' D2 R' D R2	171451
74132563131221	R D2 B' R B2 R2 B' D R2 B' D2	294986
76325413222223	R B2 R2 D R B2 R D' B' D2 R	361532
43675122222122	R B' D' R D R B2 R2 D' B D	488261
24615732213311	R B R2 D' B R D2 B2 R B' R'	563727
17425631322332	R2 B R D2 B R' D R2 D R' B2	437282
12374561121212	R B R2 B R2 D' R B D2 B R2	220548
34725611212211	R B2 D2 B D2 B R' D R2 D' R	304128
13246573221233	R B2 R B R' B R B D2 R B2	209580
12543673231223	R B D B2 R' D' B R' B D2 R	209136
15643271221331	R B2 D2 R B2 R D' R' D' B2 D'	195669
56723411222312	R B2 R B' R D' B' D R' D R2	227518
76315241322122	R B D2 R' B2 R D B2 D' R2 D	245206
76342511111231	R B R B' D2 R B2 R' D R' D	241107
23165743331312	R2 B2 D2 B' R B' R2 D' B D' R2	404335
76145231311331	R B R' B D' R2 D' R B R D2	255506
23165472311111	R B D' R D2 R' D B R2 D2 B2	262035
62543711211113	R B2 D' B' R' D2 B D' R2 D' R2	261781
61452731311313	R B' R' D' R D' R' B2 R' D' B	284568
34561272122321	R B2 R2 B' D' B R' D R' B R2	488761
15267431223113	R B R2 D R' B R2 B2 D' R' D	210154
51724362122222	R B D' B2 D B R2 B R' B' D	297426
16745233333313	R D' B2 R B R2 B' D' B2 D' B'	443791
16745232121313	R B2 R B' D B2 D' B2 R D' B'	529660
74523611312111	R B R2 B2 R D' B D2 B2 D R'	304802
72543611221223	R B R D' R2 B2 R' B' R D2 B'	293009
54367212332213	R B D2 R D' B' R2 B' D2 R D'	247425
72143653111211	R B R2 B R D' R B D B2 R'	370268
16543273221221	R B2 R2 B D' B R' D R' B R2	349757
52741632123323	R D R2 D2 R B D2 B2 D' B2 R	555482
56147232233213	R B R' B R' B D R2 B2 D2 R	530028
54671232221213	R B R2 B D R' B2 R' B' R2 D2	651352
71563243221221	R B D' B2 R D' R D R' B2 R'	294310
14325672323222	R B D2 B2 R D B' R D2 R B2	246172
15246371332331	R B R' B2 D2 B R D R' D' R	252726
36745213121111	R D R' B D R B' D2 B R' B2	329871
56743213331333	R D R2 D2 R' B' R2 D R2 D' B2	563944
34165271211131	R D B' D B R D' R2 D R' D2	392572
74325613133333	R B D2 R' D R B R2 B2 D' B	432045
35624712321212	R B' D R2 D2 B' D B' R' D B	698467
76351423321232	R B R2 B' D' B2 R B' R D R'	282418
74165231212121	R B R2 B D R' D B' R' B2 R2	251985
36745212223232	R B D2 R' D' R D' R2 B D R'	441892
74325613121312	R B' R' B D2 B2 D R' B' R D2	338729
73456123231322	R B R D B' D2 B R' B R' B'	404614
72163453121213	R B2 R2 D' B D' B' D R2 B' D'	343156
34165271131211	R B2 R B' D R D2 B2 D B D2	438775
36725412121112	R B R2 B R D' R B' R' D2 R2	898931
12564733323122	R B R B D' B2 R2 B' D2 R' B	216615
45312762221111	R B' R' D2 R B R2 D' B2 D R2	246411
17423653213232	R B2 R' B R2 D' B R D R' D2	218645
45327612222323	R B D2 R2 B2 R' B D' B' R B	211207
76325411111213	R B2 R2 B D' R D B' R B R	247202
26513471122121	R B2 R D' B2 R' B' R' D2 R' B	343968
56321742211112	R D R D2 R' B R2 D' B2 D B'	446553
12374651111222	R B2 D B' D' B2 R B2 R B2 R2	440466
64231572311132	R B D R2 B' R' D2 R B R2 B	274587
16475233132313	R B2 R2 D2 B' R2 B' R' D R' B'	296495
52614372313211	R D R' B D B2 R' D B D2 B'	375897
53146272123233	R D R B2 R' D R2 B' R2 B R'	463095
53741621332112	R B' D2 R D' B D' B' D' R D2	305323
32157641232323	R B2 R B' D2 R D B D2 R' D2	495357
53741621323112	R B' R2 D R' D B' R' B' R B2	490527
31572461122133	R B R2 D2 B R2 B R D' B R2	647901
43216573212311	R B R' D B2 D' R B' D' R D2	233682
31462751113322	R B D' B' D R2 D B R2 B2 D'	291407
24561372111131	R B' D2 B R' B R B2 D' B R	403337
74365211312111	R B R B2 D2 B D B' D2 B' R2	316017
54167231333213	R B R' B D R B2 D' R D2 R'	245890
62471532232133	R B R B2 R B D2 B' R' B2 D	322720
72165432111113	R B2 R2 B R B' D' B D' B' R	333166
52341672211112	R B2 D' R2 D' B D' B' D2 B R2	651332
17426532121211	R B R B' R2 D R' B2 D2 R B'	203806
72541631111312	R B' R B R2 D' R D' B D2 B'	310274
72563411111213	R B R' D2 R' B2 D R' B' D R'	248193
23167541233322	R B2 D' B2 R D' B' D R' D R'	287184
16725432211121	R B2 R' D R' D R2 B' D' R D'	258193
14563272323222	R B R B' D2 B D' R' B D' R2	234729
12365472223232	R B2 R D' B R D2 B2 D R D2	245354
31257643311122	R B D2 B' D B' R B2 R' D2 R	427515
74136522322121	R B R' D B2 R D' R2 D' R B'	301081
34127653111211	R B R D' B2 D R2 D R B' R	222062
32647512333233	R2 B2 R' D' B' R D2 R B2 R' B2	359152
61543271112311	R B' R2 B' D B2 D B2 R D B2	254350
12347653111133	R B2 R2 D B D2 B D' R' D2 B	382227
16534723211123	R D2 R B D2 B' D' B2 R B D	719791
54716232222113	R B D' R B' R B' R2 D2 B' R'	385084
36721453121111	R D2 R2 B' D' B R' D2 R D' B2	331952
36745212121223	R B R2 B' R' D2 B R' D' R2 B2	258574
76254313211111	R2 B D2 B2 R2 D' B' R B' R D2	603617
71234563231322	R B2 D B' R D B' R2 D2 B D	417981
34216572213122	R D2 R2 D R2 D2 B2 D' R2 D2 B	601208
64275313312211	R B D2 B2 R2 D' B' R B' R D2	408302
57321642311132	R B R' B D B D2 R2 D B2 R2	581401
57364212313211	R B R D2 R B2 R B' R2 D2 B'	973183
57214632212213	R2 B R' D R B' R2 B' R2 B R	809272
52163471333123	R B R' D B2 D' B2 R D R B'	158098
76231451123111	R B2 D' B R' D' R D2 R D B'	293103
43176252311132	R B D' B2 R B D R2 B' R D2	279352
32561473323212	R B R2 B' D B' D2 R2 B' R' B2	326062
76145232331313	R B R2 B' R' D2 R' B D B2 R2	316391
32765411131112	R B R D2 B2 D B D' B2 D' R2	357824
17463251313113	R B R' B' D' R' B2 D R' B2 R	308487
76325411113121	R B2 R2 B D B' D' B R' B' R	371980
75613243133213	R B2 R' B R D R' D2 B D' R'	201924
74156322122123	R B R' B R B2 R D' R2 B R2	306222
74125632121121	R B2 R' B D' B R2 D' B' D B'	393507
32741651211131	R B R' D' B D2 R' D2 R' B R'	444710
25763142223133	R B' D2 B R B2 D' B R2 B' R'	631650
56741232111113	R B2 D2 R' D R B2 R2 D R D	466428
36147251311121	R B R2 B' D B2 D R2 D2 B' D	323358
14765231111213	R B2 D2 R2 D' R' B R' B2 R D	499492
32561471311121	R B2 R2 B R' B D R' B D R	270967
32547611312111	R B D' R' D2 R' B2 R B' D' R	267639
52163473221323	R B R2 B' D R2 B' R2 B D B2	231635
62317453312211	R D' R2 D' B R2 B D2 R B D2	342829
15324673113311	R2 B R' D' R' D R2 B' D B2 D'	317241
43571262122222	R B R D' B D' B R' D R2 B	445360
17462352213311	R B2 R B D2 B' R' B2 D R B	519683
74513263121222	R2 B R D' B D' B R' D R2 B	607243
57364213332122	R B R2 B2 D R' D B' D B D	242615
42561733323122	R B R D2 B2 R B R2 D2 B' R'	237323
42573613322231	R B R2 D' R' D' B R' B D' R2	265162
47632513212332	R2 B2 R' B' D' R D2 R D2 R' D2	284193
45362712122222	R B D' B R' D' R D2 R B R'	589895
45613272233111	R B2 R2 D' R D' B2 D' R' B R'	687902
35624712121232	R B R2 B D2 R' D B D2 B R2	595276
46215372313211	R2 B2 R B' D R D2 B' R D R2	1435165
32165743311131	R B R B2 D2 R2 B R' B2 R B'	250294
17463251221331	R B R2 B D B' R2 D R B D'	176237
52741633313312	R B R' B D B2 D B' D2 R2 B	252382
13762451321321	R B R2 B2 R B2 D R2 D2 B D'	162786
46375212132131	R B R D2 B2 R2 D B' R2 B D'	211946
14765232331313	R B2 R2 D2 R B' R2 D B R2 D2	224370
76325412231212	R B2 D2 B D B2 D B R2 B' R	516058
16532471111222	R B2 R B2 R2 D B' R' B D' R	500695
15246371331332	R B D' B R' B2 D R' B D B2	293321
35624712321332	R B R' B R2 D R' B2 R' B R'	313666
72145633232231	R B R' D' R D2 R B' D' B D	188888
76321452123323	R B' D R B2 R B' D2 R2 B R'	429502
54217632132212	R2 B R' B R' D' B R2 B D R'	608554
16524731113133	R B2 R B' D2 R2 D' B R D2 R	470775
73541262321212	R B R B2 R B R B2 D' R B	603780
72145633312223	R D2 B R' D B R2 D' R D B2	701057
61534721113211	R B D2 B R' B R' B D2 R' B	239323
74165232111212	R B D' B2 R' B R2 B R' B' D2	182431
67412353332221	R B D' B2 R2 B D2 B R2 D R	265417
62154733321121	R B D' R' D B2 D R2 B' R2 B	165308
23756413322312	R B D' B' D B' R2 D2 R B' R	190984
21354673131113	R B' R2 B D B2 R' D2 B R B'	201330
35462173221221	R B' R' D' B2 R B R B' D' B	224611
12374561211212	R B R' B R' B2 D R' D B D2	271522
76253141211332	R B R' B D B D' R2 B D B'	243402
45713623223132	R B D' B2 R' D R D' B R2 D2	299762
34725613132223	R B2 R2 D R D2 R B' D' R2 B	323495
12345672121232	R B D2 B R D' B D' B' R2 B2	410324
15236473231121	R B R' D2 B' D R D' R D2 B2	401234
54721632212222	R B2 R2 D R D' R2 D' B' R2 B	503452
74561233321313	R D R' B2 R' B' R2 B D' R2 D2	454031
36125473232222	R B2 D' B' R D2 R B R2 D2 R	633721
34125673133333	R B2 R' D2 B D R2 D2 R' D' R2	273403
14367252322232	R B D2 B' R B2 R D2 R2 B' R'	228728
54231673123121	R B R' D R D B2 R2 B D2 R2	183517
72365413121312	R D' R2 B R B2 R' D' B2 D' B'	336676
34127651131112	R B R B' R D' R2 B2 D R' B	338237
32657143121213	R B R B' D B' D R' D B2 R	562120
25163741112323	R B R2 B2 D2 R' B' D R' B R2	561122
62135743312223	R2 B R2 B2 D2 R' B' D R' B R2	767942
56132473213211	R B2 R D B' D2 B D B2 D2 R'	204370
67354213313333	R B D R2 D B2 D B' R' B R2	401752
26741351232113	R B R B2 D2 R B D2 R2 B' R'	308143
36752143211132	R B D' B D2 R' B' D R' B2 R2	407278
24617532233321	R2 B2 R B' R D R2 B' R B D2	498298
27415632323231	R B D2 R' B' R2 B' D' R2 B D	411191
25731642232211	R2 B R' B D R' B2 R' D2 R D	625415
53672142221213	R2 B R B' D B' D R' D B2 R	743641
21536742222131	R B2 R D2 B' D' B R' B R' D	330736
23147651112323	R B D B2 R2 D B' D' R B2 D2	275591
63752411223212	R B R D' B2 D' B D R D2 R2	221544
14763251221223	R D R' D' B R D2 R2 B2 R D'	344081
36741252122123	R B' R B2 R2 D' R B' R' D R2	294959
54367213312133	R B' R B' R2 B R2 B' R2 B R'	439995
25714632223331	R B' R2 D R2 D' B R' D2 R' D	459813
54321673313321	R2 B R' D B2 D2 R' D B' R' B	739928
13274651112323	R B2 D' B2 D' R D' R2 B2 D' R	392949
74532163123223	R B2 R' D R' D B2 D2 R2 B' R'	223574
65714323223123	R B2 R D' R2 B' R' D' R2 D' R	222484
46513273113221	R B R D' B2 D' R B2 D B' R	260156
54712362223322	R B2 R2 B D2 B D2 R' B R2 B2	349879
16753241221112	R B D' R B' D2 B R' B' R' D'	382583
23756143222331	R B' D B D2 B' R D2 B' D2 B	218521
53162743312223	R' B R' B D R2 B' D R B2 R'	1424561
35462712322322	R B2 R2 B R2 B' D2 R B' D2 B2	272798
14527632212111	R B2 D2 B R2 B R' D B2 D' R	281150
74163252112211	R B D2 R' B D' B2 R D R2 D2	243841
75246131333312	R B' R' B D2 R' B R' D' B2 D'	276752
12376451221211	R B D2 R' D R' B2 R' B2 D' R2	413274
12364571112212	R B2 D2 R D2 R D' R' B' D2 B2	554224
24615731122313	R B2 D' B2 D B2 R' B D2 B2 D'	494987
73615243331312	R B2 R2 B' D B2 R' D2 R B2 D'	483394
24157361313212	R B2 D B R2 B R2 D2 B D' R2	328589
13546271213213	R B D2 R2 B' D R' B D B' D'	184278
21367451311331	R B D R2 B D2 B R' D B2 R2	191370
25743611233232	R B2 R D2 R2 B D' B' R D' B	241272
74163253133231	R B2 R' B D' R2 B2 R' D' B2 D'	143212
12456731233223	R B' R B' D R2 D2 B2 D' B D	334394
72163453133333	R B2 R2 D' R B' R' D R2 B' R'	238535
56743213121312	R B' R2 B' R D B D2 B2 D B	291110
14527633312133	R B D' B2 R2 D R' B' R B' D	190613
37256142321233	R B D' R B2 D' R B' R2 D2 B	249227
36241753212311	R B' R2 B' R D2 R D2 B R B2	248335
72561342313223	R D' B2 D' B D2 B R2 D R D2	261410
32615473332122	R D R2 B' D2 B' D R' B2 D2 B	255299
16725431311121	R B R B' R2 B D' R D' B2 R'	336163
71345262132131	R D B2 R' D2 R' D B' D2 R2 D	222126
76315243323323	R B2 D R' D B R2 D' B R' D'	259698
14625732113321	R B' R D' R2 D B' D B D2 R'	304610
74123563323221	R B R B' D2 B' R B2 D R' B	272799
74125632131111	R B R D' R2 D R' B D' B2 R'	415765
17463251331221	R B D2 B' R' B2 D R' B R D'	184257
14527631211131	R B' R B R2 D' B' D B2 D' R'	415469
15634722123332	R D' R2 B R2 B' D' B2 R2 D R'	536811
74163252131111	R B2 D2 R2 D' B' R B' R2 B D	499158
17526431231321	R B2 R B2 D2 R D2 R' D2 R2 B'	862479
32156472312332	R B D' R B' D' R2 B2 D' R B'	170662
16725433113311	R B D R B2 D R2 D B' D2 R2	246262
31275461112233	R B' D R2 B2 D2 R B' D R' B	323548
72513641232323	R B R2 B' D2 R2 B R' B' R2 B'	264441
25436712132122	R B' R D2 B' D' B D' R2 D R'	276561
67245131313323	R B D R2 D' R' D2 B D' B' R'	292488
41725362313211	R B R2 B D2 B2 R2 B R2 B' D'	349792
16524731112212	R D R2 D' B' R2 D B' R D B'	516038
41735261323313	R D' R D' R2 D' R' B' D B2 R	203158
23165472132332	R B' R B' R2 B R' D R B2 D'	273246
13276541323112	R B R2 D' B D' B R B R' B2	338829
23165472111332	R B R2 B R B2 D B2 D R2 D	258910
16345273122323	R B' D B' D2 R B D2 R' B R'	306424
35162742213323	R B R' B D R2 B2 D' R2 D B	465995
21357462311111	R B' R2 D2 R B D2 B R D' R	468600
14726531232122	R B' R2 D2 B' R D' B2 R D' R2	517739
24173652323231	R B R B' R2 D R' D' R D' B2	223801
15243671331221	R B2 R' D B2 R' B D R B' D2	246009
63472512123332	R B R B2 R' D B2 R' B2 R B'	255446
36721452122321	R B2 R' D R2 B' D' R' D B' R'	275432
75346122133133	R B R' D' R B R' D2 B2 D B2	297211
37624513231313	R B R2 B' D B2 D' B R D2 B'	284342
71264533131323	R B R2 B R2 B' R D2 B' D2 B	389156
51723643131311	R B R' B D R' B2 R' D2 R D	412710
74152363132232	R B R2 D B D2 B2 R' B' D' B2	249277
27615433313213	R B R B2 R2 B D' R B' R B	266295
64351272132131	R B D2 R' D2 R B2 D' B D B'	233740
36741252122333	R B R2 B2 R' B R2 D B2 D2 B'	390530
37614522313322	R B' D2 R2 B' R B' R2 D R' D2	406219
24516732233111	R B D R2 D R' B' D R' B2 R'	396839
45367211111132	R B2 R' D' B2 R D' R2 D B' D2	520984
36217452131333	R B' R B' D2 R D' B R D2 R	426841
16527432333113	R B D2 R2 B2 D R B' R B' R'	287223
12356741313131	R B R2 D B' D2 R2 D R' B' R2	222756
54367121113211	R B D' B2 R2 D' R' B R' B R	228660
27614353311332	R B D' B R' B R' B2 D2 R' D'	315662
27643513311233	R D2 R2 D R2 D2 B2 D B2 D2 R'	375674
53714622233111	R B' R D2 R D' R D' B' R2 D2	343729
75264313231112	R B2 D2 R' D' B R' B2 D2 R D	353459
16547321113331	R B2 D' R2 D B D2 R2 B' D' R2	589703
36721452122123	R B R2 B' R B2 D' B' R D2 R2	223304
34562172232313	R D R2 B' R D2 R' B D' B' R'	285202
35172461232323	R B R2 D' B' D2 B' R' B2 D B	358699
76345122311111	R B2 D2 R2 D R D B' R D' R2	321090
65742311212313	R B2 R' B2 R' B R2 D B2 D B2	361755
24571631121212	R B R' B R B2 D2 R' B2 R2 D'	351409
31475261322233	R B2 R' D2 B2 R' B D B' D2 B	359929
67345211112233	R B2 R2 B' R B D' B2 R2 D' B	404216
52741632232211	R B R2 D R' B' R2 B' D2 R D'	340985
54371621113322	R B R2 B' R2 D2 B D' B' D2 B	159375
25364173223231	R B R D' R' D' R B D' R B2	246852
63574212123131	R B R2 D2 R B' D' R2 D' R D'	318157
15642372213311	R B2 R B D2 B' R' B2 D R B'	505454
17436521323232	R B R' B D2 R D' B' D' B2 D'	469365
45276131131133	R2 B D' R' D' R D2 B' D B2 D'	422663
76145231131112	R B D2 B2 D' B D2 R' B' D2 R	333595
32164571111231	R B D B' D2 R D2 R' B R' B	223876
45321671221121	R B' R B R2 D2 B R D2 R2 B'	234006
32765411112221	R B2 R' B R' B2 D2 B D' B R2	277116
36745211211221	R B R2 B D' B R2 D' R B R'	216835
73645211231111	R B' D R2 D' R D' B R2 D2 B2	253189
34275162112322	R B D2 B' R B2 D2 R B' R D2	418070
64275311222222	R B R D2 B2 R' B D' B' R2 D2	467124
63142573112123	R2 B' R2 D B R2 B R2 B D' R2	758746
32147652113333	R B R B' D2 R2 D B D B' D2	229374
76321453233131	R B2 R2 B R2 D' B R2 B2 R' D'	263453
74512361322233	R D R' B' D B2 D B R2 B2 D'	320204
35462173131311	R B2 R D2 R2 B D' B R2 B D2	239983
41635721212121	R D2 R' D' R D' B R2 B D' B	483545
64275133231112	R B2 D' B2 D R2 B' R D2 R2 D'	417677
36725412321212	R B2 R B R' B R' D B2 D2 B'	651228
76254133311323	R2 B D2 R2 B' R' D B' D R2 D	733270
76421351131121	R B R B' D2 B' R' B' R D2 B'	262479
76342513213112	R2 B R B2 D R' D B2 D B' D2	314995
76354121311313	R B R D2 B' R B D' B D' R'	280923
37651422312311	R D2 R' B D R D' R2 B D' B'	373484
34516271111111	R B D B' D2 B' D' R' B R2 D'	473397
61543271111111	R B' D2 R' B D R B2 R B' D	665096
61527431111111	R B' R B D2 R' D R' B D' R2	439898
65241371111111	R B2 R B' D R D2 B' R D R2	1042299
63471522332132	R B' R' D' B R2 B' D2 B' D R	237530
72563413121111	R B R D' B2 R B' D R' B D2	224445
74156323133123	R B D2 R2 B D' R D B' R2 B'	174971
56723413222112	R B2 R D' B R' B' D B' D R2	164886
12346571111231	R B R' B2 R' B' D' R D2 B D'	156218
37516422333311	R B D R2 D2 R D' B R' D B	292982
46512371331221	R B D' R2 B2 R D' B2 D' B2 D2	265592
65274131312213	R B2 R B' R D R2 B' R D R	368660
34651271123111	R B2 D' R B D R2 D R' B' D'	271425
76521433232333	R B R' B2 D' B R' D' R2 B D	263647
36217543213112	R B D' R2 B' D R B' D R2 B2	249507
45167323322231	R B D' R D' B R2 B2 R B D	268399
34265712212132	R D R2 D2 R' D R2 B' R2 B R	454690
42516372233111	R B2 D' R2 D' R D' B2 R2 D' B	432202
52167432131213	R B' D2 R B R2 B' R' D2 R' B'	408211
72345613333331	R B' D' R D' B' R B2 D' B2 D	327618
13246571113232	R D' B' D2 R D R2 D' B' R2 B'	301723
13642571223221	R B R2 B2 R' B2 D' R' D2 R' B'	284370
32145671123333	R B2 R' B R2 D' R' D' B R' B'	204407
34261572133121	R B R' B' R2 D2 B' D B R' D	211833
71543623111121	R B2 R' B R2 B R2 B2 D' R D'	279702
74361253211231	R B R B' D' B D' R' D R2 D	187403
62135743222331	R B R' B' R D' R2 B2 D' B' R2	216424
36527412221312	R B D2 B' R' B2 D R' D' B2 R2	347260
31264573222223	R B2 R D' B2 R B R2 D' B' D	196285
34725613311113	R B D R B2 D2 R2 D B2 D' B	295290
13246752133211	R B2 D' B2 R D' B D' B R' D	405053
65132472131231	R B R B' D2 B' D B R D2 R2	218582
24615733311122	R B R' D2 B2 D R D R' B2 D	501979
47136252133112	R D2 R B R2 B R' D' B2 R2 D'	408320
71523463131311	R B2 R B' R2 B' D B2 R B' R2	440396
12345673132313	R B' D2 B' R' B D' R D' R2 D2	572306
72356141232113	R B R' B' D R2 D R D2 R2 B'	244673
52471631223113	R B' R2 D R' B D' R' B' R D2	191413
52761431111213	R B D2 B' D B2 D B2 D2 R' B'	256877
16527433312133	R B R B2 R2 D' B R' B R B2	228512
54763212322232	R B R' B2 R' D2 B D' B' D B'	353210
16374521112323	R B D B2 D B' D' R D' B2 R2	348725
42315673112111	R B R' B2 D' B D' R' D R2 D	262198
43216573212332	R2 B R2 B2 D B' D' B R2 D B	434323
32475163331222	R B R' B2 D2 B R' B2 R' B2 R2	226861
53126471231321	R B R' B2 D2 R' D' R D' B R	245292
76315243211231	R B R2 B R2 D B D' R B' R'	187237
17425631223113	R B D B2 D B2 D' B2 R B R2	262493
17356242211331	R2 B R2 B R2 D B D' R B' R'	318068
31456722111221	R B D R B' D2 R2 D' B2 R' B	330407
12763452322232	R B D R' D2 R D' B D' R2 B	226496
34165273133312	R D B' R2 B' R' B2 R D' R2 D2	468750
34621572132131	R B D R2 D' R D2 B' R2 B D'	236699
62374511322311	R B R' B2 D' B D R' D B2 R2	181501
74361253112132	R D2 B R' B R B2 D' B R D2	245398
32745612322331	R B R B2 R D B' D2 B' R' D2	259505
56123471223221	R B R B2 D2 B' R' B2 D' R' B	196140
45671233112132	R B2 R' B2 R' D R2 B R2 B R2	327983
45612373112231	R B2 R2 B' D B D' R2 B2 D' R	336744
61734523222331	R2 B R B' R D B2 D2 R' B' D	399427
52134761232113	R B D' R' D R2 D B D2 B2 R'	300494
64531272132131	R B D R2 D' R D2 B' R2 B D2	276351
71532463221332	R B R D2 R D' R B' D B D	239244
24351761212232	R B D' B' R B' D2 R2 B' D' B2	339208
72143651312111	R B R B2 D2 B D B' R2 D2 B	375006
34127651213111	R B R' B' D2 B' R2 B R' D' R'	370024
24351673111133	R D B' D B2 D' B D' B R D2	526819
25314673111313	R2 B D' B R' B R B2 D2 R2 B	782489
16537421111222	R B R2 B' R' D2 B R' B R B'	216209
54721633313321	R B2 R D' R D' B' R B' R D2	200174
41325762313223	R B D2 B2 R2 D' R' B R' B D2	219658
14267351321321	R B D2 R2 B2 R' D B' D' R B	174573
24351761111123	R2 B D2 B2 R2 D' R' B R' B D2	387274
53724612121112	R B D' R B R2 D2 B' R2 B2 D'	300833
52741362313211	R B D R2 D B2 D R' D2 B2 R'	451666
61234572231323	R B2 D R2 D' R D' B D' B' D	412563
51264732213311	R B R B2 R2 D2 R' D' R D' B	234628
53421671321231	R B R2 D2 B R2 B R' D' R2 D	213696
16342571331221	R B2 D B' D B D' B2 R2 D R	177471
36125471312111	R B D2 B2 D' B R2 D' B' D2 R	229854
46215372121223	R B D' B R2 D' R2 D' R B' R'	307227
34561273221233	R B R' D R' D2 B2 D R D R2	258832
31754621331122	R2 B R2 B D2 R B D' B D' B'	430599
67354212311132	R B D2 R2 B R' B R' D2 R B'	472816
71432561323232	R B R D' B2 R B2 R' D B' D	244160
16725433333232	R B R2 B R' B R2 D' B D B'	239936
36725412121211	R B2 R B D' R B' D R2 D2 R'	284526
31265471111111	R B' D B2 D' B R' D R2 B2 D2	416628
76325412333233	R B2 D2 B R2 B D' R B2 R' B	377390
72435163333313	R D' B D' R2 D' B' D' B R2 D	412799
73654122111122	R D' R2 B R2 B' R' D2 B2 R B'	462401
54716322313223	R B D B2 D2 R2 D' B' R B' R	443416
45213672221123	R B' R B2 R' B D2 R' B2 R D2	375827
36714523132322	R B2 R B D' R B R B2 D B2	193690
56123473223312	R B R' D R D2 R B' R2 D2 B	296762
63725143122113	R B2 D' R2 D R2 B' D B2 D2 B'	296452
16273541321321	R B' D R D' B2 R2 B R' B2 R'	236341
14752363232222	R B' R D R B' R2 B' R2 B' D2	228248
34561273311233	R B D B' R2 D2 R' D' R B2 D'	353233
32671453123313	R B2 R2 D2 B' R2 B' D' B D' B'	556123
62735143223213	R B' D2 B' R' B2 R' B D R2 B2	286299
43527612312323	R B D R2 B' R D' R D' R2 B	254759
43216573132121	R B R2 B2 D' B R' D2 R' D2 R'	234548
37426513132313	R B R2 B' R2 B D' R2 D' B D2	224661
35614722321233	R B2 D2 R D2 R B' R' B' D2 B2	334832
35162473122221	R B D B2 R2 B' D' B' D R2 D2	238673
67132541133311	R D' R2 B2 R' B2 D B2 D2 B D'	400029
25314673111331	R2 B R2 D2 B2 R B D' R D' B	599892
53721463223312	R B2 R B2 R2 B R2 D R2 D2 B	240629
72543613132232	R D R' D R' B R2 D2 B2 R B'	333644
32561472213122	R B R2 B' D R2 B' D' R B2 R2	346121
62135473132121	R B2 D2 R2 D B D B' R B' R2	231956
41756233121231	R B2 R B D2 B R' D' R2 B2 D'	284805
74152363133222	R B' R B2 R' D B' R B D' B2	335476
54321673323311	R2 B D' R' D B' R2 D2 R D' B	462724
24571362221213	R B R2 B D R' B2 R' B' R2 D	710189
62317453112111	R B D B2 D B' D' R D' R2 B	265408
64713253112111	R B D R' B2 D' R B' D' R B2	211959
45312673231313	R2 B2 R B D2 B' R2 B R' B' D2	308332
62374513112321	R B' R2 B' R' D' R D2 B D' B2	373354
71326451211311	R B2 R' D' B' R D2 B R' D B'	301828
64271533221212	R B2 D' R2 B D' R' B D' R D'	370227
21354763312211	R B D' R B' D' R2 B' R2 B' D'	486820
34561721111111	R B2 R' D' R' D B2 R D' R D'	493275
72563412131111	R B R2 B' R D2 R B2 R2 D' B'	228020
35162473332131	R B D2 R' D' R D R2 B2 D2 R'	345960
24536713231232	R B R D2 B D2 B2 D R' B2 D2	225443
32167451213333	R B2 D' R' B D' R B2 D' B D'	222173
54361272223232	R B2 D2 R' B D R2 D2 B R D	305813
32156742333131	R B R B2 R B R' D B2 R D2	348534
64321572311132	R B' R2 B D R2 B2 D R B R2	619696
34725612121322	R B2 D' R D R' D B' D2 B' R	848030
31452671332232	R B D' B D R D' R2 B R D'	243915
43651722323132	R B' R2 B R' B D R2 B' D R	301396
73516243332131	R B D B2 R2 D R' D R' B R'	240373
32765413223312	R B2 R D R2 D2 B D' R D2 R'	156886
36547212221222	R B' R2 D2 R D R B' R2 D R	336658
65723143321313	R B R2 B R' B' D B' D2 R B'	344175
43765212222122	R D B2 D2 B' R D2 B' D2 B R	580086
17426531232233	R D' R' B2 R' D' R2 D R B2 D'	626443
52163472131222	R B D2 R2 D R B2 R B R2 B'	413267
62147353123121	R B2 D' R' B' D2 R B' D2 B' R2	258884
41725361232113	R B R' B2 D2 B D R D' R2 B	329873
31265741233331	R D R D' B D' R B2 R B R	363729
45312761113211	R B2 R' B2 R D2 B2 R' D' B2 D2	465180
76512343213313	R D2 B' R2 D R' B R' B D' B	542793
45176231133113	R2 B D2 R2 B2 D R B' R B' R	493296
14567231312213	R D R' D' B D2 B D' R' B R	973700
14765231133131	R B D B D2 R2 B2 R B2 R' D	383481
31264752132122	R B2 R D' R B' R' B2 R' B2 D2	260590
71523463331312	R B2 R2 D' R B' R' D R B' R	496135
13462572213311	R B R2 D B' D2 B' D' R D2 B'	226422
45312673132313	R2 B2 R D R2 D' R2 D R' B' D2	539614
36725413111313	R B' R2 B' D' B R' B R' D2 R2	451257
37624512121322	R D B' R2 B' R B D B2 D2 B	932128
12345761111111	R B R' D2 B' D R' D' B D2 B	2221083
74523611121113	R B R' D' R2 D' B2 D R' B' R	219643
51264731113322	R B R' D' R D2 R B D2 B2 R'	249122
67342512222113	R B R' B R B' D2 R D' B R'	224950
36127451333222	R B R B D' B2 R' D B D B	349402
71264533231223	R B' D R2 D' R D' R D R' B2	425127
54367211132222	R B D B2 R2 B' R B' D' B2 R'	494913
72361542333233	R2 B D R' D R B2 R2 D' R' B	514237
35472163222313	R B D2 R' B D R2 D R' B' D	204306
54612372222131	R B D R B2 D B' D2 R2 B' R	230604
25367411211122	R B D2 B2 R B' R B' R D R2	309109
23751461132123	R B R' D' R B2 R B2 D' R2 D	310365
74523612111311	R B R' D2 B' D B' R' D2 B R	384959
32547613111211	R B R D' B2 D R2 D R B' R'	306920
32164572312323	R B' R2 D B R2 B R2 B D' R2	566648
32745612313322	R B R2 D B2 R' D' B' D2 B' R'	847304
45321673113311	R2 B' D R B2 R' B R2 D' B2 D	631221
34562171321111	R B2 R B R' B2 D2 R D2 R' D'	263653
41625731222231	R B D' B' D2 B' R' D2 B R2 B'	267033
14762351221331	R D R2 D' R' B2 D B' R B D'	290978
72143651131112	R B D' B' D2 B' D2 B D' B' R'	328993
72165433121333	R B2 R2 D2 R D' B2 R B D2 R2	465650
17425631313113	R B D R2 D R2 D' B2 R D R2	447773
35246171111111	R B R B2 R D' B' R B' R2 B2	798802
14763253133231	R B D' R D' R2 B2 R B R D2	268589
52147631311121	R B R2 B' D B2 D R2 D2 B' D'	269071
67354212111221	R B2 R' B R2 D' B' R' D2 B D	165630
14765232211211	R B R2 D' B R' D2 B D R2 D2	230545
76215341231231	R B R D' R B2 D' R2 D B R2	142511
45621373123331	R B R' D' R2 D' R' B2 D B2 D'	306039
16427532333233	R2 B D2 B2 R B' R' B D2 R D	412064
17642531112233	R D B' D' B R2 B R B2 R2 D'	326919
52471631323112	R B' D2 R D' R B' R' D' R B2	352209
74156322122321	R B D R2 B' R2 D B D2 B D'	195698
21367452112112	R B R2 D' R B' R2 B' R2 D' R2	184665
74125632122111	R B R' B2 D2 B' R' D2 R D2 B'	206253
16572433213223	R B D' R2 B2 R D2 R D2 B R	266079
52741633321223	R B' D B' R2 B R2 B' D2 B D'	486894
27134561131133	R B R' B' D R D' R D2 R' B	463833
65132472233321	R D B2 R2 D R' B R' B2 R D'	644600
65274133312223	R B R D' R2 B R D' R D2 R	632328
12543671211212	R B2 D R' D2 B' R B D' R B	266178
47632153212311	R B' D2 B' R B2 R B2 D B R2	331970
52763413322312	R2 B R' B R2 B2 D' R B' D' R	483076
14736251111132	R B2 R D R2 B2 R' D' B2 D R'	281673
74561233233323	R D R B' D2 B R' D B' R2 D'	436222
74213652323132	R B R' D B R' D B' D2 B2 R	220579
54612733322213	R B2 R' D R' B2 D' R B' D2 B2	426845
31257462312311	R B2 R2 D2 B' D' R D' R2 D B'	354500
14527632333332	R D2 R' D2 R D' B' R D2 B R2	231606
37624513131323	R B D R B2 D2 R2 D B2 D' B2	296456
14735621221112	R B R' D' B R' B' D B' D R'	261659
54163271133221	R B2 D R' B R D2 B' D R D2	387515
53426171112233	R B R2 B2 D' R B' D' R D2 B'	443936
41723562313211	R B R' B R2 D R' D' B' D2 B'	1028299
24731561111111	R2 B R' B R2 D R' D' B' D2 B'	1432579
17543261111111	R D B' R2 B R' B D R2 B2 D2	1888904
16573241123123	R B' R D R2 D2 B2 R' B' R B2	321870
52641733212311	R B R' B' D' R2 B2 D' B D' B	366048
46135272133313	R B R B' D2 B D' R B R' B2	546680
76354123313333	R B2 R2 D B' D B' R2 B D2 R2	744986
15236471111111	R B' R2 B' D' B' D R2 B R' D2	1103548
14632571111111	R2 B R' B2 R' D' B' R D2 B R'	965348
14673251111111	R B' D' R D2 B' D B R B' R2	1824934
76354122212222	R B R2 D2 B R' B R B' D2 B'	731377
47163522131222	R B R' B2 R' B' D' R D2 B' R	295032
32465172132131	R B R B' R D' B R2 B' D2 R	351122
14625731131121	R B' D' B' D R2 B' R2 B R' D	386785
56423171231231	R B R' B' D B' R2 D2 B' R' D	311782
54126371331221	R B R' B' D R D' R D2 R' D	231394
73615242223133	R B2 D' R D R B2 R2 D' B D	571897
56123473322312	R B D' B D R2 D B' D2 R2 B	259122
63247511123132	R B D' B D' B' D' R B2 D B'	367200
45376121331311	R D B' R D2 R' D B' D B R2	258952
32165742211112	R B' D2 R D' B' R D B' R D2	295324
37614521111111	R B' D R2 D' R2 B D' R' D' R	393726
63745123122212	R B R2 D' B R2 B' D' R2 B2 D	337528
32417562113321	R B' R D' B' D B2 D R D' B	442153
63574212313211	R D' R B R B2 R D' B' R B'	437674
26743512121232	R B' R2 D' R' D R D' B2 D B	549910
76341251112131	R B2 D' B' R2 D B D2 B2 D' R'	607728
61257343232123	R B D' B2 D B' R B' R2 B2 D2	224406
76342511323112	R B D2 R' B R' B D R B' R2	217340
63452712333221	R B2 R B D' B2 D B D2 B2 R'	201315
76312543322222	R D2 B' R D2 R2 D' R D2 B' R2	288732
75243611113232	R B2 R B' R2 D R B D2 R' B2	252106
54367211333213	R B2 R' D B' R' B R B' D R'	284109
34567212223232	R D R2 D' B R B2 D' R' D B	552781
47156322313232	R B R2 B R' D' B R' B' R2 B	163166
56123471331332	R D B2 D2 B D B2 D2 B' R2 D	329436
26153473132121	R B2 R' B2 R B2 D2 R' B' R2 B2	256158
12543672121121	R B D2 R2 D B2 D' B R B2 D'	213411
36752142123221	R B D2 B D2 B D' B' R B2 R	204352
13275643212221	R B2 R2 B' R B2 D' B2 D R2 B'	308256
46527133111121	R B R' D2 R B' R B' D2 B2 R2	274279
21376541122211	R D R D' R B' R B2 R' D2 B'	336569
63752142332132	R B R D2 R' D' R2 B D2 B' D2	345183
25736411331113	R B' R B D2 R' D2 B R D2 R'	244451
31265471122133	R B2 D R' B D R2 B' R D' R'	365188
24715631122121	R B' D2 B R B2 D2 R2 B R' B'	266027
12543673233323	R D R' D B R B' R2 B D' B2	395950
12567433232333	R B R' B' R D2 R' B D R B2	299775
15367421223113	R B D2 B D R2 B' R2 D R D2	192003
34715262221123	R B' D' R B' D R2 D R' D R2	372142
25736141233232	R D2 B D2 B' R D' R D' B' R'	428751
74561232221111	R B' R2 B' R D2 B2 R B' D2 R	277726
47321651311133	R B R B R2 D' B2 D R2 B' D'	299339
15642372231332	R B D' B R B2 R B' D2 R B2	218103
56712343211123	R B2 R' B R2 B' D R2 B' R' B	339956
75314623113122	R B2 R' D2 R' D B2 R B2 R D2	262277
32147651213333	R B' R D R' B D2 R2 B' R D2	268205
62134572321323	R B' R D R' B2 D2 B D' R2 D'	279276
67245311133233	R B D' R' D2 R' D' B2 R D2 R'	249332
12367451123333	R B2 R2 B R D' R D' R D' R2	254200
72143563222331	R B D' R' D R D' B R2 B' D	237097
17426531121212	R B2 R D B2 R' B2 D R D B'	242534
16725431211122	R B R' D2 B2 D' B' D2 B R2 D'	246009
12354763211123	R B2 D' B R' D R2 D R D' R2	331050
37246511112233	R D R' D' B D2 B D R2 D2 B'	348249
74126352333122	R D' R B D2 B2 R2 D' R' B R2	401305
12365472321233	R B' D2 B' D B2 R2 D R' D2 B	320590
46273513221212	R B R' D2 R' D' R' B D2 R' B	356682
31247651113232	R B R2 D2 B D2 B R' D' B2 D'	288040
76321453321133	R B R' D' R B D2 B2 R2 B R'	293635
13764252323231	R B D2 B D' R B' R B2 D' B	244257
35162473323131	R B R' D B2 R' B' R D' R2 B'	256035
27534161111123	R D' R2 D' R B2 R D2 B D R2	352105
12637451332112	R B R2 B R B2 D' R2 B R D2	188542
63724153121213	R D B R2 D2 B D' R D' R D'	950482
12543672331232	R B R2 B D' R B2 R D2 B D2	230013
76324151112233	R B D B' D2 R B2 R' D R' D'	174865
32561471131211	R B2 R2 B R D' B' D B' D' R	289296
32167452211121	R B D2 R2 D R2 D' B D R2 B'	246307
65132473111331	R B' R2 B R B2 D' B2 R B R'	356041
54376121322233	R B D2 B2 R' B R' D' B R2 D'	397209
71462533221113	R B2 D' B D2 B2 D' R D2 B' R2	403699
17265433111313	R D2 R B R' D R' B2 R' B R'	588723
17356241212313	R B R' B' R D2 R B R' D2 R2	317412
47621532232331	R B R' D R' B' R' B D2 R D'	153557
14735621223113	R B R' B' R D' B' D R' D R'	214280
56174232323333	R B' D B R2 D2 B R B2 R2 D'	403597
42367153111121	R B R' D2 R B' R B R2 D2 B2	329920
17324561211323	R D2 R B' D B R2 D' R B R2	310451
47653213232111	R B R B D2 B R' B' R' D2 R2	311448
46257313312211	R2 D R' D B R2 B R2 D2 B D	739982
54376211111222	R B R B2 R' D' B2 D' B2 D B2	269891
54362171113133	R B R B D' B2 D R' B R' D'	235772
32147651123333	R B2 R D R D2 B D' R2 D' R	265032
41725631111111	R B' D' R' D R2 B' D2 B D' B	493724
35617423131332	R B2 R2 D2 B' R' B D' B2 D B'	358571
73615423213211	R D2 R' D R B D' R2 B R' B'	302856
67345212111122	R B R D' R D' B D2 B' D2 R	321328
31275463311122	R B2 D' B D R D2 R2 B' R B	500318
72541632131111	R B R D' R2 D R' B D' B2 R	242246
32157642231323	R B D2 B R B' D2 R B D B'	278157
26153471122121	R B2 D' R' B2 R D2 B' D R B2	291959
21376541112311	R B D B' D2 R2 D B' R' B2 R2	295426
14527631131211	R B D2 R' D' B R' D2 B R B	371757
14725362211121	R B' D2 B D R2 B2 D2 R B' D'	309077
56347212123233	R B2 D' R B2 R' B' R B' D2 B2	291269
32164572232313	R B' R D' R B2 D' R' B D2 B'	378619
52174633223123	R B' R' B' R D' R' D2 R' D' R	253392
45376211333123	R B' R2 D2 B D' R2 B D' B' R'	208070
56123473222112	R B R' D R' D' B R B' D B2	279051
73645213333112	R B2 D B' D B R2 D' B D' R'	380177
61453721311112	R B D2 B' D B' D2 R D2 R' B2	233793
54721632133232	R B2 R' B' R2 D2 B R D B' D2	247986
71263541333222	R2 B' R2 D B D2 B R2 B R' B2	408546
74561232111113	R B2 R D' R D R2 B2 R B D2	446429
63172452312323	R B R B R D2 R B' R D2 B2	311793
32156471113211	R B R' B D2 B' R B R2 D2 B2	207350
14752631112311	R B' R B' D2 B D2 R' D R B	341453
52761432131111	R B D' B2 D' B2 R D' R' B R'	261992
56123471333123	R B2 R' D R' B' R B R' D R'	293468
54367211213333	R D B2 D2 B D R2 D2 R' D2 B	369939
15762342122213	R B D' R B' D R2 D R' D R'	682437
64357212313211	R B D B2 D R2 D B' R2 D2 B'	998965
46375213123121	R B' D2 R D' R' D B D' R B2	256405
21376541111123	R B D B' R B2 R' B D' R B2	220612
21354761112311	R B D B' D2 R2 D B' R B2 R2	286994
25763411332322	R B D' R D2 R' B D' B D R2	264336
27613543333133	R B' R B R2 D2 B R' B2 R B2	369303
75264133121333	R B R D2 R B D' R B2 D B2	676184
47165322132212	R B2 D' R2 D R2 B' D R2 D2 R'	778415
27314652313211	R B' R B D B2 D B' D' R D'	1645905
76523413223231	R B2 D R' D R D2 B' R B R2	295496
36725411212121	R B R2 B D R' D B' R' D2 R2	187790
74165232121112	R B R2 B R D' R B' R' B2 R2	468804
23657142121112	R B' R D R2 B2 D R' D2 R D2	546784
35721642221213	R2 B D' R B' D' R D2 R D R'	840863
54163272233111	R D R B R' B2 D' B R D R	941837
46123571111111	R B R' B2 R D' R D' R2 B2 D2	1139348
76245313123121	R B2 R D2 R2 B R D R' D2 R'	353100
14762351331221	R B2 R B' R2 D2 R' B R D2 R	262709
16537421113331	R B D2 B D R' B2 D R D B'	218562
52741633323311	R B D' R D R2 D B' R2 D2 B	268358
12463751231231	R B2 R B2 R2 D R' D' R D' R	241340
76321452122333	R B R2 B2 R' B D2 R D2 R2 D	328044
23165471311133	R B2 R B2 R2 D B D R' D2 R'	404412
16523741112212	R B R D2 R2 B' R D2 R' D2 R2	209920
76354123211132	R B R' D R2 B' D' B R' D2 R2	347163
74312652333332	R B R2 B2 D B' D B' D R B2	226483
14752363222121	R B R2 B R2 B D' B' D R2 D	238600
54712361323313	R B2 D2 R' D' R D' B2 R2 D B	338289
45312672223331	R B2 R' B' D R2 B' R' D' R D2	442234
51642371122313	R B2 D2 R' B' D R' B2 D2 R D	592851
37624512231212	R B R' B2 R' D B D B2 D2 B	721501
16275341312213	R B2 D' R2 D' B D' B2 R2 D' R	1247168
13627451332112	R B R' B' D' B D2 B' D R' B'	207246
27416532133232	R B D2 R' D B' R2 B' R2 D' R2	190253
27536412332312	R B2 R2 B' D R' D R2 D B D2	321767
56347122333233	R B' R B D2 B' R B2 D' B2 D	302383
14763253221221	R B R' B R' D B2 R2 D2 B R'	311070
72561432213122	R B' R D2 R2 B' D B' D' B R2	477550
36741252122321	R B2 R2 B R B' R D' R B' D2	484086
16527431312222	R D R' B' D R D2 R2 B2 R B'	647557
47265312313211	R' D R' D B D2 R' D R B2 R'	942555
12546371221331	R B2 D2 R B2 R D' R' D' B2 D2	190029
74561233131233	R B D' R2 B D B2 D R2 D2 B	280118
16243571132132	R B R2 D' R D' B2 D' R2 B' R2	175365
21345762223322	R D2 B' R2 B R2 D' R D2 R2 D'	361008
76512343332311	R D2 B' R2 D R' D R' B D' R	380846
32167451333111	R B D B2 R' B2 R B2 R2 D' B	272478
63725143123313	R2 B2 D2 B' D R' D2 B' R D' B2	625126
32561472133313	R B R' D2 B2 R' B D R B2 D2	459351
65132741223323	R B R' D' R B' D B2 R2 D' B'	188210
12543673111331	R B D R' D R2 D' B2 R B' R	199560
25436712123122	R B D2 B R B2 D B2 D B2 D	268997
12357462211112	R B' R B R2 B2 D2 R' D' R D2	378625
21345762312323	R B' R B' D R2 D2 B2 D B R'	431344
76543212132323	R B D' R D' B2 R2 D R B D'	244964
75346213132121	R B D R' B2 D2 B R' B D2 B2	332135
63725141112323	R D R2 B' R B R2 D2 B R' D'	394434
14726531223122	R B' D2 R2 B' D B' R2 D B' R2	275633
36527411131133	R B R2 D2 B' D2 B D' B' R D2	278746
13276541323322	R B D2 R' B D' R D B R' D2	347795
46375213333121	R B R2 B D' R D' B' R' D R2	228686
14736521132222	R B2 R D R' B R D B2 R B2	325522
67245311112311	R D R' D B R2 B R2 D2 B D	543802
32165742331112	R B R2 B R' D R' B' R' B R2	434013
41735622313322	R B R2 D2 B D2 B R D' R D	687796
41736522332231	R B D2 R2 B' R D' B D R' D'	281025
76245311213312	R B D' R' D R2 D B' R B2 R'	246335
35426713131113	R B R B2 D' R B R' B D' B'	316390
12367541331131	R B R2 D2 B' D R' D B D' B'	390982
56324171221331	R B R' B R2 D' B D' R2 B2 D	322927
74325612221222	R B R2 B2 R' D' R2 B D2 B' R2	356931
36145272131213	R D' R2 D' B R B R2 B2 R B	428183
14735621223332	R2 B D' B2 R' D R D' B R2 D2	450663
32476513232231	R B' R D' B R2 B2 D2 B' R D	210382
67435121332112	R B D2 R' D2 R' B D' B2 R2 B	189776
67435123123121	R B D2 R' D2 R' D R' D2 B2 D	206017
76145233232333	R B R2 B2 D R D' B D2 B D2	234464
35162472122231	R B R' D2 R' B D2 B2 D' B2 R	305908
54326711112212	R B D' B R2 D' R B' D2 R2 B	334756
14632571321132	R B' R B' R' D B R2 D' B' D	425790
54167233232333	R B' D' R B2 R B D' B' R2 D	305508
14327653121213	R B2 R' D2 B D B2 D2 B' R' D2	251428
14765231111312	R B' R D R' B2 D B2 D B' R	388650
14763521113211	R B2 R B2 D2 R B2 R' B2 R2 D'	285906
47256133212311	R B D' R' D' R2 B2 D' R B' R	299379
14723651111213	R B D B' R2 B D' B D' B2 R'	364480
71432563323113	R B D2 R' B R2 D R' D' B' D	362256
52167433331333	R B' R B2 D' B2 D R' B D2 B'	662272
37614522113321	R B' R2 D2 B' D B' D2 R B' D2	700208
32165741111132	R B D2 B D' B' D R' D' R2 D	209453
16534271111132	R B R B2 D' R B' R B' R2 D	248863
72345611331332	R B2 D' B' D B' R D2 B' R B'	184301
12745633131131	R B2 D' B' D B2 D R B2 D2 B	307989
32174652332132	R B D B' R B' R D2 R' D2 B'	257930
65132471323121	R B' D' B D2 B R' B' R D2 R2	286469
37615421113322	R B2 R' D B' R B' D R' D2 R2	510259
12345673131323	R B R2 D B' D2 B' R B' R D2	491576
32167453222313	R B R D B2 R B2 R B' R2 D2	236773
27453161123111	R B R2 D B2 D R2 D2 B' D R	260101
17362451231321	R B D R' D2 B D' R' D B' R2	287644
76315241113112	R B D2 B D' R B R2 D' B R'	256970
17452363213232	R B2 R' B R2 D' B R D R' D'	280213
76354212312233	R B2 R D' R D R2 B' R B R	536016
23165742131333	R2 B2 D2 B' D B' R2 D' R D' R2	1032962
41625373121213	R B R D2 R' D' R2 B D' R' D'	803288
36725413131311	R B' D2 B' D' B D' B R' D2 R2	227444
46375212113111	R B D2 B R' D' R D' B' D2 B	251140
34725612231332	R B D2 B' R D2 B' D' B D2 B2	263800
16257433223123	R B D B2 R2 B' D' B2 D' B2 D	235909
17463251122112	R B D2 R D' B R2 B2 D' R' B2	323470
42615372213311	R D B2 R' B D R2 B2 D B' R'	515123
14325673311131	R B2 D' R' D B2 D B D2 R2 D	602676
65174233331213	R B D R' B2 D' R D R B2 R2	787168
56723413331111	R B R B' R2 D2 R B R2 B R2	238645
32175461113112	R B D2 B R' B R B2 D' B R'	223799
34275162213221	R B' R B' R2 B' R' D' R D2 B	430852
12357461113331	R B2 D2 R D2 R D' R' B' D2 B'	481769
23165742131321	R D2 B' R2 B D2 R' D R2 D2 R'	460510
67321451212211	R2 B R' D' R D R' B R2 B' R	640717
71362453113311	R B R' D' R D R' B R2 B' R	428808
76325411111312	R D2 R2 B' R' D B' D2 B D' B2	776094
74265312333233	R B D2 B' D2 R D' R2 D B D'	270320
24531673123121	R D B R2 B' D R2 B' D2 B D'	226939
14536273311311	R B D2 B2 R D' B' D B2 R B	315524
16245371231231	R B2 D R' D' B2 R D2 R D2 R2	251633
53742612323333	R B2 R B' R2 D' B' R' D2 R' D	274339
14325673232333	R B R2 B2 R' D' R2 B R B2 D'	255743
45736121122211	R D B D2 B' D R2 B' D2 B R'	484057
31564272212111	R2 B D2 B2 R D' B' D B2 R B	521458
73625141112323	R B R2 B' R2 D2 B D B' D R2	297898
16423572112121	R B D2 B2 R D' B D' R B R2	226458
26547313131323	R B2 D2 B' D R' D R2 D' R2 D	331334
63741522123131	R B R D2 R B R2 B' R' D2 B	372054
67321542232133	R B D B2 R' B' R2 B D R2 D	370048
52167432122222	R D2 R' B2 D R D2 R2 D' B' D2	365068
36547212121313	R B' R D2 B' D2 B R' B D2 B'	510089
24315762213323	R B R' D R B2 D' R D R2 D'	1150186
72143652111311	R B R D2 B' R D' B' D2 R B'	224187
76321453323311	R B' D' R2 D B2 D' B D2 B R'	305385
24761531221223	R D R' D2 B R' D B R' B2 R'	291008
74523611213111	R B D2 B2 D B' R D2 R2 D R'	284945
34527613312133	R B2 R2 B' D2 R' D B2 D2 B' R'	253920
25413763121222	R B R B' R B R2 D' B D B2	378046
74123653133231	R B R D2 B2 D' B R' D' R2 B	250474
34561273313321	R B' R' D2 B' R D' B2 R2 B' R	339002
34165271311121	R B R' D R D B' R2 B R' D2	318071
34165271121311	R B2 D' R' D2 B D B2 D2 B' R'	302368
36745212131111	R B R' B D B D' R2 D R' B2	375465
12765433121213	R B' R D' B2 R2 D R B' D B2	353405
14523673121312	R B' D' B D2 B2 D B' D' R D2	432169
72165433233323	R B' R B R' B2 D R2 D R' D	593049
12765432222212	R D' B2 D' B D R D2 R2 D R	747851
56743212221222	R D B2 D2 B' D' R2 B R2 B' D2	834422
72361453232333	R B R B2 D' R D' B' R2 D B'	277054
52163472111311	R B R D2 B' R D' B' D2 R B	223112
16327453232333	R B R2 D2 R' B2 R' B D2 B' R'	264917
74163253121111	R B' R D R2 B' R' B D2 B' R'	383070
63125743131233	R B R' B D' R B2 R2 B R B	353073
36147251121311	R B2 R2 D2 B R' D B' D2 B D	298752
43572612312323	R B2 R' D2 R D' B D' B2 D R	530123
71453623311122	R D B2 D' B D' R B2 R' D2 R	631042
46321752111131	R B' D2 B D' R B R2 D' B R	202389
12374562111212	R B' D B2 D2 R' D R' B' R B	286762
47632152233321	R B R D2 B' R B' D R' D2 B	251563
32765413231223	R B2 D' R' B D2 B D B2 R2 B	228071
54721631122121	R B2 D' R D2 R' D' B R' B2 R2	311094
15647233213232	R B R B' R2 D2 B D' B' D R2	219514
74125633133222	R B D2 B D2 B' D2 B' D R D2	204081
26517343333313	R B2 R2 B D2 B2 R2 B' R2 B2 D	472523
16537421332112	R B R2 D' R' B' R' B R' B2 R	209380
36527412322232	R B D' B D R D' R2 D B' R2	350940
32145671132222	R B2 R' D B' R2 D2 R' B' D2 B'	236131
52341671122211	R B2 D' R2 D' R D' B' R2 B R2	277152
37561241311112	R B2 D' R B' D' R D2 R B D'	274145
74163253131332	R B R' B2 D2 R' D B D B2 R2	414097
24315673311311	R2 B D' B' D' R D2 B' D R2 D'	602208
12745633313333	R B D' R' B R' D' B D2 R' D2	464203
52761433121111	R B R' B' R B2 D' B2 D' B R'	243053
16725432232223	R B R B' R D2 R' D2 B R' D	238078
52743613121111	R B' D B R2 D' B R' B R2 B'	270809
72541631113121	R B2 D2 R' D B R2 B2 D R B	279955
14527631311121	R B2 D2 R2 D' R' D R' B2 R B	418715
37415622333221	R D2 R' D B R D' R2 B D' R'	404153
45367122223133	R B' R2 B R B2 D' B D2 B' R'	462315
23174652123131	R B R2 B' R D2 B' R' D2 R B'	610765
27534162311111	R B D B' R2 D B' R' B D' B2	238281
23756413222112	R B D' R B2 R2 D' R D' B' R	268672
73625412222323	R B D2 B2 R B' R2 D B R2 D2	330072
32167451222222	R B D' B2 R D B2 D B2 D2 R	298665
36745212122312	R B' D' B D' B' D B2 R' D2 R	371177
67452313321232	R B2 R D2 R2 B R' B' R B' R	495580
27546312231122	R2 B2 R D2 R2 D B2 R' D2 R2 B	550645
73542613132322	R B R B2 R' D B2 R' B2 R B2	192108
41765231233232	R B2 D B' R' D2 B R2 B D2 B2	183843
63174522332132	R B R2 D' R2 D B2 R' D R B'	186437
16534273211111	R B' D2 B' D B2 D R2 B D B2	261908
67354213111313	R B' D R B2 D' B2 R D R2 D'	262157
54367122311111	R B2 R' B2 D2 R' D2 R' D' R2 D2	311881
71264533231313	R B D2 B' D2 B D' R2 D' R D2	486088
27615431312333	R D B D2 R2 B D' B R' D R'	346571
74251633111313	R B R' D R B' R2 B' R2 B R	606512
16574231113133	R B R2 D2 B2 D' B R' D' R D	208914
15672433312133	R B D B' D B' R B' R B2 D	242350
71625433213133	R2 B D B' D B' R B' R B2 D	385810
46721533123313	R B R2 B' R D' B R' D R B2	637170
14625732213323	R B R2 B D R' D2 R' D2 R' B2	505275
36741252123323	R B2 R2 B' R D' B R' D R B2	549621
57264132111323	R B2 R2 B R2 B R2 D' R B2 R2	618691
45176233131113	R2 B D' R B' R B R2 D2 B2 R	858246
56347213111211	R B' R' B R2 B D B' D' B2 R	386525
75641323232111	R B2 R' D2 R' B R2 D B2 D R2	316567
25471631312213	R B' D R2 D R' D R' B' R2 D2	399483
32164571232323	R B R2 D' B R' B R B D' R2	492493
21354762213311	R B R' D2 R B R' D R' D B2	469751
52741632212213	R B D2 R D' R' D2 R' D2 B D'	413557
65314272311132	R B R B' R2 B' D' R B2 R2 D'	284731
12346751113133	R B2 D R' D B D' R2 B2 D R	589394
31265471321111	R B R2 B D' B D B2 R' D R'	249376
16527432231122	R B R' D' B D2 R' B R' D' B	233408
35462171131313	R B R D2 B2 D' B' R2 B' D2 B2	333263
71562433123232	R B D B' D2 B' D R2 B R' B	230065
52741632212231	R B2 R' B R' B' R D R' D B'	277093
31267542222233	R B2 R D R' B R2 D' R D B'	333831
24615731132333	R2 B R2 D2 B2 D' B R' D B2 D'	554726
73642511113322	R D R' B2 D R' B' R' B2 R2 D	585258
76543212323213	R B D2 R' B R' D2 B D B2 D2	235781
63752143212323	R B R B2 R2 B D R' D B' R'	196081
74512362313223	R B R B' D2 B' R' B D2 R' D2	234602
14325673123232	R B2 R' D R' B2 D2 B R' D B2	266810
37612453122233	R B R' B2 D B' R' B' D R2 D'	254551
31452672322331	R B D' B' D B2 D B2 R' B2 R	270539
25471362323132	R B' R2 B D' B D B2 R' D R	398395
56723413221212	R B D2 R2 D B R2 B R B2 R'	464492
14736521321231	R D' R' D2 R' D' B2 D R D2 B'	386162
76524313331222	R B2 R D2 R2 D B2 R' D2 R2 B	343961
45613271331221	R B R' B2 R' B D2 R' D2 R B'	146770
15763242323132	R B D R2 B2 R' B' R2 B' D2 B	231016
26415731322323	R B R B' D2 R B D2 B' D' B'	304867
36527412211322	R B2 D' B' R D' R B2 D' B R'	550993
37615422211133	R B2 R D' R B' D R' B' D2 B2	554671
34716522223211	R B2 D' R2 B D' B R' D B' D	613455
12345673231313	R B' R2 B' R' D B' R D' R2 D2	218896
32145671333333	R B2 D' B D R' B R' D2 R' D	309779
52714633213223	R B2 R' B' D2 R D' R2 D R' B2	230727
24651731113223	R B D' B D' B D2 B2 D R D	254919
43176252123131	R B R' B2 D R B R2 D' R D2	386552
26371453112111	R B2 R' B' D' R D2 B D' R B'	305204
14567231321123	R D R' B' D B2 D B' R' B R	329168
32756141233121	R B2 R2 B D2 B R2 D' B D2 B2	281193
23156471333132	R B R B2 R B R D' B2 R' B2	231309
64321572132131	R B' R2 B R D2 B2 R B D R2	308119
52147631211131	R B R B' D2 R B' R B' D B2	274773
43572161111111	R B2 R' B' R' D R2 B D' B D'	444109
54276132233312	R B2 R' B R' B2 D' B R' D2 R2	336108
27534161111111	R B R B2 R D' B' R B' R2 D	620981
27516341111111	R B R B2 R B2 R B R B2 D2	460989
25137461111111	R B' R B R' D2 R' D' R' B D'	774634
32546713323212	R B D B D' R2 B2 R' B2 D' B	212979
14735621332112	R B R D2 R D2 R' B2 D B R2	206196
37614252221123	R B2 R' D R' B' R B' R2 B R2	324448
14752633223231	R D R B' D R' B' D2 R2 B' D	279209
47653213211231	R2 B D2 R' D R D2 B R B' D'	316935
53126471321321	R B' R' B2 R D R2 B' R2 B D2	374675
12745632222221	R B D2 B' R' B2 R' B D R2 B2	274775
32451762331121	R B R' B' D B2 D R2 B' R2 B	266532
72143651213111	R B R2 B' D B' D R2 B2 D2 B	215322
14652733321331	R B R B D2 R D' B2 R2 D' R	238963
73645213112231	R B D2 R' D R D2 B R B' D'	225217
34127651312111	R B D' R' D2 R' B2 R B' D' R'	233410
73645122222311	R B D B D R' D2 B D2 B R2	316020
32754163211123	R B R2 D B' R2 B' R' B R2 D'	318540
63741252222323	R B2 D B2 D' R D' R B' R' D	338514
25314673131311	R2 B R' D B' R D B2 R2 D2 B	619326
72546311323112	R B2 R D R2 D2 R' B R2 D' R'	243841
15642373221323	R B D B D R' D' B R2 D' B	333653
17362452213311	R D' B2 D' R B2 R B2 D B D2	344923
36754123232222	R B' D B2 D' B R' B D R' B2	418028
63714521112323	R B D2 R' D' R' B R' B R' B2	463112
45273162222122	R B2 D2 B' R B' R D2 R' B2 R	410197
17364251231231	R B2 D' B2 D R D2 B2 R' B' R2	254225
12375461111222	R B2 R' D R2 B' R D R D' B2	523915
43615271333312	R B R' D R2 D R2 B' D B' R'	140099
74321563311131	R B D2 R' D2 R D2 B' D B D'	318102
13642571221223	R B R2 D B R2 B2 D' R' D' B2	251067
41657321222312	R B R' B R' D B2 D R' D B2	283726
76315241323313	R B2 D B' R D R2 B' D B' R'	371636
43576211123222	R B2 R D B2 D R' D' B2 R2 D'	385369
54321673313312	R2 B R' B' D B' D2 R2 D R' B	590700
75312463333133	R B R2 B' D2 B' D B R' B R2	785817
25134672312323	R B R' D2 B R D B2 R' D B2	325183
45612373132121	R B D' B R' D' R2 B2 D' R D'	204000
65174232123131	R B R2 D2 B R' B D' B2 D B'	306100
52463173212332	R2 B R' B' D' R B2 D' B D2 B'	340903
34561273321223	R B D R2 D2 B' R B' R D R2	257694
73645211321111	R B R2 B R' B D R2 B' D R'	245122
54621372211121	R B' R D R2 B2 D R B2 R2 D'	423912
74163253332323	R B D2 B' D B R D' R D' R2	370194
72543611332331	R B2 R D B D2 R B' D2 B' R	265186
36714523132223	R B2 R B' D2 R B D2 R' B' D	299110
73615243332311	R B2 R2 B' R D2 B' D2 B D2 R'	294631
54167232112112	R B2 R' B' D2 R2 B R D R' D2	264023
41762533123331	R B2 R B D' R B2 D' B R D'	354873
34561273321133	R B2 R2 B D2 R' B R2 B2 R' B'	439071
51724363121213	R B D' R2 D B R2 B D' B' D	817871
32164571111111	R B' R D2 R' D2 B D' B' R' B	1180765
32167453313333	R B D2 B' D' B2 R B' R' B2 D2	283853
13675242331313	R B2 R' D R D R' B2 D B' R'	200570
75321461311112	R B2 D' B R D R2 D R' D' B'	174871
36217541223311	R B R2 B' D B R2 B2 R B D'	280341
26573413331312	R B R2 B2 R' B D2 R' B2 R B	359673
34165271112212	R B' D2 B' R B2 D2 R D' B2 R	299741
73246153312211	R B D R2 D2 B2 D' R' D B' R	247724
12376541232233	R D' B' R2 B' D' R2 D B R2 D'	525820
14723652322121	R B R2 D' R2 D B R2 D' R2 B'	185437
15734622331223	R B R B D B' D2 R B2 R B2	224016
45637123332122	R B R2 D B2 D B2 D2 R' B R	221588
71435263211123	R B2 R B' R B' R B' D' B2 D2	350386
32765412221312	R B D' B' R B' D' B R2 D' R2	217757
47152631322131	R B2 R2 B' R B' R D2 R D R2	295536
67321451111123	R B R' B R' D' B2 R2 D' B R	452427
56721432312233	R D R B' R' D R' D' R B2 R	529927
36725411131313	R B R2 D B' R2 B' D B' D R2	190883
24651731333333	R B R2 B D' B' D B' R2 D B'	233035
47512632312323	R B R2 D2 R D' R' D2 R' D B'	286702
47632153232321	R B' R2 D' B R B R2 B D' B	346204
47621533231121	R B2 R B' R D R2 B' R B D2	270310
76154323333112	R B2 D2 R' B' R D' B2 R2 D R	347142
43561271111111	R B R D' B2 D' R' B' R B2 D'	456252
23674153232321	R B D R' B2 R' B' R' D R2 B'	215861
73516243323113	R B R B2 R2 D' B D' R2 B2 D'	132676
51324763113332	R B R' B' D B D' B2 R2 B R2	308375
52761431111312	R B D B' D2 R D' B D' B D2	265929
63471522123131	R B' R' B' R D2 R' D2 R' D R	364845
14735621333111	R B R B2 R D2 R' D2 B D R2	251778
47156233233113	R B' R' D R2 D R' B' D B2 D2	357161
41236753232321	R B' R' B R' D2 B' D R D B2	357200
72165433331213	R B D' B2 R2 D' R D R B2 D2	494465
76345123312211	R B R B' R B' D' B2 R2 D' R	359608
65271432231233	R B R B' D R' D R2 D B D	289022
25134672233321	R B D' R2 B R D R2 B' D B2	343692
71264533221323	R B R2 D B' R2 D2 R B' R' D2	306297
24715363311332	R B R' D' B R' D2 B2 R' B' D2	300771
54367121112212	R B' D' R2 D B R2 D' R2 D B2	415498
25137461211323	R B R2 B' R D R2 D2 R B R'	391422
52367142211121	R B2 R B' D2 R' B' R' B2 R' D	403337
32547612111311	R B R' D' B R2 B' R B D B2	292424
35461271111231	R B' D2 B R' D R2 B' D2 B R2	335980
12745632232211	R B' R2 B R' B2 D B D R' B	219571
35762142222113	R B2 D2 B' D R' D2 B' R D' B2	389824
74523613111211	R B R D' B2 D B' R' B D' B2	253891
54312673311311	R2 B' R D B2 D' R B2 D' R2 D	348564
13254761322233	R B' R' D2 B D' R' B D' R2 D'	464433
14763253133222	R B2 R2 B R2 D' B D2 B2 D' B'	319764
42673512232133	R D B R2 B R B2 R' D' B2 R	330441
13246572331232	R B R2 B D' R B2 R D2 B D	199772
25736411133113	R B' D B D2 R' B2 D R B2 R'	243521
74165233131323	R B R' B D' R' B2 R' D' B2 D2	283057
71456321322323	R B2 R D R' B2 D2 R D2 R' B'	291931
37624511232233	R B' R' B2 R' B' D2 B D B2 R'	330395
56732143122113	R B' R' D R2 B' R B' R' B2 R'	311106
32561471122211	R B2 R' B2 R D' R' B D2 R D2	399858
12376543133231	R B R D B2 R2 D2 R D2 R' B2	196038
54367212333113	R B2 R' B D' R' B R D' B R'	286830
12347651122112	R B' D R2 B R2 B' D B' D2 B2	334760
65123471112311	R B R' D' R' D2 B2 R' B R' B	306877
31247651323232	R B' D2 B D' B D2 R' B2 R B2	232160
25631741212121	R2 B R' D B' D' R B2 R B D'	442298
34562171321231	R B R B' D2 R D2 R' B R' B'	336748
26714531212133	R B R' D B' R D' R2 D R2 B'	515355
47156233322312	R B R' D R' D' B R2 D' R' D'	207383
15672341113232	R B' D' B2 R D' B' R B' R2 B'	342511
15642373212311	R B R' B D2 R' D' R D' B2 D2	429377
72165433221233	R B2 R' B R' B2 D2 B' R' B2 R'	257743
52341673323212	R2 B R D2 R B' R D2 R B2 D	432193
25716431212223	R B D' B D' R2 D R B2 D' R	560488
74165231131313	R B R' D R' B' R2 B' R' B2 R2	630122
15637423211123	R B R2 B' D B' D R2 D' R2 D	582957
75234161322233	R B D R' B2 D B2 D' B R' D'	167478
54261732231233	R B R' D B' R D' B2 R2 D' B'	299291
53761242121211	R B R B2 R2 B' D2 R B D B2	318443
63251743133231	R D R' B2 D R' D R D' B2 D'	368918
47251363131113	R B' R2 B R' D B' R2 B' R B'	345352
64357213312211	R D R' B' D' B2 R2 D' B R' D	551520
54217362233213	R2 B' R2 B R' D B' R2 B' R B'	505270
16345271222111	R B' R B2 D R2 D' B D' B2 D2	601980
63752143223123	R B' R2 B D B2 R2 D2 B D' R'	252725
31265471122112	R B D2 R D' B R2 B2 D' R D2	225627
12537461332112	R B D2 R D' R D2 R2 B' R' D	205818
56347212111221	R2 B2 R' B R2 D' B' R' D2 B D	258450
36125471212112	R2 B R B2 R B' D B2 D R2 B	348170
12354762121112	R B2 R' D R2 D R B' R' D R2	316164
15463271313113	R B R2 D R' D R2 D2 B' R' B	366602
74132562121121	R B2 D B2 D R B D R2 D B'	349646
72513641233322	R B' R2 B R' D B2 R' D2 R D2	308115
76342513322111	R2 B R' B2 D' B D R' D B2 R2	300064
14763521113223	R B R2 D' R' B' D R' B D' B2	263300
35416721113112	R B2 R D B' R2 D2 B R2 B' D'	201402
76253413322312	R B2 R D2 R2 D B2 R D2 R2 B	298935
17526431131121	R B D2 R' D' B' D R' D B' D2	311277
34675212222122	R B' D R' B2 D B' D B D2 B	790708
32175462312323	R2 B R2 B' R D R2 D2 R B R'	711369
36547213331333	R B2 R' B D' R2 D B2 R' D R'	240960
35126741232212	R B2 D2 B' R B' R2 D' B D' R2	236780
54716321112323	R B D' B2 D B' R B D2 R2 B'	397556
14726532232313	R B2 D B D2 R2 B D' B D2 B'	294755
56347211312111	R B R B' R2 B' D' R D B2 R'	315988
47156321133311	R B' R D2 R D R B' D R2 D'	443885
26435713311122	R B D' B2 R2 B R B D' B2 R	546061
63752141123213	R B R' B2 R' D B2 D2 B' D2 R	300324
73542613132121	R B D R' B2 D2 B R' B' D2 B2	200730
74561233321133	R B R2 B D2 B' D2 B' R D R2	341487
13246572321332	R B2 D R2 D R D B R2 B R'	237155
75241632222323	R B D2 B2 R B' R2 D B D2 R2	408508
36125472111311	R B R2 B2 R' D' B2 R B D2 R'	389397
24563711121212	R B R' B2 D' R' B2 D B D2 B2	413456
15627431332112	R B D2 R D' R D2 R2 B' R' D2	253621
76345122211112	R D B D' R B' D B2 D' B2 R	440109
32156473223123	R B R B' R B2 R' D2 B R' D	204567
76341253233131	R B R2 B R2 B' D2 B' D B R2	212548
47156322332132	R B R D2 R' D R2 B' R2 B' R2	333101
16745233121213	R B R2 B2 R B R D' B2 D' B	347165
24715631122133	R B R D2 B2 D' R' B' R B2 R2	611993
26435712311132	R B R B2 R2 B R B D' B2 D'	616142
23157462131123	R D B' R B' D R' B2 R D2 B'	439670
53642171111111	R B R' B2 R D' R D R2 B2 D'	453717
47156233223312	R B D' B D' R' B D2 R' B' D'	217243
32147653112222	R B D B2 D2 R' B D' R D B2	238536
62371453311311	R B D' B' D R B' D R2 D' R	227494
45612373332122	R B2 R2 D2 R' B D B2 D2 R2 D'	228109
32174652312332	R B R2 B2 D' R D' R2 D' B2 D'	169614
17426531223221	R B R B D2 R2 B2 R B2 R' B2	165615
14753261221112	R B R2 D R' D R2 D2 B' R' B2	303163
16427531211311	R B D R2 B2 D R' B' D B2 R2	318271
17426531331332	R B D2 R' B' R' B2 D B' D2 B	175475
21357642221132	R B2 D B2 D R B2 D' B R' B2	368247
23176453332233	R B D' R D' R2 D B R2 D' R	340099
72165433321223	R B R' D2 B2 R B' R' B D' B	249337
52341672323312	R2 B R2 D B2 D R' B D2 B D	289627
72643513212311	R B D' B R2 B' R B' D' B D2	553052
24637512311132	R D R B2 R B R2 B' D' B2 R	653006
73642511113232	R B' D' B2 R D R2 D' R' B2 R'	486545
74165233131311	R B2 R2 B' R B' R D' R' B2 R'	275522
32657412111212	R B R D2 R B D B2 R' B R	263181
14723652331232	R B2 D B' R2 D' R B D' B R	215873
14736251112332	R B R D2 B2 R B' D' B D2 R2	259904
72543611223221	R B D' B D' R2 B2 R D B D2	278145
52741362313223	R D B' D' B' R2 D2 B' R B' D	233093
14736521133131	R B D B D2 R2 B2 R B2 R' D2	221347
27634512233321	R B2 R B R2 D2 R' B' D2 B D'	289616
14736521211212	R B R2 B R' D B2 D B2 R D	214183
32147562313223	R B R D' R D2 R' B R' D B2	226572
76341252323333	R B2 R' D B' D R2 B' R' B D'	193160
12745632212213	R B' D2 B R' B2 D B R D' B	401121
36152742131321	R B2 R2 B D2 B' R2 D R' D2 R2	411366
67354213211132	R B2 R' D' R D2 B' D' R' B R2	593841
76213543311332	R B D' B R' B R' D2 R B2 D'	353882
62453713311122	R B' D B2 R' B D B' R B2 R2	689630
75634123323122	R B D2 B' D2 B R' B R B' R2	226574
32145671221112	R B' R D2 B R2 B' R B' D2 B2	313710
35461271321231	R B R2 D2 B R2 B R' D' R2 D'	370849
15624732123212	R B' D B' R2 B D2 R D' B2 D	311425
76354212333332	R B2 R' B R' D2 B2 R' B' R2 D'	282686
47132562311111	R B2 R B2 R' B2 R B2 D2 R2 D'	349576
73645211332112	R B D2 R D' R D2 R2 B' R B2	414627
74165233231313	R B2 R2 B' R' B2 R' B' D B' R	950859
12543672321332	R B2 R' B R' D B2 R' D' B R'	230277
65132471222111	R B R' B D' B' D B2 R' D' R'	193870
71542633132322	R B R2 D' R2 D R2 B' D B R'	219758
74653213133222	R B D' R2 B D' R D B' R2 B'	224945
73542163321133	R B2 R2 B D2 B2 R2 B D2 B2 R'	246824
75143263231313	R B2 R2 D2 B' D2 B' R' B R' B'	296092
76145231122112	R2 B2 R' B D2 R' B' D' B2 R D	459410
73564213321322	R B2 R B2 D' B' D R' B R' B	262707
36547212131312	R D R2 D2 R D B R' B2 R' B	395015
23157461231333	R B R' D2 B' R D R' B2 D2 R2	288519
56723411121113	R B D B' R2 B' D' B D B2 R'	224087
21354761112233	R B2 D2 R' B' R D' R2 B R' B2	436594
32465172332321	R B2 R' D R2 D' R D2 B' D' B2	366602
31765242322121	R B' D B' D2 R B' R D R2 D	314419
47165321232113	R B D' R2 B2 R B R D' B2 R	630438
21473563331312	R B R2 D2 B D' B D' R D' B'	385008
15672342323312	R B2 R' D' R' D' B2 R B2 R' B2	226601
54721632212231	R B R' D R B R2 D' B D2 B'	245577
17426532331331	R B2 D R2 D R' B R2 B R B	196411
76354212213323	R B D2 B D R2 B D2 B D2 B	279616
16537421233112	R D2 R D R2 D2 R' B D2 R' D'	457932
12365473332323	R B R2 B' R D B2 R' D' B D'	311888
47652132231323	R B R2 D2 B2 D' R D' R' D B	426536
62135473123121	R D R B' D B' D R2 D' B2 R	419249
23156473323332	R B R' B2 D' R2 D R' D2 B R'	197615
74561233311233	R B R' B2 R' D2 R B2 R D R2	178852
14725363213121	R B R B2 D2 B' R' B' R D2 R2	249756
65174323223123	R B2 D' B' D2 B R2 D' R D R2	240310
72365412222212	R B R2 B R D2 R' D' R2 B D'	420232
35126742231233	R B2 D2 B' D B' R2 D' R D' R2	645755
17463251323112	R D2 R B D2 B2 D' B D2 R' B'	668892
47165322232133	R B R D2 R2 D B R B' R2 B'	533100
41563273113311	R B R2 B2 D R' D' B D2 R B	299769
63751423122311	R B D' R B' R B' D2 B D2 R'	268897
32765411121113	R B R2 B' R D R2 D2 B D' R2	230288
73652413331321	R B2 D B2 D B R2 D' B D' R2	266194
56147232333113	R B D2 R2 B2 D R B' R B' R	308017
12367451132222	R B D B2 R2 B' R B' D' B2 R	251723
15724632323333	R B2 R2 B' D' R B2 D' B R D2	348961
52163473111211	R B D B2 R' B D' R' B2 D B	391857
54367211222132	R B R' B D' B' D B R' B D2	236873
75132463233233	R B R2 D2 B' R D' R' B2 D2 R	223528
24376512222122	R B' R D2 R D' R D' R2 D B2	367730
52163471213111	R B R2 B' D B' D R2 B2 D2 B'	216928
32416753121222	R D R2 B' D' B2 D' B D R2 D	424992
16527432331322	R B2 R B R D2 B R' D2 R' D	253667
34527612231332	R B' D R2 D2 B' D B' R' D B2	375914
24751362321113	R2 D B2 R2 D' R' D R' B R2 B	502306
16543271223221	R B R B2 D2 B' D R' D' B2 R	394588
74365211213111	R B R2 B' D B R2 B2 D B' R2	320270
12347653332323	R B2 R2 D2 B' D B' R B2 R' B	334549
71534262122222	R D R D2 B2 R D' R B' R D'	338918
74123653132232	R D2 R2 D B' R B' R B' R B2	352293
74125633332323	R B2 D' B' D2 R B R2 B2 R' D'	410363
56147231222132	R2 B D' B R2 B2 D' R D' R' D	409191
73625143121213	R B R B2 D2 R D' B R' B D'	810877
72543611331332	R B' D B R' B R2 D2 B' R B2	326668
65243712121322	R B2 R D2 R2 D B2 R D2 R2 B2	265382
62174533311212	R B D' R2 B' R B D' R2 B2 D2	346611
41673252212222	R B D2 B' R2 B' R B D' R D2	262671
35174262231113	R B2 R D B' R B2 D' R D R'	390074
56123471222312	R B D' B D' R' B D R' D B2	276485
45621732233333	R B R2 D2 B2 D' B R' D B2 D'	378418
42351763231133	R2 B D2 R2 B' D' R B' D R2 D	554012
16543272331331	R B R2 B2 R' B D2 R B2 R2 B'	204684
74365212111311	R B R2 B2 D B D' B R2 B R2	323492
37645122312221	R B R D2 R2 D R' B R' D R	241063
13275642131333	R B D R' B2 D' R B' D B' D'	275057
54612732112223	R B2 R' B D' R2 B' D B' D2 B2	425892
76345122213311	R B R' B R' D' B2 R' D2 R' D'	360870
54167231131112	R B R D2 B2 D B D' R2 B2 D'	313400
52763411222312	R2 B R' D' R B' R2 D2 R D' R	506589
46275312132212	R B2 D' B2 D B2 R' B R2 B2 R'	299317
21354761122211	R D R D' R B' R B2 R' D2 B	335421
35714623111322	R B D' B2 R2 B' R' D B' D R'	325533
12367451312222	R D2 R2 D B' D R' D B' D R2	328499
15724631322233	R B2 D2 R' B' D R' D2 B R' B2	619703
46275313121222	R B D' B D' R B2 D B' D' R'	813753
36725412111212	R B2 R D R' B R' B R2 B2 R'	978308
26435712222122	R2 B R2 D2 B2 D' R D' R B2 R'	932727
36725411121212	R B R2 B D B2 D2 B' R' D R'	266372
73645211223113	R B R D' B2 D B' D2 R D' R	192822
12367452113333	R B' D B2 D2 R' D R' B' R B2	333847
67345211211122	R B2 R2 D2 R' D R D2 R2 B2 R'	472151
71432563323122	R B2 D R B2 D2 R B' D B2 D'	467853
56147232332213	R B D' R B' R B R2 D2 B2 R	560723
34527612211322	R B2 R2 B' D R' B R' D B R2	600624
31267542313133	R B' R D2 R' B D2 R' B2 R B2	586110
32147652231332	R B R D' B2 R2 B R D B' D2	278617
37614523232213	R B' R D' B R D' B R B' D'	293812
46275312112232	R D R2 B2 D' B' D B' R D2 R	359658
36725412123212	R B2 R D B' R B' R B2 R2 B'	289317
14725361322332	R B2 D2 R' D' R D' R2 B R' D2	344546
67345213111133	R B2 D2 R2 B' R D' R D2 B' R	542778
16527431222132	R B' R D' R B' R D2 R2 D' B2	611377
36725412121232	R B R2 B R B2 R2 B' D' R B'	631683
76342513323212	R B2 R' B' R' D R2 B' D2 B R2	260273
26435712322322	R D2 B' D2 B R2 D' B R2 B2 R'	460770
71463523331222	R B D2 R2 B' R B' D' B2 R2 D	353083
41762532221333	R B' D R2 D' B D2 R' D2 R D2	388090
47165321322131	R2 B2 D2 B' R D' R2 B' R B' R2	455791
45612373322111	R B R' B' D R2 D R' B R2 B'	204000
74123653133132	R B2 R2 B' R2 D' R D2 R2 D' R'	360125
46275311123222	R B R2 D2 B' D' R D' R D2 R	324763
31265471313113	R B R B' D2 B D' B2 R D' R	210271
16543271221223	R D2 R2 D R' B R' B R' B R2	351425
14763251222312	R B' R' B2 D' R B' R2 D2 R' D	246128
32465172112121	R B2 R2 D2 R' B R D2 R2 B2 R'	378975
14752633222223	R B2 R D' B2 D' R2 B D2 B' R	372197
15724633132322	R B R B2 R' D B2 R' B2 R' D2	243543
74123652322121	R B D2 B2 D' R D2 B R2 B2 R'	328493
52763413223312	R2 B D' R B2 R2 D' R D' B' R	413062
32465173133111	R B2 D2 R2 B' D R' D R2 B' R	242316
74125632321332	R B R2 D2 R B2 R' D B R2 D'	198752
56123472331331	R B R2 B2 R D R2 D2 R' B2 D	265740
54721633333331	R B R2 D2 R B R2 B D R2 D'	261588
73642513223222	R D2 B' D B2 D2 B' R D2 B' D2	295919
74365212333332	R B R2 B D2 B' D2 B D' R' B2	267504
36721452122213	R B2 D2 B R B2 R D R2 D' R	471770
65174232133313	R B R B' D2 R' B D R B2 R2	717568
12347652111221	R B R2 B' R D' B2 R2 D' B' R2	278282
16725433122212	R B R2 B' D' B2 R B' D' B2 R2	267639
74132563132112	R B2 D' R B2 R2 B' R D2 B' D2	279800
36527412131222	R B' R' D R' B' R D2 B' D2 B	346521
76341253221212	R B' R' B D' R' B D2 R' B2 R	358142
67354212212222	R B D R2 D B D B' R2 D' R2	381715
76543211212112	R B' D B2 R B2 R' B D' B2 D2	615385
36721452121322	R B2 D' B R D' B R' D2 R' B	526719
52761431112131	R B2 R2 D2 B R' B R' D2 R B'	292889
76345123311113	R B2 R2 B' R D' R2 B R' B' D2	288513
62135473131131	R B2 R2 B' D B' R2 D R' D' B2	254867
45612373132223	R B2 R B' D2 B' R2 D R2 D' R	371630
32765413122212	R B R' D' B R' D' R B2 D' R2	412457
76543211333333	R B2 D' R B D' B D' B2 D' B	249259
52743611113121	R D B2 D' B D R2 B' R' B R	325791
32164572232223	R B' R B' D R D' B D B' D'	546819
34761252323222	R B R B' D2 B R2 B D R' B	247401
62135473122131	R B R B' D2 R2 D R' D R2 D2	234588
45612373332221	R B2 R2 D2 B D' R' D R' B D2	272940
16743252323222	R B R2 B D R' D B D R2 B'	235662
15724632323231	R B2 D2 R2 D R B R' B D' B2	338073
56741231131211	R D B2 D' R B D2 R' D' B R	322120
36147253111112	R B D2 B' R B R2 D' R' B R	289341
32741653111112	R B2 R2 D2 B D' B R' D2 R D'	381874
64531273122131	R B R B' D2 R2 D R' D' R2 D2	209523
76345123211111	R B R D' B2 R2 B D' B R2 B2	341791
52147631121311	R B2 R2 D2 B R' D B' D2 B D'	315832
16735242122213	R B R2 B2 D' R B' D' R D R'	394178
52167342121232	R B R' D B R2 D2 B' R2 B2 D'	446142
16725431211131	R D B R' D2 R D' R B' D2 R'	451867
76321543211111	R B R D' B2 R2 B D' B' R2 B2	454598
14723651111312	R D B D' R2 D R' D B' D2 R'	485229
12347652223232	R B2 R2 B D R' B' D B' R' B	245012
47162351322122	R B D B2 D2 B R' D R' B D	289634
13265742131312	R D R B2 D2 R B' D R' B D'	393283
21654373332221	R B2 R' D' R2 B D' B2 D R' B2	241519
74125633121111	R D R D' R2 D B' D B' D2 R'	409329
27365412321212	R B' R D2 R D' R D' R2 D B'	408805
51742632323231	R B2 R' B2 D2 R' B2 R' D' B2 D2	448116
36542712121322	R B2 R D2 R2 D' B2 R B2 R2 D'	560637
26135742332312	R B' R2 B' R' D2 R' B D B2 R2	272579
52361472121313	R D B2 D2 B' D' B2 R B2 R' D2	298590
46512372113321	R B R2 B' D2 R2 B R B' R D	469223
24563712121232	R B R' D2 B' R' D2 B R D2 R2	458339
32567412122222	R B R2 D' R B R B2 R2 D' R	350761
13276451113211	R B' R2 B' R D R2 D R' D2 R'	462956
53761242221213	R B2 R' D' R B' R D2 R D' R	452637
23164752131312	R B D R2 B2 D B' D B' R D'	854918
46572312132122	R B R2 B' D B2 R2 D R' D R2	213651
76541233333313	R B' D' R D2 R2 D R' B' D R2	365481
32741651121311	R D2 R' B R D B' R D' R2 B	435272
24716532323231	R B' R2 B' D B R2 B R' D2 R'	469382
32567413131212	R B R2 B2 R' D' B2 R D2 R' D2	420082
53761242321212	R B R B2 R B R B2 D' R B'	629360
24563713121222	R D2 R' B' R D' B D2 B D' R	679433
16273541122133	R B' R2 D2 R D R2 D R B' R	747037
45671231132231	R B D R' D' R' D B D' B D2	156685
32145673112222	R B R' B2 D2 R D' R' D B' R	199034
14537622231323	R B R2 B2 D R' D2 B R B2 D2	248462
15634722321233	R B D2 B R' B D' B' R2 D R'	248119
45612371133221	R D R' B2 R B R' B D' B D2	290401
67354211333111	R2 B2 R' B D B' R2 D2 R D2 R	244066
27543611111132	R B R' B2 D2 B R2 B D2 R B	259933
72165432111122	R D2 R' B2 R B' R' B D2 R D2	480715
32765413322312	R B2 R B D2 B2 R B' R B2 R'	215674
76354121313131	R B D R B D' R' B D2 R' D	248691
63721541233322	R B D' R2 D' R' D' B D2 R' D	249049
12563472131213	R B' R2 B' R' D2 R B R2 D' B'	265232
65132472212231	R2 B2 R B R2 B' D2 B D' B' R2	368181
72165431113331	R B R' B D' R2 B2 D R B R'	247431
52741633313321	R B D' R D' R' B R B' R B2	358558
13275641112233	R B2 R' B D' R B' R B' R2 B2	460033
76325411122121	R B2 R' B2 R B' D' B D2 R B2	191312
12673542331133	R D R' D R' D B' R2 B R2 D'	248916
76354213222223	R B2 R D2 R2 B D R D' R2 D'	286304
21364753212212	R B R D B D' B2 R B2 R B2	280713
36125743222331	R2 D B' D' B' R D2 B' R B2 R'	409012
74321653233323	R D R B' D2 B R' D B' R2 D	340411
12543673221323	R B2 R D2 R2 B' D R D' R2 D	380515
47265312122222	R B R B2 R' D' B2 R D' R' D'	826882
76543211223221	R B2 R' D R' B2 D2 B' D' B2 D'	229278
36752143132232	R B R B D B' D' B D2 R' B	287124
76325411331311	R B' D R' B2 D B R2 D' R D'	271416
54362711323112	R D R' D' R D' B R2 D2 B' R	274298
24715632313223	R B R D' R B' R' D2 B2 R' B	455800
65132743222331	R D B' D' B' R D2 B' R B2 R'	311433
13275641112323	R B2 R' B R' B R' B D' R2 D2	472181
24731562311231	R B2 D R B2 D2 R' D2 R D' B2	436862
76143252221222	R B2 R B' R B2 R' D2 B D' R'	266833
75316241231231	R D R B' R B' R D2 R D R	278244
45721363321313	R B2 R2 B D' R2 B R2 B R2 B2	348072
36527412231122	R B R2 D' R2 D R D2 B' R2 D'	443370
34725613111133	R B R2 B' D B2 D' B R D2 B2	302142
76321452122321	R B2 R B D B2 R B' R2 B' D	279908
75146321323331	R B2 D2 B' R D' R2 B' R B' R2	318787
14725363311113	R B' D R2 B' R2 B D' R B R	376309
74365211333111	R B2 R' B D B' R2 D2 R D2 R	145980
31564272213311	R B D R' D R2 D' B R' D R2	234476
52163473111331	R B2 R B R2 B' D2 B D' B' R2	251070
24367511323112	R D' R2 B D' R D' R' D' B R2	327907
75642132213311	R B R' B R' D' B2 R' D2 R' D2	240421
45312762311111	R B R' D2 B2 R' B' R B' D B	348925
46257132211133	R B' D2 B D R2 B' D R2 D' R'	451826
26453172211133	R B' R2 B D B2 R' D R2 D' R'	618470
25741632312323	R B2 R2 D2 B' D B D' R B' D2	248850
56712341232113	R B R' B' D R2 D R' B R2 B2	323390
62543711311112	R B R D2 B' R B' R D' R' B2	464090
67321451112311	R B D' R B2 R' B R' D' B R2	357584
52167433133333	R D B2 D2 B R D R' D2 R' B	362499
13265741112323	R D R2 D' B2 R2 D R B' D B2	439942
34125672131213	R B R2 B D R2 D' R' D2 B D'	699196
13572641122133	R D R2 D' R2 B2 D R D' B D2	1357263
54721633231322	R B D B' R2 D2 R B D2 B D2	337780
64531273312211	R B R B' R D2 R' D R' D R2	220851
13246571111111	R B2 R' B' R D2 B' R' B D' B2	487132
75346213332122	R B2 R2 B' D R' D2 B R' B' R2	255593
25714632123131	R D R2 B2 D R' D B' R2 B R'	430980
46127353131323	R B' R' D R D B2 D2 R' B R	485608
65213741111111	R B D' R2 D B' R D' R2 D2 B2	551361
45367211211122	R B2 D2 R2 B D' B R2 D' B D'	492627
72643513212332	R B2 R' B' D' R D2 R D2 R' D2	195234
51367241211113	R B D' R2 D B2 R' B D B D'	210793
36721451131331	R B D' B D' B2 R2 D B D R'	234549
42751632323231	R B D' R2 B2 D' R' B D' R B	352881
45312672233321	R B D2 R2 B D' R B' D2 B R'	422933
75346213132322	R B R B2 R' D' B2 R D2 R' B2	421992
72546313323212	R B2 R' B' R' D' R2 B R2 B' R2	456237
12376541112323	R B2 R' B' D R2 B' R' D B' D2	1671596
52147633111112	R D2 R' D B D B' D R' D2 B	384618
64357213231322	R D2 B R2 B' R B' D R' B' D'	602428
12365741113331	R B D' B R D2 R2 D' R' B2 D	447884
72165432211112	R B2 R' D2 R D' R' D B2 R D2	200409
31264573132313	R B R B' D2 B R' D' B2 D2 R'	167529
12357461111222	R B' R2 D B2 D' B2 D' R' D R2	434646
16275343122221	R B D' B2 R D' R' D' R B2 R'	308889
54167232333113	R B R' B R2 B' R2 D B R D'	240794
12354763131131	R B2 R B2 R2 D R' D R2 D R2	267196
56124371232323	R D R' B' R D' B D2 R2 B' R	329908
62135473232231	R B2 R D2 B2 R' B D' R2 B2 D2	201686
76543211332331	R B2 R' B D2 R' D' B' D R' D'	162650
14325672231323	R B D' R D' B2 D' B R D B2	336298
62173543232132	R B2 D R B2 R B2 D2 R B' D2	255444
26435712233321	R B' R D' B R2 B2 D2 B R D'	410773
32761453121312	R D' B2 R B D2 B' R' B2 R' B'	498836
45721363322231	R B D R2 B2 D' R D' R' D2 B2	277668
34561272213122	R B D B' D2 R2 D R B R' D2	409369
63752412333113	R2 B2 R' D R D' R2 B2 R D2 R	352973
46157321331233	R B D' R' B R' D2 B2 R' D' R2	241172
14765233113131	R B R2 B' R D2 R' D R B2 D2	199473
72563411113121	R B2 R' D B R B' D R' B2 D	259211
24715633131131	R B' D B2 R' B2 R B' D B R	272074
65423713321322	R B R2 D2 B2 D' R D' R B2 R'	554529
76325412112121	R D2 R' B2 R D' B' D B2 R B2	340367
26534713333313	R D' R B' R B2 D R' B' R' B2	483574
13542671231231	R B R' B R D2 R2 D' R' D2 B	210815
42137653132121	R B R2 B R' B D' R D2 B' R	203158
74125633132232	R B R B2 D' R B2 R' D B2 D2	154235
36752143133222	R B' R' B' R2 D B D R' D' B	229081
15643271331221	R B' R' B' D B2 R' B D2 B' D	203269
47165322313211	R B D2 B R2 B2 D2 B R2 B' D'	382693
32164572233321	R B' D2 R B D2 B R2 B D' B2	468548
63142571132321	R2 B' D2 R B D2 B R2 B D' B2	657823
32145672113333	R B D2 B' D R2 B' D' B R2 B2	186892
56347212232223	R B2 R D B2 D' R2 D B' R' D2	267387
47126351233232	R D R' B R D' B2 R D' B D'	181862
74521633133333	R D2 R' D2 B R B2 R2 B' D' R2	351325
34165273222322	R B R2 B R2 D2 B R' B' D B2	241812
24736512222332	R D B' D R' B R' B2 R D2 B'	444579
76321452122123	R B D R' B2 D2 B D B R' B2	264291
75431263133213	R D2 R2 B2 D' R' D B' R2 B R'	310755
12347653132223	R B R D' B2 D R' D' R2 D2 B2	272573
32765411331113	R B2 R' D R D' R2 B2 R D2 R	232038
32417653132121	R B R B2 D2 B' R' B2 R' B2 R	219604
47352612311132	R B D R' D' R D2 R D2 B' D2	293223
71432563232213	R B2 D B R2 D2 B D' R B2 R'	302768
57642311113322	R B D' R D2 R2 D B D2 B R'	346420
35417622223133	R D R2 D' R B' R B2 R' B2 R	489385
75213642223133	R B D2 B' R B' R D2 R' B2 R	500823
56271433132313	R B2 R2 D' R D' B' R D B' D	339500
14327652131213	R B D2 R' D' B2 D R D2 R D'	426401
34125672221222	R B R2 D2 R' D' B' D B2 R' D	341988
76354123211123	R B2 R D B2 D' R' B2 D B D'	337122
27453161132111	R B2 D' B' D' B2 R D' B2 D' B2	270129
56274312313211	R D R' D B D2 R' D R B2 R'	539842
26135742213323	R B R' B D R2 B' D R B2 R'	665859
75246311111111	R2 D R' D B D2 R' D R B2 R'	793320
21654372233321	R B2 R2 D2 B' D R B' D B' D2	250884
13276543323122	R B' R B' R B2 D' B' D B2 D'	242882
54367122211121	R B2 D' B' R2 B D2 R' B R D2	298663
32561471113133	R B' R B' D2 R D R2 B' R B'	308885
15672343213232	R B2 R D' R2 B2 R' D R B2 R	265977
71462531113322	R D B' R2 D R' D' B' D2 B2 R	569124
57123461111111	R B R' D2 R B2 D' R D R B'	1157266
32156741112323	R2 B R' B D R2 B' D R B2 R'	1218050
25436711311313	R B2 D2 R2 B' D B' R B2 D' B	286738
27634511131133	R B2 R' D' B' R D2 R B2 R' B2	239110
24367513111121	R B R' D2 R B' R B' R2 D2 B2	208788
36721453113113	R B' R D' B2 R D R2 B' R D'	285844
71456322111221	R B2 R' D' B' R' D2 B D2 B' R2	262920
76312453211111	R B R' B R2 B' D B' D' B R2	355155
25436712123332	R B2 R2 B' R2 B D R' B2 D B'	387446
32576142313223	R B2 R' D R2 D' R D2 B' D' B	286151
51426733312211	R B2 R' B D2 B' R D2 B' R' B	268409
14736523112222	R B2 R D' R2 B R D2 B' D' R	212359
75346212323333	R B' R2 B R B2 D2 R2 B R' D'	288782
13246573321223	R B2 R B' R2 D B D2 R' D' R	316394
41756231321213	R D2 R D R2 D B' D' R2 B2 D'	411448
43576212112232	R D2 R D B2 D B' D' B2 R2 D'	354441
23456173212332	R B R' B' D' R B2 D' B D2 B'	232223
21654373332122	R B2 D2 R2 B R' B R2 D' R B'	305465
71452363213232	R B2 D R' B D B' R2 D2 B R	178208
23165471312132	R B D R' D2 B R D' B R2 B	284337
72345611133113	R B R B2 D' R2 D R2 D2 B' D	197024
36521472331121	R B D R2 B' D' R2 D' B R B2	176625
13546271321321	R B' R' B2 R D' R2 B D2 B' D2	200580
64531273123121	R D R B' D B' D R2 D' B2 R'	261076
54123673233323	R B' R D R2 B' D R' B R2 B'	290636
25634713321232	R B2 D R' B' D2 R D2 R B2 R2	290204
74563211232332	R B D2 R B2 D' B' D' B2 D' B'	384766
13645271221331	R B D2 B2 R D' B2 R B D2 R2	205924
25436713332122	R B2 R' D B' D2 R2 B' D' B2 R'	375402
52761431113121	R B2 D R' D B' R2 B R' B' R	268260
31624751112233	R B R2 D' R2 B D' B' D B' R2	258218
12543671331113	R B D R2 B' R2 B D2 B2 R' D	547536
46375212332222	R B R2 D' R' B R D2 B2 R2 D'	431983
12347561112212	R B D' R D R2 D2 B' R' B D2	420461
21374653333121	R B2 R D R2 D R' B' R2 D2 B'	253570
14726533323122	R B2 R B' R B2 R2 D B D2 B'	239190
56247132333233	R B D' R' D' R D2 B' D B2 D'	268258
75264311223122	R B2 R2 B R2 B D2 R' D B2 D2	327630
51742632323333	R B2 D' R' D2 R D2 B' R B D2	291588
31624753312211	R B R D R D2 B R' B D2 R2	433545
45376213131323	R2 B2 R D B2 D' R2 D B' R' D2	384212
35426713111313	R B2 R B2 R2 D B' R B2 R D2	334189
23456713212332	R B R2 B' R2 D B' R2 B R B'	213447
46375212132221	R B D' B R2 D' R' B D' B2 R'	248030
14527633132322	R B2 R D R' B D2 B' D2 R D2	291074
76245313122122	R B D B' R2 D R B' D B2 D	237332
26715433231322	R B D' R B D2 B2 D' B' D2 R	272957
52147631131211	R B2 D B' D B' R2 B D' B' R	412043
76321542211112	R D B D' R B' D B2 D' B2 R'	566510
12367541112212	R B' D' R2 D B' R2 D B2 D' B2	562718
12365471313113	R B R D2 B' R2 B D2 B2 R' B	269936
15346271321321	R B R' D R D2 R2 B' R' D B2	196641
56147322333233	R D R' D' B' D R2 B' R D2 R'	316916
16542371221331	R B R2 B D' B R' D' R2 B R'	231890
32741652111113	R B2 D B' R D' R2 D R' B' R	320831
12643571321321	R B D2 R2 B' D B R' B D2 R	203105
12357641113331	R B R2 B2 D B' D2 R D B2 R2	522521
45176321131133	R2 D R' D' B' D R2 B' R D2 R'	459526
47152361233232	R B R' D B D2 B2 D' R' D2 B	214571
64531273311311	R B R D' R D B2 D2 R' D' R	280497
12356471113133	R B R2 D2 B' D B D' B D2 R	429666
75234162221111	R D B2 D' B' D2 R B' R B R'	350407
47123651233232	R B' R D R' B D' B2 R B R2	215918
12364751112212	R B D2 B D' R D' R' D2 B R'	416864
64531271212211	R2 B R2 B2 D R' D' B D2 R B	503763
21654372231323	R B2 D R2 D' R D' B D' B' D'	382825
71432562111221	R B2 R' D' B' R D2 B' R2 B R2	253662
42751632321233	R B' D' B2 D B R2 D' R2 D R2	456330
76312453311311	R B2 R' B' R' D R2 D R2 D' R2	223200
76312452212111	R2 B D' B' D R B' D R2 D' R	347476
76345122211121	R B2 R2 B' R' D B2 R' D B D2	280484
62135471122121	R B2 R2 B' D' B R2 D' B D B2	357718
35461272222323	R B R2 B R B' R2 D B D R'	400285
15724632123233	R D B R' D B' D B2 D' R2 B	589379
14752633213223	R B2 R2 D2 B R' D' R D' B D2	271837
36527412111113	R B R2 D' R' D R' D2 B D B'	232527
67345211111123	R B R' B R' D' B2 R2 D' B R'	306010
21354761113211	R B2 D2 R2 D B R B' R D' B2	389977
32465172133121	R B R' D B' D' R2 B2 D' B R'	236547
16345273233323	R D2 R2 B' D' R B' D2 B R' B2	459172
14723651112131	R B D2 B' D B R2 D' B' D R'	485142
16725431121311	R B R2 B' D B D2 R' B' D R'	346424
36147252111113	R D R2 D' R B R2 D' R' D R	312955
37654212311222	R B D' B2 R' B R D' R2 B2 D2	393338
56321473233323	R B R' D2 R' D R B2 D' B D	257709
25641371213132	R B D2 R2 B2 R' B D' B D2 B'	257053
14752631323223	R B2 R2 B' R D B' D2 R2 B' R	347025
56741231121311	R B R2 B' D B D2 R' B' D R	276231
52743611112131	R B D2 B' D B R2 D' B' D R	253979
21354761113322	R B2 R D2 B2 R' D R' B2 D2 R2	393553
73652413211312	R B R' B R' B D' B2 D B2 R'	229333
74365212222323	R B R' D R' B2 R' D B D R2	252130
32465173233221	R D R D' R D' B' R2 D2 B' R	232342
14723653313111	R B R2 D2 B' R2 B R' D' R B2	283559
14625731322233	R B2 R2 B' D R B' D2 R2 B' R	592070
74125633133312	R D R' D2 R' B' R2 B R' D2 R2	366764
45621732212123	R B D2 R2 B2 R' D B' D B2 D'	349329
54167233331213	R B2 R2 D R B' D2 B' R' B2 R	834065
37642513122221	R B2 R' B D' B D2 B2 R2 D' R'	228129
74365213121333	R B R2 B' D' B2 D' B R B2 D2	254419
32716452123212	R B' R D' B' D B2 D R D' B2	488021
74125631313311	R B R2 B D2 R2 B R' B' R B2	235390
63512743313333	R B D' B R B2 D2 R' D2 R2 B'	586200
34172562313331	R B2 R B' R B' D' R2 D' R2 B2	330566
14723653321313	R D B' D2 R D B2 D R2 D2 B	594501
36527413311311	R B R B D2 R B2 R B' D2 R2	271411
76543212222221	R B2 R2 D2 R D' R2 B R B2 D2	293105
56124371111231	R B R' B2 D B R' B R2 B' R	229968
71643252231212	R B D2 B2 R' B R' D' B R B'	414838
53421671321111	R2 B R D' B2 D B' D R B2 D2	413718
65172431132333	R B2 R B R2 B D' R' B2 D2 R'	556617
23416752121211	R B' R B' D' B D2 B R D' B2	409226
34172562132332	R B2 R D' B D' B' R2 B' R2 D2	347301
17435622211133	R B2 D' B R D R2 D2 B' R D	565322
76341252232313	R B D B' R B2 R' B2 D B' D	261335
56173421113112	R B D2 B' D R' D' B2 R D' R	229506
35426712131132	R B2 R2 D B' R D' R2 D R2 B2	336704
54371621113112	R2 B D B' D2 B R' B R B2 D2	391464
65132471231321	R B' D2 R D2 R' B R' D2 R' B	478497
17426531213123	R D R' B2 R' B R D B2 D2 B	411598
74125633131233	R B R' D2 R' B' D2 B R' D2 R2	453509
46275312232133	R B D R2 D2 R B R B' D2 B'	550245
53726143333121	R B R' D2 R B R2 B R' D' R	242045
37452162323312	R B R D B' D2 R2 D' R2 B' R	219062
37615422313331	R B D B' D2 R' D R' B D' R'	352662
71436253333112	R D' B R' B R2 D R' D' B' D2	203273
32456711233133	R2 D B2 R2 D' B' R B' R B2 R	431508
74132561321231	R B' D' R2 B D R2 D' R' D2 R'	485514
47126532133133	R B D' R2 B2 R' B' D B' D B'	594441
54721631311133	R B D2 B' R D2 B' R2 B R D2	570356
52341673133111	R B D2 B' D R2 B' R2 B R B2	273373
52341671311313	R B R2 B' R B2 D' R2 D R B2	323744
24615733113323	R2 B D2 R2 B2 R' D B' D B2 D'	538504
64275131312123	R B R' D R' D B2 R D' R' D'	342029
17643251122112	R B R' B R' D2 R B' D' B' D'	378185
31275462133211	R B R2 B R' D2 R D2 R' B D'	376374
42613572313211	R B R' B2 R' D' B' R D2 B R'	559340
13675241112323	R B D2 R2 B2 R' B' D' R D2 B'	1007544
32167451312222	R B R' D2 R' B2 R D2 R D B2	173770
32647153132121	R B R' D2 B2 D B2 D B2 R D	208611
72165432323312	R B D2 B' R B' R2 D2 B' R' B2	273732
31564273113311	R B D B' R B R2 B2 D' B' R	289064
25741632222323	R B2 D B2 D' R D' R B' R' D'	389983
14325672112121	R B D2 B D2 B' D2 B R' B' R2	333295
76145232332213	R B' D2 B D' R2 B D R B' R	568693
56723411131112	R B R D' R2 D' R' D B D2 R'	374351
53467211321111	R B R2 B' D R' B' D2 R D' R	244137
12354762311123	R B D B D2 R' D B' R' B2 R2	281733
14736521332121	R D R' D2 R' B R B D2 B2 D	242696
67412353132121	R D2 R' B2 R' D B' R2 D2 R' D	262732
54362711111231	R B D' B2 R D R' B D2 B' R	251876
36125473111211	R B D2 B2 D' B' D2 R D B2 R'	235414
17435623211123	R B2 D' R B D R2 D2 B' D B	679792
54167232133313	R B2 R2 D B D' R2 D' R' D2 R	851781
32145672212222	R B D' R2 B2 D' R D B R2 D2	257509
25736413123112	R B D B2 D R2 D R' B' D B2	241458
13247563212131	R B R' B2 D2 B' D' B D' R D'	289729
31276452133322	R B R2 B' R D2 B2 R D' B D2	274162
31276452313313	R B' D R' B R2 D R' B' D' B2	326943
23165742123131	R B D B2 D2 B D R D' R2 D'	635584
32174561232233	R B' R' D2 R' D' R2 D B D2 R'	631612
64157321133212	R2 D R2 B2 D' R' D B' R B2 R	660460
32714652332132	R B R D2 R' D R2 B' R2 B D'	207446
16357421223113	R B D' R' D' B D2 B' R D' B'	210211
41725363121231	R B R2 D2 B' R' B D' B R2 B	265212
13257641112233	R B R2 D2 B2 D' R' D' R B2 D'	403495
73615243213313	R B2 R2 B' R B2 D' B2 D B2 R'	296392
63725141233121	R B R' B D' B D2 R B' D' B'	287454
26415732233321	R D R' B2 R' B' R' D R2 B D'	416702
42615371313332	R2 B D2 R2 B2 R' B D' B D2 B'	394409
72345613221221	R B D2 B R2 B' R2 B' D B D2	146683
74163253133132	R B D' R2 B2 D R' D' B D' B	197879
12745632111122	R B D2 B R2 B' R2 B R' D' R2	260835
34725612322232	R B2 R2 B R' D R B' R D B	357106
56347211213111	R B D R' B D R' D R2 D2 R	323342
67321453113311	R B2 R' D' R' D B2 D B2 D' R2	445475
72543162311111	R B R2 B D' B D' B R2 D' R	252176
34165272323333	R B R2 D2 R D2 R' B D B2 R'	550852
37652143231322	R B2 R D' B2 R2 B' R D R2 D	210903
54312671131331	R B R' B D2 B' D R' B R B2	212046
61534721112311	R B2 R' D2 R' D B' D2 R2 D' B	282241
52743612131111	R B R2 B' R D2 R B2 R2 D' B	224034
14723651113121	R B R2 D' R' B R' D2 B R D'	346373
15642372331322	R B R D2 B' R2 D R B2 R D'	208555
12364753311131	R B D2 R' B R B2 R D' B' R	363191
41576322212222	R B D B' D2 B R' D B R' B2	403168
14763253133132	R B R D2 R2 B' R D' B R D2	298810
13546271231231	R D2 B R2 B' D R' B R' B' R	322733
13267541232212	R B R D' B R' D B2 D R D	308622
32765412323222	R B D2 B2 D' B' R2 D R D2 B'	453036
54127633131212	R D R2 D2 R' B' D2 R D2 R' B2	588838
31462751111111	R B D' R2 D B' R D B2 R2 D'	834459
41357622313112	R B D B' D2 B R' B R B2 D2	251146
32167451111111	R B' R B R' D2 R' D' R' B D2	1289370
67341252222323	R B D2 R2 B' R B R' B R2 D	203280
71462532111212	R B D R' D2 B D' B2 R2 D R'	205403
35162472123233	R B' R2 D R' D' R B D' B D2	436035
24763151111111	R B R' B2 R D' R D' B2 D2 R2	444500
45176231331113	R2 B R2 D2 B2 R B R' B D' R	472617
64125371131313	R B' D2 B R' D R' B2 R' B R'	476733
26154372332213	R2 B' D2 B R' D R' B2 R' B R'	690615
75243162211322	R2 B2 R B2 R2 B R2 D' R2 D2 B	647695
25436713232321	R B' R' B' D R2 B' R2 B D' R	196468
16345271133131	R B2 R B D' R D2 R' D2 B R2	250694
56147231333213	R B R2 D2 B2 R B R' B D' R	286193
43512671313332	R B R' D R' D2 R B R2 D' B	246917
35624712331232	R B R' D B' R2 D B' R B D2	306156
46275313312211	R D R2 B' R D R2 B2 D R' B'	498818
52714361232113	R D B2 D2 R' B R' B' R D2 B'	374498
32165741111111	R D B' D B' D B2 D2 B R' B'	1265873
13276542323312	R B2 R' D' R' D B2 R' D2 R B2	265982
32761452222212	R B D2 R' D' R2 D B D2 B D'	228446
63752411333213	R2 B2 R' B R D' R2 B2 R B2 R	361141
76354213312223	R B R B' R2 D B D' R B2 R	262950
76321452212231	R B R2 D2 B2 R B D' R D' B'	408396
16527432113333	R B R B' D2 R2 D B D B' R2	403873
31265472312233	R B R2 D' B2 D R D2 R' D2 R	616958
63125743133312	R B D2 B D' R' B D' R2 B R'	407088
15724631211311	R B D B' D R' B D2 B2 D B'	368004
52163471112122	R B2 R' D' R2 B2 D R B R' B2	282509
15426371112233	R B D2 R' D2 B D' B' R D' R2	266171
36145273333313	R B' R' D R2 D2 R D' B' D R2	348080
43167251232212	R B R' B R' B D' R2 B2 D' R'	380606
12734561322233	R B R2 D' R2 B D' R' D B' R2	443433
32156472333332	R B2 R2 D2 R' D B D2 B2 R2 B'	522260
21345762313223	R B D2 R' B R D2 B2 R D' R'	573325
15624732333332	R B R' D B R2 B D' B2 R D2	146951
31452671323211	R B R D' B2 D B' D R B2 D2	273330
54621371133311	R B D' B D2 B' D B' D R D2	347548
36527413111112	R B D2 B' R B R2 D' R' B R'	256515
61274351313131	R B D2 R B R2 D' B D2 B2 R	466832
41263751312222	R D2 R2 D B2 D2 R2 D R2 D2 B'	568985
34521672223232	R B2 D R' B D' R2 D B' R' B	336273
41237561313131	R B2 D2 B' D B' R B2 R' D2 R	672673
34721653333313	R B' R2 B' D B D R2 D2 R B	257262
16573241312312	R B D R2 D R' B' D' R2 B R	274726
32456173212332	R B D B D2 R B' D2 R2 B' D	183020
32147651312222	R B D R' D2 B2 D' R' B R2 D'	237482
34517622231323	R B2 D2 R D2 R B' R' B' D2 B'	315826
16725431131211	R B D2 R' D' B R' D2 B R B'	365266
12543671111111	R B' R D R' D2 R' D' B' D B2	411533
12536741112323	R B R D2 R D' B' D' B2 D2 R	334354
76354121122121	R B R B2 D' R2 B D R2 D R'	174354
65732411333123	R2 B D2 R2 B2 D R D' B D' R	312577
37614522111221	R B2 R B' R D' B' D R2 D' B	222455
71365423331312	R B2 R2 D2 B' D2 B' D' B R' B'	354675
13527461211113	R B' D' B D2 R' B D R D' R2	315437
71326543333313	R B2 R2 B R2 B2 D2 B R2 B2 D'	482271
47251632131312	R B R' B R' D' B R2 B D R'	466399
52314673311311	R2 D B' R' D' B D2 R' B D2 B'	592028
15246372331331	R B R2 B D B2 R D2 R2 D' B'	162920
52763411333123	R B D2 R2 B2 D R D' B D' R	217290
32145673311113	R B2 R D B' R D2 R' B2 D R2	254452
23176452132221	R B2 R2 B' R D' R D2 R B D2	330298
46275312313211	R B R2 B R2 B2 D2 B D2 B' D'	428254
46375213112111	R D R' B D' B R2 B2 R B' D'	314126
51642731113322	R D B2 D2 R' D B' R' B R2 D'	586362
32156471111111	R B D' B D' B D2 B2 D R' B'	1144139
71432563332113	R B R2 D' B R2 D B' D' B' R	248481
32156472332132	R B D B' R B' R D2 R' D2 B	261834
14763251332331	R B2 R2 B' R' D B' D R' B D2	274278
14725363211213	R B R2 D' R' D R D2 B2 R2 D'	295439
67354211313113	R2 B2 R' D B D' R2 B2 R B2 R	251836
76143252131312	R B D2 B2 D R B D' R2 D' B	369638
34561272212213	R D B2 R2 D2 B R D' B R' D'	518942
21365742221312	R B R D' B2 R B R2 B' D' B'	306003
47156323223123	R B2 R2 B' R' B R2 D' R B R2	228944
54167231221211	R B2 R' D' B2 R2 D B D R' D2	264453
12765432121313	R B D2 B2 D' B' D2 R B2 R' D2	226540
72136541322233	R B D2 R' D2 B D' R' B D' R2	236896
12734562313223	R B R B R D2 B D' B D2 R2	241086
71435261322233	R B2 R' D R' B R' D R' B2 R2	504515
34162752132212	R2 B D R' B D' R D' R D2 B	751696
63752141111111	R D R' D B' D R2 D2 R D' R'	504628
76342512232223	R B2 D R D2 B2 R D' R D2 R'	312472
57214361323232	R B R' D2 B D B' D R2 D' R	229773
54326171321231	R B D' R2 D' R2 D R' B' D' R	220853
35462171212121	R B D B2 R' B2 D B R2 B R'	347868
67312452233321	R B D2 B' D B2 R' B' R2 B R'	439871
42136752131312	R B D R' B D' R D' R D2 B	571752
42167532131333	R B2 D2 B' R D' R D2 R' D2 R	619072
26317451212211	R2 B2 R' D' R' D B2 D B2 D' R2	675946
12745633313312	R B2 R B R2 B2 D B' D B2 D'	234442
42573612323231	R B2 R B2 R' B2 D2 R' B2 R2 D'	330624
21354671221112	R B R2 D B2 D R' B D2 B D	176493
54326171112233	R B R' D2 R' D2 R D' B' D' R	168135
65274133132223	R B2 R B2 R2 D R B D' R2 D'	218346
61534272311132	R B2 R' B2 R D' B R' B2 R B	326541
53614721212121	R B2 R B2 R2 B' R2 D B2 D2 R'	368782
63541271212211	R2 B D B' R B R2 B2 D' B' R	528122
12345672321212	R B D' R2 B' R B2 R B' R' D2	200767
56723411113313	R B D R' D2 B2 D B R2 B R2	227633
51632741323232	R B D' R2 B D R' D R2 D' R	254757
53147262123131	R B R2 D' R2 D' B D R' B2 D2	405934
57364212213311	R D B' R' D' B2 R2 D' R B' D	577428
36745212122333	R B R D' R2 B D' B2 D B2 D2	358256
13267541111132	R B2 R2 D' R B' R2 B' R' D R'	433140
76541233121213	R B R2 D' R D B R2 B2 D' B	629644
12563473131212	R B2 R' B R' B2 R D2 B' R D'	284961
31475262333221	R B2 R2 D2 B' D' B D' R2 D R'	261548
54127632222212	R B' R D R' D' R D B' D B2	301334
41726532312233	R B2 R2 D' B R' B2 R' B' D R'	503661
56347211331131	R B R D' R2 B2 R D R2 D R2	241623
72356141112323	R B R' D2 R B' R B R2 D2 B'	347237
72345611111111	R B' R2 B' R' D' R D2 B D' B	403162
26543171123111	R B R2 B' R D' R2 B R2 B' R2	249962
74165232121211	R B R' D2 B' R D2 R D' B' D2	176552
52731641323112	R B R' B' R B' D B2 R2 D' B	202666
36714521232113	R D B' D2 R D' B' D' B2 D2 R	399169
41325763131233	R B R B2 D2 R' B D' R' B2 D2	322432
41752632312323	R B R2 D2 B D' B D' R2 D R'	411239
74521633333313	R D R2 B' D' B2 D B R2 B R'	743503
13462571111111	R B D R2 D R' B' D' B2 D2 R	1468906
12365471111111	R B' R2 B' D' B' D R2 B R' D	2345523
57241631322113	R B R2 B2 D' B R2 B' D R2 D'	213081
32156471232332	R B R' D' R D2 R B' R D2 R'	212553
65274131311313	R B R D' R B2 R' D2 B R' B	212694
52463713212332	R2 B R2 B' R2 D B' R2 B R B'	316373
35162473332122	R B' R B2 R D R D' R D2 R'	463526
13276541213312	R2 B D' R2 B' D R B' D R2 B2	366306
12364751113133	R B2 R' D R2 B' R D R D' B'	464398
53762413322123	R D R' D B2 D' R D' B D B2	241431
13267451311133	R B R D2 R D' B' D' R2 B R	372639
21354671122112	R B R D2 R B' R D2 R B2 D	280781
56341273121213	R D B2 D2 B R B R' D2 R' B	408636
76143253331333	R B R' D2 B R2 B' D R' D2 R'	415070
21364752311111	R B R2 D' B' R2 B' D' B2 R D	382904
13576241312213	R B2 R2 D' B D' B2 D' R' D R'	698790
14726531333312	R B R2 D' B D2 R B' D' B' D	234518
76312542321212	R B D B' R2 D B' D2 R2 B R'	205708
47156322132311	R B D2 R' D' B R D2 B2 R2 D'	279034
65432173232321	R B' R2 D' B R B R2 B D' B'	332043
65417323232123	R B D' B2 D B' R B D2 R2 B2	330659
71546233331213	R B D R' B2 R D' R D R' B2	548606
31275461322233	R B' D B2 R2 D2 B D' B D' R	578374
32517463131311	R D2 R D R' D B' D2 B' D R'	508821
16453271111111	R D R' B2 R B' R D R2 B2 D2	1838346
12354671111111	R B' R2 D' B R' B' D R2 D B	2317290
13764251211311	R B R B' D2 R' B R' B' R B2	203660
23417563232123	R B D' B2 D B' R B' D2 R2 B2	271853
63742511232221	R B R2 D2 B' D B' R' D2 B2 R	223787
76341251111213	R B D' R D R B' R2 B R' B2	392792
24167353132232	R D B' R2 D R' B D B' D2 B'	369951
34617252123212	R B R B R2 D2 R' D' R2 B' D2	619334
41752631222123	R B R B2 R B2 R D' B' R D2	359926
74325613131212	R B R2 B2 R' D' B2 R D2 R' B2	601487
16243571321321	R B2 D R2 D' B D' B R' D' R	177438
56347213131332	R B2 R2 D B R' D2 R' D' R2 D	285076
34261573123121	R B D' R' B D' R B2 D' R' B2	230701
74156322313223	R B2 R B R2 B' D' B2 R B R'	275229
72543613322312	R B' D' B2 D B2 D' R D2 R D'	365700
14753261323112	R D2 R D B2 D2 B' D B2 R' B'	672926
16527431123333	R B2 R2 B' D' R B' D R' D B2	585789
57236141113232	R B D' B2 D' R2 D B' R' D' R	233312
16542371331221	R B2 R' D B2 R' B D R B' D'	280576
32751643321232	R B D B' R2 D2 B R' D' R D2	228379
71432561232323	R B' R B2 R' D2 B R' D' B' R	326386
65471231132213	R B2 R B R' B R2 D' R B R'	388548
34617252132212	R B2 R' B' R B' D B2 D B' R	450464
16572431111111	R B' R' D B' D2 R' D B R D2	506155
65174233323212	R B2 R' D B2 R' B' D' R2 B D	306436
36714522122213	R B D' B2 D' B R D R2 D2 R	722873
74163253133213	R B2 R2 D2 R B' D2 R B R2 D2	230644
36145272122222	R B' R B' D2 R2 B D R' D R2	264217
45312761133311	R B R2 B2 D B' D B' D R B	241855
52341673232333	R B R B2 D' R D' B' R2 D B	270928
54367212211322	R D R2 D2 R B R2 B2 R' D2 B	496914
45376121131133	R2 B' R B D2 B' R B2 D' B2 D	445658
41725362313223	R D B2 R' B R B2 D2 R D' R'	609352
15763241111111	R B' R' D R2 B' D B D B' R2	1774292
32156742313223	R B2 D' B D' R D2 R D R' D2	285194
24537613231322	R D2 B R2 B' R B' D R' B' D	346619
57236141322233	R B R' B2 R' B2 R D' R' D' R	161042
56123472322121	R B D2 B2 D B R2 B2 R' B2 D	333428
25734162221111	R B R2 B2 R B2 D R2 D2 B R'	299765
13254761323322	R B2 R B R2 B2 R' D R2 B' D'	378051
65132473323311	R B R2 D B2 D B' R D2 R B	198865
15724631111111	R B R D2 R2 D R B' D R' B'	1622884
76354122112121	R B D' R B R2 B R' D2 B D2	298638
54367212233213	R B R2 D R' D' R2 D' R2 B D'	229863
61234573232213	R B R D2 B D2 B R' B R2 D2	372503
54127633333313	R B' D2 B' D B R D2 R2 D B	461020
36147251211131	R B' D R D2 B' D R' D R2 D'	367060
25341673113311	R2 D R' B' D' B R2 D' B R2 B'	706765
13576241321321	R B R' D B R' B2 D R' B D'	208841
12367541113331	R D2 B D2 B' D R' D R' B' R	781179
23756413223312	R B R' D' R B' R2 D2 R D' R	279811
14625732112121	R B2 R' B D' B2 R2 D' R' B2 D'	298805
74152363133231	R B R2 B2 R' B2 D' R' B2 R' B'	283400
23165741112323	R B R2 D' B D R2 B2 D R' D'	372783
12347651133311	R B2 R B R' B D2 B' R2 D R2	396262
74123653133222	R B2 R2 B R' B R' D B' R B2	417048
51732643121213	R B D' R B' D' R D2 R D R'	580978
37642152213311	R D2 R B R2 B' R' D2 B R B	580772
25716433223213	R B2 R2 B' D B' R B2 R B D2	248779
76245311131121	R B R' B D' R B2 R2 B R' D'	168180
47156321111111	R B D R' B R' D B2 D2 B D'	347553
74365211121221	R B2 R' B D' R2 B2 R B' D R2	267929
76125343333133	R B2 R B2 D' B' R B' D R' B	404548
14725361111111	R B R B' D R' D B2 D2 B D'	441441
23167542131222	R B2 D' B2 R D' R' B R' B D'	559495
72163453131212	R D R2 D2 R' B' D2 R D2 R' D2	558200
36751243222322	R B D B2 D B' D' R' D2 B D	214601
76321453311233	R D R' B R' B R2 D2 B2 R B'	367441
72541631111213	R B D2 B' D B2 D B2 D2 R' B	260990
12354763133111	R B R B2 D2 B' D' R2 D' R2 D2	252744
41736521233232	R D2 B D2 B' R D' R D' B' R	223436
56274132331133	R B R D B2 R D' B2 R2 D' B	298465
72543613221221	R B2 R2 B D2 R' B D2 B2 D' R'	279393
34721652121313	R D B2 D2 B' D' B2 R B2 R' B2	718848
71462532121112	R B2 R B R2 D' B2 R D B R'	343498
76543213113131	R B2 R2 D B R2 B D' B' R2 D	222094
12356743113131	R B D2 B' R2 B D' B2 D' B R2	279806
23671452122333	R2 B' R' B R' D B2 D R' D B2	565724
61274532231323	R B R2 D2 B' R D B' R B2 D	354537
23165742312323	R B' R' B R B2 R2 D2 R B' R	422425
41725631211122	R B2 R' D R' D2 B2 R' D' R2 B'	299219
72534163211123	R B2 R D B2 D' R' B2 D B D	332595
23165471111111	R B R' D R' B R2 B2 R D' B'	345018
52741633221233	R B D R2 B2 R' B' R2 D' R' D	252208
14752363233131	R B2 R D2 R2 B R' B R2 B R2	239952
12367453112222	R B2 R2 B' R2 D' R B2 R2 B' D'	279094
75346211211311	R D B' R D' B D2 B2 D R' D'	328280
67154233323332	R B D' B R2 B2 D' R D' R' D	281906
75613243131332	R D2 R' B R B R' D2 B R' B'	389433
36152741231312	R B' D' R D2 B' R D' B' D2 B'	322061
26175432331133	R B2 R D2 B' D' R B' R B' D	334153
24715633112111	R B R D' B R' D R2 D2 R B'	208343
32761452121313	R B R' B2 D R2 D' B D' R2 D'	247972
16345272333212	R B R2 D' B D' R2 B D B2 D2	224721
32156472332321	R B2 R' D B2 D' R D2 B' D' R2	367447
72163452122222	R D R2 B' D B D R2 D2 B' R	462149
54723613333313	R D B2 R' D' B2 D B D2 B R'	425170
13276541322311	R2 B R2 B' D B R2 B2 R B D'	430176
76315241332112	R B D B' D2 B R' B2 D B' R	198486
57241631323112	R B R2 B2 D' R D2 R' B R2 B'	204421
21354672311132	R D R2 B2 D B' R D' R2 D R'	425160
32175461333111	R B D R' B2 R D' B2 R B' R	258528
52731641233112	R B R' D' B D' B D2 R2 B' D	212274
47156322332312	R B R' B R2 D' B' D B' D2 R'	244684
14726531233313	R B D2 R' B D2 R D' B' D' B	447135
35462172213311	R B2 D' R B' D R2 D R B' D2	487038
12745633323311	R B2 R D B2 D2 R B' D R2 D'	273618
51623471321111	R B R2 B' R B' D' B2 R B' R	219068
12637451132111	R D R' D2 R B' D B R2 D2 B2	393516
26543171111111	R B R' B2 R D' R D R2 B2 D2	434151
61572432312323	R B R2 B' D B2 R' B' D2 B R'	422977
41725633111133	R B D R' D B2 D' B2 R B' R	356653
12645371131121	R B' D2 R' B R B D2 B R' B'	321334
21345671111111	R B' D2 R' B R' B' R D2 R B	675044
36745212123323	R B2 D' R' D B' R B2 D' R B'	204916
63714252123131	R B2 R' B2 R B' R D' B2 D B	315332
14625733133111	R B D B' R D2 R' B2 D B' R	283291
56132473211111	R B D' B' D' R2 B2 D' R D' B	352438
23147652312323	R B2 R B D2 R2 D' R' B2 R D'	284310
54317261113112	R B D2 B' R D' R' B2 D B' R	252891
34625172111212	R B' R B2 R D' R B' D2 B R'	343335
16347252131312	R D R2 B' D R B D2 B2 R' B	472575
16453272111131	R B D' R B R' D R' D2 R2 B	223724
36125471111333	R B D' B D' B2 D' B D R B2	263125
12365473232312	R B D B D2 R D2 R B' R2 D2	247221
62475131322323	R B R' D B2 R' B2 R' D B' D'	281454
34721652222212	R B' D R D' R' D R B' D B2	312821
74165231121212	R B D2 B D B' D B' R' B2 R2	496490
12345672123212	R B R' B2 D' R B2 R D' R' D2	401440
65417321232113	R B D R2 B2 D R D2 B2 R' B'	409281
46125731333123	R B D R' D B D2 R' D R B2	222263
16527341111111	R B D R2 D B2 D R B R2 D2	423659
31475262331313	R D2 R2 B2 D' B' R D' R2 D R'	310367
36721452223232	R B D2 R' D' R D' R2 B D R	313053
35174262213131	R B' D B2 D' R D2 B' R2 B R2	406348
56743212122222	R B2 R2 D' B R' B' D R2 B' D'	429305
67215343333133	R B R2 B D2 B' D R' D' B2 R2	481663
36714522121322	R D B' D2 B' D R D R2 D2 R	564108
35426713312211	R B2 D' R D' R D2 R B R' D2	300795
76341251111312	R D B' R D R D' B2 D R' B2	343936
67321451311133	R B D' B' R D' R B2 D' R' D2	337595
24715631111111	R B D B2 D2 B R D' B D' B'	350672
15627431322113	R D2 R B R2 B2 R' D B2 R' D'	218955
54367212231122	R B D2 B2 D B D2 B2 D' R2 B	542966
72345611222222	R B R' B2 R' D' B2 D B' D2 B2	410180
12376451113133	R B2 D B2 D' B R' D B' D' R	580263
76145233133213	R B D2 B' D' B2 D' R D B2 R2	327305
15672341323112	R B2 R B D2 B2 D' B R2 D' B'	218138
14263751131121	R B' R D B2 R' D B' D B' R2	236222
75246313312211	R B2 R D R2 D' R' B2 D B R'	403035
14523672121313	R B D2 B2 D' B' D2 R B2 R' B2	537718
24751362221231	R2 B R2 D2 B' R' B D' B R2 B	388120
35462173123211	R B D2 B R2 B R' D' R D2 R	210566
23475162121112	R B R2 B R2 B' D R' B' D2 R2	432647
36521472113321	R B D2 R B2 D' B' R' D2 R' B'	456804
72543613223312	R B' R' B2 R D2 R' B D2 B D'	289491
36241573212332	R B R2 B2 D B' D' B R2 D B	318964
14725361111123	R B D R2 D2 R D B' D R' D'	285597
52763143222331	R2 B' D B D2 B' R D2 B' D2 B	366705
52714633223123	R B2 D2 R2 B D R' D2 B R' B	321372
71426353312211	R B2 R D R2 D' R' B2 D B R	474551
63725142223133	R D R' B2 D2 B R B R' D2 B	641727
54761233322321	R B D' B2 R2 D' B D' B' D R2	210601
46372511221331	R B2 R' B D' R' B R' D2 R D2	205114
56423171321321	R B2 D R2 D' B D' B R' D' R'	278851
56723412323222	R B D R2 B' R B' R' B2 D R	416211
32465173123121	R B2 R D' R2 D' B2 R B2 R' D	221578
13275463213211	R B2 R2 D2 B' R' D R' D2 R B'	256097
54327612223232	R B2 R' B D R B' R B' D2 R	375346
15724632313223	R B D' R' B2 D' B' R D2 B' D'	386599
62135473322321	R B2 D2 R' D' B R' D2 B D' R2	267263
54371261113331	R B R2 B2 D B' D2 R D R2 B2	321161
26453711333333	R B2 R2 B R' D2 B R2 B D2 B2	206697
21376541131133	R B D R' D R B2 R2 D' R' B	328176
21354761133311	R B2 R2 B' R B' R2 D B' R' D2	371767
52743611111312	R D B D' R2 D R' D B' D2 R	329852
67345122223133	R D B' R2 D2 R D B R' B2 D	515032
31246753312211	R D2 R D R2 D' B' R2 D B R	487036
34725613111112	R B2 R2 D2 B' D R' D R2 D' B	266169
23175463211222	R B R' D2 B2 D B' D2 B' R2 B2	321323
21354672311123	R B' D2 R D2 R' D B' D2 B' D	474108
21347562312323	R2 D2 R B' D B R2 D' R B R2	534787
32147652233213	R D B2 R2 D2 B R B' D R' D'	586017
41752632311123	R B2 R' B' R D2 B' R' B' R D2	417154
56123473133231	R B R D2 B2 D' R' B2 D' B' R	256477
41765322313211	R2 D2 R B' R B R2 D' B D B2	1086917
17425631322113	R D R2 B' R B' D R D R' D2	196406
64275133312211	R B D2 R' B D B2 R2 D R' B'	258396
65123471233232	R B R' B D R2 D R' D' B' D2	183694
37615422313121	R B R B' D2 R' B R' B D' B'	442402
73615241112323	R B' R B2 D2 R2 B R' B R' D	409969
73615243123313	R B2 R2 B' D R2 B' D2 B R2 D'	485186
14735621323112	R D R2 B' R D' B R D R' B2	452210
32147562333233	R2 B R' B' D R D' R D2 R' B	683742
42165373223123	R B R2 D' R2 D' B D' R2 B2 R	173974
13725642332132	R D B2 R' D2 R' B R' D2 B2 D	266515
42137561123333	R B2 R2 B R2 B2 D2 B' D2 B2 R	256220
32567413133333	R B' D B' D2 R2 B D B' R B2	296320
16347253121312	R B' D2 B' R B R D2 R2 D B	324563
13754262123323	R2 B' D' R B' D R2 D R' D R2	509985
54723612131312	R D2 R' D2 B R D2 R2 D' R' D2	570552
54723612222212	R B' R2 B' D' B2 D B R2 D' R'	627963
32567412131312	R B' D R' B2 D2 R D R' D B2	409347
34721652131213	R B' R B R' D' B D B' D R2	312306
76143253333313	R D' R2 B R D2 R' D' R2 D' B'	427869
76143253131212	R B2 R D' R B2 R' D2 B D' B'	534331
76541232221222	R B R2 B2 R' D' R2 B D2 B' D2	412925
52741632122333	R B R2 B2 R D B2 D2 B' D2 R	435015
32567412222212	R D' R2 D' R B R B2 R2 B R	730179
76321453313312	R B' R' D2 R B2 R' D R2 D R'	458426
67231543323122	R D' R2 B D' B D' R' D' R D2	352302
73125463133132	R B R' B2 D B' R B D' B2 D'	286863
75231463211123	R D B2 D' R B' D B2 D' R2 D	342430
36147251131211	R B2 D2 R' B R B2 R2 D B D	468681
37651242211133	R D R2 D' B R' B R2 B' R2 B	386611
47132652233321	R B2 R' D2 R B' D B' D2 B R	548664
35167242132212	R B R2 B R D' B2 D' R' B2 D2	638706
67231541323112	R D' B2 R D' B R' B' D' R B2	599855
14753261333111	R B R2 D' R' D' R' B R' D2 R	313017
76123453233323	R B D R' B2 D R' B R' B R2	255617
15627431223113	R B R' D' R' D' R2 B R' D2 R	250043
34617522221333	R B2 R' D B' R' B R' B2 R B2	322377
21375462312233	R B R D2 R D' B' D R' D2 R'	384823
13275461112233	R B2 R' B2 D2 R' D B R' B2 R	436141
56174321232113	R D R2 D2 B' D R' D' B D2 R'	731954
15273641112323	R B2 R' B2 D2 R' B D R' B2 R	1066767
54321761211221	R B R B' D B' D2 R' D R2 B'	204316
76315241112113	R B' R D2 R' D R' B R2 D2 B2	239844
76145231121113	R B R2 B2 R' D B2 R' D' B2 R	321234
54367213112222	R B' D R' D2 R B2 R' D2 R D'	323801
25734613113323	R D2 R B D2 B D' B' D2 R2 B'	453751
42651372213311	R B R2 B2 D2 R' D' R D' B D2	281803
54612371112311	R2 B R2 B2 D2 R' D' R D' B D2	502041
13245671321111	R D R' B D2 R D' R' B' D2 B'	506395
12375641113112	R D R' B2 R' D' R' D B2 R D'	206992
75246313212311	R B D' R D2 B' D' B D' R2 D2	194921
56723412122312	R B R2 D2 R D B2 D R D2 R'	275953
45612372331121	R B2 R' B R2 B' D R2 B' R' B2	216643
14736521221313	R B2 D' R D2 R2 D' B D2 R' D2	200780
53274163211222	R B2 R B2 R2 B R2 D' R2 D2 B	388965
41735262312233	R B2 D' B2 D' B R' D2 B2 R' B	466478
16534271111111	R B' R2 D' B D B R2 B R' D	671066
16723451322311	R B D' R2 B2 D' B R' D' R D2	276967
34651272332132	R B2 R' D R2 D B2 D2 R' D R'	170596
45623713322321	R B R' B D' R' B' R B2 D R'	175922
14763251333123	R B D2 R2 B2 D R D' B D' R'	214526
13254762321233	R D B2 D' R' B2 D B' D R B'	280378
76324151112323	R B2 R B D' R2 B2 D R2 D' B'	452664
64275132232133	R D R B2 R2 B D R B' D2 B'	656614
24351673311311	R2 B D2 B' R2 D R' D2 R B D'	613666
12543672322232	R B D R' D2 R D' B D' R2 B'	224713
73651241113322	R B2 R' D2 B2 R' D R D' B2 D	234748
41735621233232	R B R B' R B2 D' B2 D R B2	205765
72543613133222	R B R' D B' D R2 B2 D2 R B'	268315
73645121113211	R B D2 R' B' D2 B' D' R2 B D	267738
12576343212221	R B2 R' B R' D R2 D2 B2 R' D'	312048
75261432123233	R B' R2 D B2 D' R' B2 D2 R B'	384528
65274131111111	R B' R D' B2 D B2 R' D B D	427937
12467351131121	R B' D2 R' B R B D2 B R' B	319988
17426531132312	R B2 D' B R2 B2 R' B D2 R' B2	412260
75321463132121	R B2 R' B D2 B D2 B2 R' D R'	297642
62435172311132	R D B R2 B2 R D R D' B2 D'	414019
32156742311123	R B R D B2 R' B R' D' B2 D2	457650
31265472233321	R2 B R' D2 B' D R D' R D2 B2	657459
51726433123313	R B D2 B2 D' R B2 D' R2 D B	459972
34725612231212	R B2 D2 B R D2 R D R2 D' B	800233
37641252222323	R B2 D2 R B2 R B' D' R' D2 R'	462027
47132563222331	R2 B D' R' D R D' B R2 B' D	375736
61472533112111	R B R B2 D2 R B' R' D R2 B2	254955
72516342313223	R B2 R B R2 B' D' B2 R B R	460594
73146522113231	R B D B D2 B D B2 D2 R' D'	325216
16527431333213	R B R2 D2 B2 R B R' B D' R'	497000
62435172211133	R D R' D2 B2 D R B D' R2 B	604780
16723451122133	R B R' D2 B2 R' D B' D' R B2	834520
51423671221331	R B D2 B2 R D' B2 R B R2 D2	226967
14765231112131	R B2 R2 D2 B' R B' R D2 R' D	374025
14752633223123	R B2 D2 R2 B' R B' R D2 B' D	376220
64257131113223	R B D B2 R2 D' B R' B' D2 R2	318419
14763523222331	R B R B' R D B2 D2 R' B' D	301780
56741231211131	R D B R' D2 R D' R B' D2 R	382676
41765323122212	R B D' R B2 D' R2 D' B D' B'	364673
34516722313223	R D2 R D B2 D' B' D2 R B R	495065
72541633121111	R D R D' R2 D B' D B' D2 R	330144
67345211311133	R B2 R B' R2 B' R2 D B2 D' B	333459
54376211113133	R B2 D B2 D' B R' D B' D' R'	304136
67412531131133	R B D2 B2 R B' R' B D2 R D	262340
75264132223331	R B R B D2 R' B R' B' R2 B2	338493
14527631121311	R B2 R2 D2 B' R D' R D2 R' B	381461
35462172223331	R B D R B2 D' R B' D' R2 D2	397002
64275132211133	R D B' D2 R2 D B R B' R2 D	505656
56123473133132	R B' R D' R2 D B2 D' B2 D R'	380877
14735621233112	R D B2 R' B R' D R B R' D2	424860
42615372313211	R B D2 B D2 B2 R2 B D2 B' D'	365324
17425631323112	R D B2 R' B D' B D B R' B2	412169
24615732111323	R D2 B' D2 B D2 R' B D2 B2 D'	361460
71435262222122	R B R D' B2 R' B R' D R' D'	422426
32147652332213	R D R2 B2 D2 R D B' D B' D'	662443
24615732233321	R B' R' D B R2 B2 D2 B R' D	435002
14275633323122	R D R2 B' D2 B' R D' B2 R2 B	234383
74521633121213	R D2 R' B2 D R B2 R2 B' R' D2	343271
26345711223113	R B R2 D' R2 D' R D' R2 B2 R	193994
42651733311122	R B' R B2 D' R D R' D B2 D2	432281
76541232131213	R D' B2 D' R B D R2 D2 R B	434122
34721652221222	R D B2 D2 B' D' R2 B R2 B' R2	465920
25741361232113	R B' R D2 B' R D R' B D2 B2	461729
74521632222212	R B' D2 R B D2 B' D' B2 D' R'	741292
43617521223221	R D B' D2 R D' R B D' R2 D'	308529
34561272122123	R B D R' B2 D2 B D B R' D2	261550
76321452213122	R B D B' D2 R2 D R B R' B2	302881
32761452122222	R B2 R' B2 D B R2 B2 R' B' D2	296871
56341273131212	R B' R2 D2 R B D R' B2 D B	512816
76215433333133	R B R' D2 B D' B R B' R2 B'	400926
76541233331333	R B D2 B2 D' B' R2 D B2 D' B2	486331
54127633133333	R D B2 R' D B D B2 D2 R' B	897824
63452711311313	R B2 D2 R2 B R B' R2 D B' R	213003
56741233111112	R B2 R2 D2 B D' B R' D2 R D	305440
52361472131312	R B2 R2 D' R D' B' R D2 B' D'	294263
53462711113322	R D R2 D2 B' R D' R' B D2 R'	592356
13254763323122	R D R' B' D' B' R2 D R' D2 R	277690
72541631112131	R B2 R2 D2 B R' B R' D2 R B	298072
54127632131213	R B' D B R' D' R B R' D R2	445035
27534612311132	R B D2 B' R B2 D' R' B2 R B'	629775
76342511111321	R B' D B2 D' B2 R B' D' R' D	250579
31627452221333	R B' R' B R' D B2 D R' D B2	351345
67312541121221	R B D R' B2 R' B R2 D R' B	217405
74156323132331	R B R' D2 B' D B R D2 R2 D	238978
56347212111311	R B' D' B R2 B R D' B' D2 R	395339
36125472121223	R B R' B' R D' R' B R2 D' B2	443180
31264752313121	R B2 R B' D B' D' R2 D' B2 R2	548211
16543721111111	R B D R2 D R' B' D R' B2 D	623071
17324561232332	R B R D B2 D B R2 B2 D' B'	260431
25736411231321	R B2 R' D' B R2 D' B' R' D B2	297199
71426533333223	R B2 R' D B' D B2 D2 R2 B' D'	399085
51324671211122	R B R' B' D B' R B2 D2 R' D'	381375
51324673113311	R2 B R2 B' D2 R B' D2 B R D'	479001
36125471213111	R B R2 B2 R' D R2 B' D' B2 R	374232
67345122232133	R D R D2 R2 D R D B' R2 B'	587727
76351421112323	R B' R2 B D' R B2 D' B2 D R2	487336
17362451211311	R B R D2 R D' B' D R' D2 B	262822
14527632122213	R B2 D2 B D R2 D R D2 R' B	284676
15746321323211	R B D R B2 R D R2 D2 B' D'	388390
47156233211132	R B' R2 D R2 D' R B' D2 B' R	434622
63725142123131	R D B D2 B2 D B R D' R2 D'	415957
47156231332313	R B' D' R D2 R D' B' D B2 D2	368645
47216352131333	R D B2 D2 B' R B2 D' B2 D R	463044
32175461111111	R B' R B2 R' D B' D R2 B2 D2	1200792
35472163231322	R B2 R' B D2 R' B D B D' R'	214645
52641733232321	R B2 R D R' D2 R B R2 B2 D'	333345
14762351321231	R B' D' R2 B D' B' D B' R2 B'	337194
13765422121211	R B D B2 D R D B2 R' D R	288216
71452632222131	R D R' B R' D R' D2 R B2 D'	424142
36417522123311	R B R' B2 D' R B D' B2 R2 D2	492331
16537421113322	R B2 R D' B2 R D B R2 D' R2	409234
65147321232113	R B' D R2 B' R B D' R D2 R2	657424
42163751121212	R B' R2 D' R' B R D' B2 D R	307682
17642531111111	R B R B2 R D' B' R' D2 R2 B	450160
26714532121133	R B2 D R2 D R D2 B' D R' B2	365670
14356721112323	R B D B2 D B' D' R' B2 R2 D	351038
17453262211133	R B R2 B' R D' B R2 B' R2 B	269771
23147562123131	R D R D2 R D B2 D' B' D2 R	662843
17463251321231	R B2 R D' R2 B D R D2 B' R2	566623
76213543213133	R B2 D R2 D B R2 D' B R' D2	378082
16524731112233	R B' R' B2 D B' D' R D' R2 D'	276197
56432713122122	R B2 R' D B' R2 D' R B' R2 B2	366601
74365213111211	R B D2 B2 R B R' B D2 B R2	341182
23164753333313	R B R D2 R2 B' R B' R2 D2 B'	320641
26135742132221	R B' D2 B' D' B2 D' R D B2 R2	282378
52163471312111	R B R B2 D2 B D B' R2 D2 B'	381167
47123562232133	R D B D2 R' B' R2 B R D2 R	694760
27435612122222	R B R D2 B2 R D' B D' B D'	836357
43126572133313	R B R2 B' R2 B' R D B' R D2	252010
16345272322232	R B2 D2 R2 D' B' D R' D2 R D	240621
52763413222112	R2 B D' B' D B' R2 D2 R B' R	324630
71546322231212	R B R' B R' D B2 D R' D B'	256833
54167231121113	R B R2 B' R D' B R2 D2 B2 D'	318280
23517462131333	R B' R B' D' B D2 B R D' B	370961
62157342132212	R B R2 B R D' B2 D' R' B2 D	305574
16543271331332	R B2 R2 B' D B' D R' B D B2	413838
74365211313113	R B2 R' D B D' R2 B2 R B2 R	152539
12367451213333	R B2 R2 B' R B' D R' D B D2	280227
32765411133113	R B2 R' B R D' R2 B2 R B2 R	244312
36541272323222	R B R B' D2 B R2 B D R' B'	247472
34527612331322	R B2 R2 B D R' D R' D R' D2	307013
46572311223122	R B' D B' R2 B' R' B' D R2 B	279795
52147632111113	R B2 R' B R B D' R D' R2 B	343331
57164322131312	R B R' B2 R D R2 D R' B' D	838669
32761453133333	R B D2 B2 D R D R' B2 R' B	290461
45637123132121	R B2 D' R' D' B2 R B' R2 B' D2	255069
47265312131312	R B D B2 D' B' R2 D B' R' D'	326794
72563411112131	R D2 R' D R D B' D B' R2 D	347728
47135622132332	R B D2 B' D B2 R2 D B' D R2	306178
71523463231313	R B2 R2 D' B D' B' D R B' D	432435
46123573232123	R D' B2 R D' R D' B' R' D R2	748317
54723613121312	R D B2 R' D' R2 D R B2 R D'	850422
12347653132322	R B R D B2 R2 D2 R D2 R' B	265932
62147353132121	R B R B2 D' R B' D B' R' D2	217316
14723653232222	R B D R2 B' D' R D' R D2 B	214774
27415363131113	R B R' B D' R' B R B D2 B2	324032
32741651131211	R B2 R' D R B R' D R' D2 B	302115
71543622111131	R B R D2 B2 D' R' B2 R' D2 R	250741
74521633121312	R D R2 B' D' R2 D B R2 B D'	475335
54723612221222	R B2 R' D B' R2 B R2 D' R D'	371069
61472532123332	R B D R' D R' B D2 B' D2 R'	255636
71423653213232	R B' R' D' R B2 D' B R2 B' D	214260
16243571231231	R B' R B R' B D' R2 B R B2	256351
34261572132131	R B R B' R D' B R2 B' D2 R'	256577
76324153323122	R B2 R' B' D' R' D2 B R2 B' D2	256586
27416533321232	R B' D B R' B R' B2 D R D2	347248
32745611223332	R B R2 D B2 R' D' R' B2 R' D'	353945
56327411211332	R B R' B' D B R2 D2 B2 R D	173759
57236141323232	R2 B D R' B2 R D' B R D2 B2	373042
67321452111122	R B R D' R D' B D2 B' D2 R'	336176
35426712311312	R B R2 B D2 B D' R' B R2 B	298920
45376213333322	R B D R' B2 R' D R D B2 D2	367547
21345763332233	R B D2 R2 B' D' R B' D R2 D	405669
31275462311213	R B D2 B D' B2 D B2 D' B D'	378865
12376451111222	R B' D R D' B D' R2 B R D2	541551
54326171111231	R2 B R B' D2 B D' B R B2 D2	409572
75246313332332	R B2 R2 D R' D B' R2 B R2 D2	248889
25736411321312	R B R D2 R B2 R D' R' D B2	166450
45673212212132	R B R' D2 B2 D' R' D B' R B'	201888
71435263333223	R B2 R2 B' D R2 B' D2 B D2 R'	301724
41725361321213	R D B2 R2 D' R' D R' B R2 B	377446
74256313111232	R2 D R2 B2 D' B' D B' R D2 R	508183
45673213211222	R B D2 R2 B' D B' D' B2 R2 D	583955
74256311321222	R2 B R2 D2 B' D' R D' R D2 R	518705
76253141123132	R B D R' B2 R D' B R D2 B2	231449
26415732121223	R B R2 D' B D2 B' D' R2 B2 D	310331
15643273223111	R B R B2 R D' B' R' B2 D R	269859
34627512232313	R B D B2 R D2 R B' R B2 D2	363275
46352172113231	R B R B' D2 B D' B R B2 D2	269195
71453262222221	R B2 R' D B D R' D2 B D' B'	444110
72365413131212	R B R2 D2 R' B' D' B D2 R' D	258480
36547212122222	R D R2 D2 R D R B' R2 B' R	780244
72163453331333	R D R2 D2 R' B' R2 D R2 D' R2	334737
17452363322132	R B R2 D' R' D' R B2 R B R	192376
53476121323322	R D R2 D2 B' R B2 R' D B2 D'	264909
67254313311113	R B R' D R2 D' B D' R B D2	379482
61453723111121	R B D B2 R2 D B R2 D2 B' D'	268482
71326453132121	R B2 R' B2 R' B R' B2 D2 B' D	240375
35476122221111	R B R' D B2 R' B R' B2 D2 R	433345
36514272212111	R2 B R D' R D B2 D2 R' D' R	526563
17426531112233	R B D' R2 B D' B' D' R2 D2 B	247909
14736521322233	R B R' D2 B D' R' B' R2 B2 D	256449
24153672321233	R B R B2 R2 D' B R2 B' D2 B2	295668
62435711222222	R B R' D R' B R2 B2 R D R	302740
17326452212111	R2 B2 R' B' R' D R2 D R2 D' R2	348896
42367153211123	R B R2 B' D B' R2 D R2 D' R2	407311
36145272131312	R B D2 R' D B R B2 R2 D' B	663965
26437512122312	R B2 D' R2 B D' B' R D' R D'	559213
53476121323112	R D R2 D2 B' D B2 D' B R2 B'	290610
56743213121213	R D B2 R' D R D B2 D2 R' B	488017
15367423211123	R B D' B R B' D R' B2 R2 D	437723
52673413232123	R B R2 D' R2 D' R D R' D2 B2	216981
34516272312332	R D2 R' B2 R' B D' R2 B2 R' B	304644
12765433331333	R B D2 B2 D' B' R2 D B2 D' R2	255308
16745232122222	R B R2 B2 R B D B' D2 B' R	358005
52167432121313	R B2 R' D R' B2 R B2 D' R D'	248117
75346213112132	R B R' B2 R D R' B D' R D2	220055
64321572111131	R D2 B' R B R D2 R D' B' D	225329
12376541322233	R B D' B2 R D' B' R' D2 R2 B	273840
65271341332331	R B R2 D2 B R' B D' B R' B'	280074
13246571112233	R B R' B2 D B' D' R' B2 R2 D	390372
52341673232213	R B2 R B D2 B' R2 B R' B' D2	184552
27456133132223	R B R' B' D B R2 D2 B2 D' B	330516
34165271311133	R B2 R B2 R2 D' B D R' D2 R	361591
46523711331332	R B R2 B' D B' D R' B D B2	216646
46153273131131	R D' R2 B2 R' D2 B D2 B2 D B'	305418
54231671123111	R B2 D' R B D R2 D R' B' D	284414
56423173133111	R B2 D2 R2 B R D' R2 B R' B	289332
27154632311132	R B R' D R2 D R D B R2 D2	253884
16374523211123	R B R' B' R2 D' R' D R2 B' R2	385961
14735621333222	R B R2 B D2 R B D' B D' B'	264266
43216573132223	R B R' B' R B' D B2 R' D' B2	410756
13276541321123	R B' D2 R B R2 B D2 B R' D2	308759
24351671212211	R D B' R' D' B D2 R' B D2 B'	405853
45621373211111	R D R' B D R2 D B2 R2 D B	341247
32165741233223	R B2 R B2 D2 R' B D' B2 R2 D2	255228
32475161232323	R B R2 D2 B R2 B R D' B R	352015
52341672232313	R B2 R D R2 D' R2 D R' B' D2	375559
34165273311131	R B R D2 B' D' R B' D R2 B	173830
72531463321232	R B' R2 D B2 D' R2 D' B' D B2	441616
72561433221233	R B D R2 B2 R' D B' D' R2 B	258758
73624513332131	R D2 B' D2 R D' R D' B D' B	310637
51624733323113	R B' D' B D2 R' D B' D' R2 D'	365269
41352671212121	R B R' D B2 D2 R' D B' R' B	493658
71435263333133	R B2 R2 B' R D2 B' D2 B R2 D'	497077
41725363121222	R B D' R D' R B2 D B' R' B'	444093
51426731111111	R B D R2 D R' B' D R' B2 R2	457683
36712542121211	R B' R B2 R2 D' R B' R' D R	493174
43721653231313	R B R2 D B R2 D' R B2 R2 D	347349
36712542121121	R B R2 B R B2 D B2 D2 B' D'	356343
75346211133122	R B2 R B2 D2 R' D B' D2 R2 B2	327584
15426371111111	R B D R2 D R' B' D R' D2 B2	458495
34275161312213	R B R B2 R D' B' R B' R2 B'	639064
32146752232223	R D R2 B' R B2 R' B D' R' B'	607658
51472633331312	R B R2 D2 B D2 B R D' R B'	783475
32174561112323	R B2 R' D' B R2 D' B' R B' R2	1053749
54321672212231	R B R2 D2 B2 R B D' R D' B	410645
41352671222111	R B D' R' D B' R2 D2 R D' B	324938
51472361131313	R B2 R B R' B D' R2 D' B D'	298863
62531472321233	R B D' B D R2 D2 B' D' R D2	407600
54321672212213	R B D' B R' B R B2 D2 R2 B	547861
43751623123313	R B R2 B' R2 D2 B D B' D B'	714848
12354761112323	R2 B R' D R B2 D' R D R2 D'	2015198
51342763312223	R' B R' D R B2 D' R D R2 D'	2442266
35127462331331	R B' R D' B2 R D' B D R2 D	262712
63471522323132	R D2 B' R B' R' B D2 B D B	359798
14352672212111	R B R2 B' D2 R B' D2 B R D'	323320
23165473233221	R D R' D2 R B D' B D' R B2	303467
54367123311113	R B D2 B2 R B' R B' R D R	283812
72561433321133	R B2 R2 B D' R B' D R' D B2	416529
52376413222223	R B R' D' R B D2 R2 B2 R' B	213215
56243173133111	R B' R2 B D2 B2 D R2 B D2 B'	344464
57321641311112	R B2 D' R B' D' R D2 R B D	172073
24765313222112	R B D' R B' D R2 D R' D R2	317543
41725362221213	R B2 D' R2 D B2 R' D B2 D2 B'	500221
75462132123212	R B' R D2 R2 B' D B' D' B R	489894
36712542121112	R B R' D2 B2 D B R D' R' B	491529
42615372221213	R B2 D' B2 D R2 B' R B2 R2 B'	539838
52314761322122	R B2 R2 B D2 B' D2 R D' R2 D2	203881
63754213122122	R B R' B D' B2 D B D2 R' D	301939
51324761111123	R B R' D R B2 D2 R' D2 R D	268858
73654211111132	R B R2 B' R2 D2 B D B' D R	344616
21734652123131	R B R D R D2 R D' B R2 D2	239127
14736253222223	R B R' D' B D' B D2 R' D' B2	251173
26153473131131	R B D2 B2 R D' B D' R B R	412738
73654122221111	R B R2 B R' B R' D' B2 R B'	288117
76514321232113	R B D' R' D R2 D B' R B2 R2	393119
51324672212111	R D R' B' D' B R2 D' B R2 B'	511992
54321672232211	R B R' D B' R D B2 R2 D2 B	405449
54172633132313	R B D2 R B D2 R' B R2 B2 D	295623
36741253233131	R B2 R2 B R' D B' D R' B D2	286324
36712542122111	R B D' R B' R2 D R' D R D2	315921
13276541133122	R B' R2 D B D2 B R2 B R' B2	282981
72561433321223	R B2 R2 B' D2 R' D R2 D2 R' D'	440698
63712542221111	R B R' B D B2 D2 R' B' R D2	324769
35416723232213	R D R' D' B' D' R2 B D' B2 D	347748
74325163131323	R B R D' B2 D B' R B D' B2	338766
35462171332331	R B2 R' B R' B' R B D2 B D2	326867
45367213111133	R B2 D2 R2 B D B' R2 D R' D	534925
17425631323223	R B D2 R' D R' D B D2 R D'	351547
41352671212112	R B R' B' D B' D2 R2 D R' B	363080
45312671222312	R B R' D2 R B' D2 R D R B2	298767
72561433311233	R D2 R2 D R' D R' B R' D B2	634509
41325671212211	R B D2 B' R2 D R' D2 R B D'	414018
45312673222112	R B R' D2 B' R2 B R' B2 D B'	195544
43615272113321	R B R2 B' D2 R2 B R B' R D2	386468
75264132321212	R B' R B' R2 B D2 R D' R2 D	214028
76312542322121	R B2 D B2 D R' D B2 D B R	220050
41726352313322	R B R2 D2 B R' B' R' D2 R2 B'	404405
63542713121333	R B' R B2 R D' R B' R' D2 B2	671909
76341251311313	R B2 R B2 R2 D' R D R' B2 R	289865
71643523331213	R B D2 B' D2 B' R D R' B D2	886770
36745213133111	R B2 R D2 R2 B' R B R' D2 R	293787
75264132121232	R B2 R' D R' B' R D B2 D B2	262097
76354121121212	R B2 R' B R2 B D R' B' D B2	184617
36745213131131	R B R B2 D' B' R B' R B2 D	177742
32561473222223	R B R B' D2 B R' D' B2 D2 R2	176705
76354122111212	R B' R D' R2 D R2 B D' R2 D	313344
75416323232213	R B R2 B' D2 B D' B R B' D2	381958
14367523311113	R D' R' B' R B' R' D2 R' D' B	539225
37615423121132	R B2 R2 B' D B2 R' D2 R D2 B'	285040
31275462223211	R B R2 B D' R2 D R2 D' B D'	256538
72146352232223	R B R2 B' R2 B R' D R B' D2	303829
41367253111133	R B' R2 B R2 B2 R B2 D B2 D'	374621
31275462312212	R B D2 B R' D2 R B2 R' B D'	523757
64275131212223	R B D2 R2 B' R' D B' D R2 D	471655
35267141321132	R' B D R' B2 R D' B R D2 B2	529170
12347651111111	R2 B' R B D B2 D B' D' R D'	2820014
67312542221111	R B' R' D2 R B' R2 D R2 D' R2	246588
25364172311231	R' B R B' D2 B D' B R B2 D2	519673
43621752213323	R B2 R B2 R2 B R2 D R2 D2 B2	317575
25413672323111	R' B R D' B2 D B' D R B2 D2	524249
45321671212211	R B D' B' D' R D2 B' D R2 D'	433616
75314621313212	R' B D B' D2 B R' B R B2 D2	545012
35246171113322	R B R' B D2 B2 D B R2 B D'	280165
32145671111111	R2 B' R B' D' B D2 B D R D'	1585755
23576412233321	R B D B' R' B D2 B D2 R' B2	234964
23576412312323	R B R B' R' D B2 D B2 R' B2	227162
35246172213311	R B2 R' D B2 D' R D2 B' D' R	310178
31654272313322	R B' R B2 R D' R B' D2 B R2	364898
54312672212111	R B R' D' R' D R2 B' D B2 D'	209433
62571432321233	R B' D' B2 D B' R2 D B2 D' R2	464832
16254733312223	R D R2 B' D' R2 D' B R B2 R	565183
51267342312233	R B' D B2 D B' R D' R' B2 D2	476876
73614251112323	R B D B2 D B' D' R D' R2 D'	300428
12734561112323	R B R D2 R D' B' D R' B2 D2	339026
52374161112323	R B R D2 R D' B' D R' D2 R2	341594
15642371111111	R2 D R' B D B2 R' D B D2 B'	561116
73624513121132	R D2 B' D2 R D' B R' B R' D	662271
51342672212111	R B' D R B2 R' B R2 D' B2 D	413157
41625372313211	R' D R' B D B2 R' D B D2 B'	702988
37624152311213	R B2 D' B2 R D' R B' R B' D	594582
42351671212211	R B' R D B2 D' R B2 D' R2 D	228371
73642511111111	R B2 R' D' R D2 B' D' R D' R2	355958
72134562312212	R B2 D' R2 B D' R B' D B' D	395445
51624731312123	R B2 R2 B R2 B' R2 D B' R2 B2	339610
34175263321232	R B2 R' B D2 R' B D B D' R2	216428
37612542221111	R B2 D2 R B2 R B' D' R' D2 R2	407262
27615432113321	R D R2 B2 D R2 D R B' R B2	511207
21346752313322	R D R2 B2 D R' D' R' B2 R2 D'	514078
35271461322233	R B R2 D2 B2 D' B' R' B R2 D'	295071
25341762313223	R2 B R' D R B2 D2 R' D2 R D	372097
47352612313211	R2 B' R2 B' R' D' R D2 B D' B	537830
41532672313211	R2 B' R D R' D2 R' D' B' D B2	548104
16345271111111	R2 D' R B' R' D R2 D B D B'	645094
76543211111111	R2 D' R B R B2 R D' B' R B'	642883
63172452313211	R2 B' R B R' D2 R' D' R' B D2	1477518
61352472313211	R2 B' R2 B' D' B' D R2 B R' D	2788124
24615372213311	R2 D R' B D R2 D B2 R2 D B	446271
73615421113322	R B D2 R2 B2 R' D' B' R D2 B'	295203
52341671111111	B R' B2 R' D' B' R D2 B R' D	1030522
45312672313211	B R2 B' R' D R2 B' D' B R' D2	1033591
12745631111111	B R' B R B' D2 B' R' B' R D2	1025264
41752632313211	B2 R B' R D R2 B' R B D2 B'	1208071
25714632313211	B R2 B' D' B D2 R' B' D R' B2	1034883
21354672313211	B2 R B' D R D2 B' R D R2 D'	1198250
54721631111111	B2 R' B R' D' B R2 B R B D'	1219746
14325671111111	B2 R' B R D B2 D R' B' R D'	1214156
